Name,Size / Usage,Context,Input,Digest,Updated,source,size_gb
granite-embedding:30m-english-q4_K_M,30MB,512,Text,772f63cb8959,1 year ago,ibm\granite-embedding.csv,0.029296875
granite-embedding:30m-english-q8_0,34MB,512,Text,b00a80937371,1 year ago,ibm\granite-embedding.csv,0.033203125
granite-embedding:30m,63MB,512,Text,eb4c533ba6f7,1 year ago,granite\granite-embedding.csv,0.0615234375
granite-embedding:30m-en,63MB,512,Text,eb4c533ba6f7,1 year ago,granite\granite-embedding.csv,0.0615234375
granite-embedding:30m-english-f16,63MB,512,Text,96e3c340e259,1 year ago,ibm\granite-embedding.csv,0.0615234375
granite-embedding:latest,63MB,512,Text,eb4c533ba6f7,1 year ago,granite\granite-embedding.csv,0.0615234375
granite-embedding:30m-en-fp16,63MB,512,Text,eb4c533ba6f7,1 year ago,granite\granite-embedding.csv,0.0615234375
granite-embedding:30m,63MB,512,Text,96e3c340e259,1 year ago,ibm\granite-embedding.csv,0.0615234375
granite-embedding:125m-english-q4_K_M,88MB,512,Text,9f919db9aa33,1 year ago,ibm\granite-embedding.csv,0.0859375
granite-embedding:107m-multilingual-q4_K_M,117MB,512,Text,68dc42680429,1 year ago,ibm\granite-embedding.csv,0.1142578125
granite-embedding:107m-multilingual-q8_0,121MB,512,Text,4b7625a1e347,1 year ago,ibm\granite-embedding.csv,0.1181640625
granite-embedding:125m-english-q8_0,135MB,512,Text,2375dd6b7253,1 year ago,ibm\granite-embedding.csv,0.1318359375
granite4:350m-h-base-q2_K,160MB,1M,Text,8ebc2d29ab98,10 months ago,ibm\granite4.csv,0.15625
granite4:350m-h-q2_K,160MB,1M,Text,095c6a011c36,10 months ago,ibm\granite4.csv,0.15625
granite4:350m-base-q2_K,181MB,32K,Text,c6b51e1b6648,10 months ago,ibm\granite4.csv,0.1767578125
granite4:350m-q2_K,181MB,32K,Text,4388094af88e,10 months ago,ibm\granite4.csv,0.1767578125
granite4:350m-h-q3_K_S,181MB,1M,Text,e376efd6da33,10 months ago,ibm\granite4.csv,0.1767578125
granite4:350m-h-base-q3_K_S,181MB,1M,Text,238f8ab7cce4,10 months ago,ibm\granite4.csv,0.1767578125
granite4:350m-h-q3_K_M,189MB,1M,Text,eca5dfd0dd8d,10 months ago,ibm\granite4.csv,0.1845703125
granite4:350m-h-base-q3_K_M,189MB,1M,Text,479207290be7,10 months ago,ibm\granite4.csv,0.1845703125
granite4:350m-h-base-q3_K_L,195MB,1M,Text,44c4aecd6f23,10 months ago,ibm\granite4.csv,0.1904296875
granite4:350m-q3_K_S,195MB,32K,Text,8e8f22f173de,10 months ago,ibm\granite4.csv,0.1904296875
granite4:350m-h-q3_K_L,195MB,1M,Text,ece1ad8bbde4,10 months ago,ibm\granite4.csv,0.1904296875
granite4:350m-base-q3_K_S,195MB,32K,Text,229dfb8c5522,10 months ago,ibm\granite4.csv,0.1904296875
granite4:350m-q3_K_M,208MB,32K,Text,f6f52d09dec5,10 months ago,ibm\granite4.csv,0.203125
granite4:350m-base-q3_K_M,208MB,32K,Text,2ac9fd2e0bc1,10 months ago,ibm\granite4.csv,0.203125
granite4:350m-h-base-q4_0,216MB,1M,Text,5e6fe39f6a5a,10 months ago,ibm\granite4.csv,0.2109375
granite4:350m-h-q4_0,216MB,1M,Text,b44a3d784081,10 months ago,ibm\granite4.csv,0.2109375
granite4:350m-h-base-q4_K_S,217MB,1M,Text,211ccef1e12f,10 months ago,ibm\granite4.csv,0.2119140625
granite4:350m-h-q4_K_S,217MB,1M,Text,4e601bfba0f9,10 months ago,ibm\granite4.csv,0.2119140625
granite-embedding:278m-multilingual-q4_K_M,219MB,512,Text,8afb0d9ae98c,1 year ago,ibm\granite-embedding.csv,0.2138671875
granite4:350m-q3_K_L,220MB,32K,Text,69bdc42d48f8,10 months ago,ibm\granite4.csv,0.21484375
granite4:350m-base-q3_K_L,220MB,32K,Text,573aad6445be,10 months ago,ibm\granite4.csv,0.21484375
granite-embedding:107m-multilingual-f16,221MB,512,Text,a15914a3ec39,1 year ago,ibm\granite-embedding.csv,0.2158203125
granite-embedding:107m,221MB,512,Text,a15914a3ec39,1 year ago,ibm\granite-embedding.csv,0.2158203125
granite4:350m-h-base-q4_K_M,223MB,1M,Text,3c0ab17eee9e,10 months ago,ibm\granite4.csv,0.2177734375
granite4:350m-h-q4_K_M,223MB,1M,Text,c1212b660941,10 months ago,ibm\granite4.csv,0.2177734375
granite4:350m-q4_0,228MB,32K,Text,605debddea6e,10 months ago,ibm\granite4.csv,0.22265625
granite4:350m-base-q4_0,228MB,32K,Text,36807bf6ab92,10 months ago,ibm\granite4.csv,0.22265625
granite4:350m-q4_K_S,229MB,32K,Text,224435010cf5,10 months ago,ibm\granite4.csv,0.2236328125
granite4:350m-base-q4_K_S,229MB,32K,Text,c491c3e10202,10 months ago,ibm\granite4.csv,0.2236328125
granite4:350m-h-base-q4_1,233MB,1M,Text,a763c30ad1d5,10 months ago,ibm\granite4.csv,0.2275390625
granite4:350m-h-q4_1,233MB,1M,Text,597cd01d0b83,10 months ago,ibm\granite4.csv,0.2275390625
granite4:350m-base-q4_K_M,237MB,32K,Text,9ac9d157eada,10 months ago,ibm\granite4.csv,0.2314453125
granite4:350m-q4_K_M,237MB,32K,Text,9b0e22699cc4,10 months ago,ibm\granite4.csv,0.2314453125
embeddinggemma:300m-qat-q4_0,239MB,2K,Text,101341d65c2c,12 months ago,gemma\embeddinggemma.csv,0.2333984375
gemma3:270m-it-qat,241MB,32K,Text,b16d6d39dfbd,1 year ago,gemma\gemma3.csv,0.2353515625
granite4:350m-base-q4_1,244MB,32K,Text,906025147b1b,10 months ago,ibm\granite4.csv,0.23828125
granite4:350m-q4_1,244MB,32K,Text,d64cc0cd6765,10 months ago,ibm\granite4.csv,0.23828125
granite4:350m-h-base-q5_0,249MB,1M,Text,a0deba5c7f45,10 months ago,ibm\granite4.csv,0.2431640625
granite4:350m-h-q5_K_S,249MB,1M,Text,ab20a438de09,10 months ago,ibm\granite4.csv,0.2431640625
granite4:350m-h-base-q5_K_S,249MB,1M,Text,145747056d3e,10 months ago,ibm\granite4.csv,0.2431640625
granite4:350m-h-q5_0,249MB,1M,Text,b2d1e545e535,10 months ago,ibm\granite4.csv,0.2431640625
granite-embedding:125m,251MB,512,Text,da69d7b4a7fe,1 year ago,ibm\granite-embedding.csv,0.2451171875
granite-embedding:125m-english-f16,251MB,512,Text,da69d7b4a7fe,1 year ago,ibm\granite-embedding.csv,0.2451171875
granite4:350m-h-base-q5_K_M,252MB,1M,Text,78ee04b78898,10 months ago,ibm\granite4.csv,0.24609375
granite4:350m-h-q5_K_M,252MB,1M,Text,5b6eaf05f3b1,10 months ago,ibm\granite4.csv,0.24609375
granite4:350m-base-q5_0,260MB,32K,Text,2e297eed9623,10 months ago,ibm\granite4.csv,0.25390625
granite4:350m-q5_K_S,260MB,32K,Text,cb191bbc0b2c,10 months ago,ibm\granite4.csv,0.25390625
granite4:350m-base-q5_K_S,260MB,32K,Text,16c442bbb92b,10 months ago,ibm\granite4.csv,0.25390625
granite4:350m-q5_0,260MB,32K,Text,a5348aa46c6d,10 months ago,ibm\granite4.csv,0.25390625
granite4:350m-q5_K_M,264MB,32K,Text,e342e0b9940f,10 months ago,ibm\granite4.csv,0.2578125
granite4:350m-base-q5_K_M,264MB,32K,Text,aa94f2db6668,10 months ago,ibm\granite4.csv,0.2578125
granite4:350m-h-q5_1,265MB,1M,Text,2f4731153821,10 months ago,ibm\granite4.csv,0.2587890625
granite4:350m-h-base-q5_1,265MB,1M,Text,8ca7d5740458,10 months ago,ibm\granite4.csv,0.2587890625
granite4:350m-base-q5_1,275MB,32K,Text,548757aaefbe,10 months ago,ibm\granite4.csv,0.2685546875
granite4:350m-q5_1,275MB,32K,Text,3df269de717b,10 months ago,ibm\granite4.csv,0.2685546875
granite4:350m-h-q6_K,284MB,1M,Text,52b034b7886b,10 months ago,ibm\granite4.csv,0.27734375
granite4:350m-h-base-q6_K,284MB,1M,Text,7923e6cdd952,10 months ago,ibm\granite4.csv,0.27734375
gemma3:270m-it-q8_0,292MB,32K,Text,e7d36fb2c3b3,1 year ago,gemma\gemma3.csv,0.28515625
gemma3:270m,292MB,32K,Text,e7d36fb2c3b3,1 year ago,gemma\gemma3.csv,0.28515625
granite4:350m-base-q6_K,293MB,32K,Text,c6e2f1a19d96,10 months ago,ibm\granite4.csv,0.2861328125
granite4:350m-q6_K,293MB,32K,Text,ce994e52918f,10 months ago,ibm\granite4.csv,0.2861328125
qwen:0.5b-chat-v1.5-q2_K,298MB,32K,Text,a16189bc79c0,2 years ago,qwen\qwen.csv,0.291015625
qwen:0.5b-text-v1.5-q2_K,298MB,32K,Text,6be7d85c1f37,2 years ago,qwen\qwen.csv,0.291015625
functiongemma:270m,301MB,32K,Text,7c19b650567a,8 months ago,gemma\functiongemma.csv,0.2939453125
functiongemma:270m-it-q8_0,301MB,32K,Text,7c19b650567a,8 months ago,gemma\functiongemma.csv,0.2939453125
functiongemma:latest,301MB,32K,Text,7c19b650567a,8 months ago,gemma\functiongemma.csv,0.2939453125
granite-embedding:278m-multilingual-q8_0,303MB,512,Text,c85c901b9611,1 year ago,ibm\granite-embedding.csv,0.2958984375
qwen:0.5b-chat-v1.5-q3_K_S,333MB,32K,Text,0bcee5f34ad7,2 years ago,qwen\qwen.csv,0.3251953125
qwen:0.5b-text-v1.5-q3_K_S,333MB,32K,Text,37eeb0d10fd8,2 years ago,qwen\qwen.csv,0.3251953125
qwen2.5:0.5b-base-q3_K_S,338MB,32K,Text,cf1fe7a28bac,1 year ago,qwen\qwen2.5.csv,0.330078125
qwen2.5-coder:0.5b-instruct-q3_K_S,338MB,32K,Text,8bb2ad3ffe61,1 year ago,qwen\qwen2.5-coder.csv,0.330078125
qwen2.5:0.5b-instruct-q3_K_S,338MB,32K,Text,2b61ae1bb74f,1 year ago,qwen\qwen2.5.csv,0.330078125
embeddinggemma:300m-qat-q8_0,338MB,2K,Text,e84a7acc2394,12 months ago,gemma\embeddinggemma.csv,0.330078125
qwen2.5-coder:0.5b-base-q3_K_S,338MB,32K,Text,e422e12f737e,1 year ago,qwen\qwen2.5-coder.csv,0.330078125
qwen2:0.5b-instruct-q3_K_S,338MB,32K,Text,ae41a13fd9b2,2 years ago,qwen\qwen2.csv,0.330078125
qwen2.5-coder:0.5b-instruct-q2_K,339MB,32K,Text,76b5ba6f676e,1 year ago,qwen\qwen2.5-coder.csv,0.3310546875
qwen2.5:0.5b-instruct-q2_K,339MB,32K,Text,fa66a85e7fe2,1 year ago,qwen\qwen2.5.csv,0.3310546875
qwen2.5-coder:0.5b-base-q2_K,339MB,32K,Text,d31a8a24175b,1 year ago,qwen\qwen2.5-coder.csv,0.3310546875
qwen2.5:0.5b-base-q2_K,339MB,32K,Text,b439066a7c50,1 year ago,qwen\qwen2.5.csv,0.3310546875
qwen2:0.5b-instruct-q2_K,339MB,32K,Text,06dda8c1519a,2 years ago,qwen\qwen2.csv,0.3310546875
qwen:0.5b-text-v1.5-q3_K_M,350MB,32K,Text,7b641307e2fe,2 years ago,qwen\qwen.csv,0.341796875
qwen:0.5b-chat-v1.5-q3_K_M,350MB,32K,Text,b18e5c255a90,2 years ago,qwen\qwen.csv,0.341796875
qwen2.5:0.5b-instruct-q4_0,352MB,32K,Text,44deb286b008,1 year ago,qwen\qwen2.5.csv,0.34375
qwen2.5-coder:0.5b-instruct-q4_0,352MB,32K,Text,563b972026e4,1 year ago,qwen\qwen2.5-coder.csv,0.34375
qwen2:0.5b,352MB,32K,Text,6f48b936a09f,2 years ago,qwen\qwen2.csv,0.34375
qwen2.5:0.5b-base-q4_0,352MB,32K,Text,a990247b9c63,1 year ago,qwen\qwen2.5.csv,0.34375
qwen2:0.5b-instruct,352MB,32K,Text,6f48b936a09f,2 years ago,qwen\qwen2.csv,0.34375
qwen2.5-coder:0.5b-base-q4_0,352MB,32K,Text,5b162945dc3f,1 year ago,qwen\qwen2.5-coder.csv,0.34375
qwen2:0.5b-instruct-q4_0,352MB,32K,Text,6f48b936a09f,2 years ago,qwen\qwen2.csv,0.34375
qwen2:0.5b-instruct-q3_K_M,355MB,32K,Text,2adbb16f0a5d,2 years ago,qwen\qwen2.csv,0.3466796875
qwen2.5:0.5b-base-q3_K_M,355MB,32K,Text,2b0f4078dcc1,1 year ago,qwen\qwen2.5.csv,0.3466796875
qwen2.5-coder:0.5b-base-q3_K_M,355MB,32K,Text,2f339fd12a48,1 year ago,qwen\qwen2.5-coder.csv,0.3466796875
qwen2.5-coder:0.5b-instruct-q3_K_M,355MB,32K,Text,bfa544a4a1e4,1 year ago,qwen\qwen2.5-coder.csv,0.3466796875
qwen2.5:0.5b-instruct-q3_K_M,355MB,32K,Text,a1b962ae1ffb,1 year ago,qwen\qwen2.5.csv,0.3466796875
qwen:0.5b-text-v1.5-q3_K_L,364MB,32K,Text,49837f2c5b03,2 years ago,qwen\qwen.csv,0.35546875
qwen:0.5b-chat-v1.5-q3_K_L,364MB,32K,Text,d184d2901228,2 years ago,qwen\qwen.csv,0.35546875
granite4:350m-h-q8_0,366MB,1M,Text,7145075ed3d6,10 months ago,ibm\granite4.csv,0.357421875
granite4:350m-h,366MB,1M,Text,7145075ed3d6,10 months ago,ibm\granite4.csv,0.357421875
granite4:350m-h-base-q8_0,366MB,1M,Text,fc639b9e4edb,10 months ago,ibm\granite4.csv,0.357421875
qwen2.5-coder:0.5b-instruct-q3_K_L,369MB,32K,Text,421e449ec2a2,1 year ago,qwen\qwen2.5-coder.csv,0.3603515625
qwen2:0.5b-instruct-q3_K_L,369MB,32K,Text,425aee1fa207,2 years ago,qwen\qwen2.csv,0.3603515625
qwen2.5:0.5b-base-q3_K_L,369MB,32K,Text,59bf60d67517,1 year ago,qwen\qwen2.5.csv,0.3603515625
qwen2.5-coder:0.5b-base-q3_K_L,369MB,32K,Text,4a05a175ece5,1 year ago,qwen\qwen2.5-coder.csv,0.3603515625
qwen2.5:0.5b-instruct-q3_K_L,369MB,32K,Text,2ea07e2fd539,1 year ago,qwen\qwen2.5.csv,0.3603515625
qwen2.5-coder:0.5b-instruct-q4_1,375MB,32K,Text,1a07144b5855,1 year ago,qwen\qwen2.5-coder.csv,0.3662109375
qwen2.5:0.5b-base-q4_1,375MB,32K,Text,50cc344abeb2,1 year ago,qwen\qwen2.5.csv,0.3662109375
qwen2:0.5b-instruct-q4_1,375MB,32K,Text,a1a9a139f5f4,2 years ago,qwen\qwen2.csv,0.3662109375
qwen2.5:0.5b-instruct-q4_1,375MB,32K,Text,61378941e31f,1 year ago,qwen\qwen2.5.csv,0.3662109375
qwen2.5-coder:0.5b-base-q4_1,375MB,32K,Text,27c4e36f2bf1,1 year ago,qwen\qwen2.5-coder.csv,0.3662109375
granite4:350m-base-q8_0,378MB,32K,Text,c2242b8fc00c,10 months ago,ibm\granite4.csv,0.369140625
granite4:350m-q8_0,378MB,32K,Text,ab70622bfd6d,10 months ago,ibm\granite4.csv,0.369140625
qwen2.5-coder:0.5b-instruct-q4_K_S,385MB,32K,Text,3260403e0ead,1 year ago,qwen\qwen2.5-coder.csv,0.3759765625
qwen2:0.5b-instruct-q4_K_S,385MB,32K,Text,f6898a38eeae,2 years ago,qwen\qwen2.csv,0.3759765625
qwen2.5:0.5b-base-q4_K_S,385MB,32K,Text,75db83387279,1 year ago,qwen\qwen2.5.csv,0.3759765625
qwen2.5-coder:0.5b-base-q4_K_S,385MB,32K,Text,fb9f36e97c1a,1 year ago,qwen\qwen2.5-coder.csv,0.3759765625
qwen2.5:0.5b-instruct-q4_K_S,385MB,32K,Text,6f4611e3bd35,1 year ago,qwen\qwen2.5.csv,0.3759765625
qwen:0.5b,395MB,32K,Text,b5dc5e784f2a,2 years ago,qwen\qwen.csv,0.3857421875
qwen:0.5b-chat,395MB,32K,Text,b5dc5e784f2a,2 years ago,qwen\qwen.csv,0.3857421875
qwen:0.5b-text,395MB,32K,Text,f92ac32068ca,2 years ago,qwen\qwen.csv,0.3857421875
qwen:0.5b-text-v1.5-q4_0,395MB,32K,Text,f92ac32068ca,2 years ago,qwen\qwen.csv,0.3857421875
qwen:0.5b-chat-v1.5-q4_0,395MB,32K,Text,b5dc5e784f2a,2 years ago,qwen\qwen.csv,0.3857421875
qwen2.5-coder:0.5b-instruct-q5_0,397MB,32K,Text,3f95976d5c24,1 year ago,qwen\qwen2.5-coder.csv,0.3876953125
qwen2.5:0.5b-instruct-q5_0,397MB,32K,Text,4a8f6fc82b6e,1 year ago,qwen\qwen2.5.csv,0.3876953125
qwen2:0.5b-instruct-q5_0,397MB,32K,Text,b17625f38956,2 years ago,qwen\qwen2.csv,0.3876953125
qwen:0.5b-chat-v1.5-q4_K_S,397MB,32K,Text,5d85925638c3,2 years ago,qwen\qwen.csv,0.3876953125
qwen2.5-coder:0.5b-base-q5_0,397MB,32K,Text,d913cffe15a5,1 year ago,qwen\qwen2.5-coder.csv,0.3876953125
qwen2.5:0.5b-base-q5_0,397MB,32K,Text,a30fbb649ad5,1 year ago,qwen\qwen2.5.csv,0.3876953125
qwen:0.5b-text-v1.5-q4_K_S,397MB,32K,Text,b0702a4235ed,2 years ago,qwen\qwen.csv,0.3876953125
qwen2.5-coder:0.5b-instruct-q4_K_M,398MB,32K,Text,4ff64a7f502a,1 year ago,qwen\qwen2.5-coder.csv,0.388671875
qwen2.5-coder:0.5b,398MB,32K,Text,4ff64a7f502a,1 year ago,qwen\qwen2.5-coder.csv,0.388671875
qwen2.5:0.5b-instruct,398MB,32K,Text,a8b0c5157701,1 year ago,qwen\qwen2.5.csv,0.388671875
qwen2.5:0.5b-instruct-q4_K_M,398MB,32K,Text,a8b0c5157701,1 year ago,qwen\qwen2.5.csv,0.388671875
qwen2.5:0.5b,398MB,32K,Text,a8b0c5157701,1 year ago,qwen\qwen2.5.csv,0.388671875
qwen2:0.5b-instruct-q4_K_M,398MB,32K,Text,19d15f48d098,2 years ago,qwen\qwen2.csv,0.388671875
qwen2.5-coder:0.5b-base-q4_K_M,398MB,32K,Text,a5e657de26cb,1 year ago,qwen\qwen2.5-coder.csv,0.388671875
qwen2.5:0.5b-base,398MB,32K,Text,24c564a74dea,1 year ago,qwen\qwen2.5.csv,0.388671875
qwen2.5:0.5b-base-q4_K_M,398MB,32K,Text,24c564a74dea,1 year ago,qwen\qwen2.5.csv,0.388671875
qwen2.5-coder:0.5b-instruct,398MB,32K,Text,4ff64a7f502a,1 year ago,qwen\qwen2.5-coder.csv,0.388671875
qwen:0.5b-chat-v1.5-q4_K_M,407MB,32K,Text,e1c9c6192a7e,2 years ago,qwen\qwen.csv,0.3974609375
qwen:0.5b-text-v1.5-q4_K_M,407MB,32K,Text,d8d0c86b10cd,2 years ago,qwen\qwen.csv,0.3974609375
qwen2.5:0.5b-base-q5_K_S,413MB,32K,Text,2484afe4f04e,1 year ago,qwen\qwen2.5.csv,0.4033203125
qwen2.5-coder:0.5b-base-q5_K_S,413MB,32K,Text,8a75bd23fad4,1 year ago,qwen\qwen2.5-coder.csv,0.4033203125
qwen2:0.5b-instruct-q5_K_S,413MB,32K,Text,dfba5ca4486a,2 years ago,qwen\qwen2.csv,0.4033203125
qwen2.5:0.5b-instruct-q5_K_S,413MB,32K,Text,5830fc2c0193,1 year ago,qwen\qwen2.5.csv,0.4033203125
qwen2.5-coder:0.5b-instruct-q5_K_S,413MB,32K,Text,6fcf5fa0efeb,1 year ago,qwen\qwen2.5-coder.csv,0.4033203125
qwen2.5-coder:0.5b-instruct-q5_1,419MB,32K,Text,fecbd9bca6f9,1 year ago,qwen\qwen2.5-coder.csv,0.4091796875
qwen2:0.5b-instruct-q5_1,419MB,32K,Text,76769ded76b2,2 years ago,qwen\qwen2.csv,0.4091796875
qwen2.5:0.5b-instruct-q5_1,419MB,32K,Text,95b03700b65c,1 year ago,qwen\qwen2.5.csv,0.4091796875
qwen2.5-coder:0.5b-base-q5_1,419MB,32K,Text,90fb0d5bbe28,1 year ago,qwen\qwen2.5-coder.csv,0.4091796875
qwen2.5:0.5b-base-q5_1,419MB,32K,Text,c3e31c5b32da,1 year ago,qwen\qwen2.5.csv,0.4091796875
qwen2.5-coder:0.5b-instruct-q5_K_M,420MB,32K,Text,415eac8f1777,1 year ago,qwen\qwen2.5-coder.csv,0.41015625
qwen2:0.5b-instruct-q5_K_M,420MB,32K,Text,d9515b0adb44,2 years ago,qwen\qwen2.csv,0.41015625
qwen2.5:0.5b-instruct-q5_K_M,420MB,32K,Text,0762ec590a8c,1 year ago,qwen\qwen2.5.csv,0.41015625
qwen2.5-coder:0.5b-base-q5_K_M,420MB,32K,Text,057639c6959e,1 year ago,qwen\qwen2.5-coder.csv,0.41015625
qwen:0.5b-text-v1.5-q4_1,424MB,32K,Text,8634f265be16,2 years ago,qwen\qwen.csv,0.4140625
qwen:0.5b-chat-v1.5-q4_1,424MB,32K,Text,1bf15c40f38e,2 years ago,qwen\qwen.csv,0.4140625
qwen:0.5b-text-v1.5-q5_0,453MB,32K,Text,3822065b797a,2 years ago,qwen\qwen.csv,0.4423828125
qwen:0.5b-chat-v1.5-q5_K_S,453MB,32K,Text,1cf5f7bb58c9,2 years ago,qwen\qwen.csv,0.4423828125
qwen:0.5b-text-v1.5-q5_K_S,453MB,32K,Text,4ea8ddc7c860,2 years ago,qwen\qwen.csv,0.4423828125
qwen:0.5b-chat-v1.5-q5_0,453MB,32K,Text,60ea3fa139a6,2 years ago,qwen\qwen.csv,0.4423828125
qwen:0.5b-chat-v1.5-q5_K_M,459MB,32K,Text,743996dfe09d,2 years ago,qwen\qwen.csv,0.4482421875
qwen:0.5b-text-v1.5-q5_K_M,459MB,32K,Text,dcedf0beaf7e,2 years ago,qwen\qwen.csv,0.4482421875
qwen:0.5b-chat-v1.5-q5_1,482MB,32K,Text,a60a006869f5,2 years ago,qwen\qwen.csv,0.470703125
qwen:0.5b-text-v1.5-q5_1,482MB,32K,Text,9f7ae5e6520b,2 years ago,qwen\qwen.csv,0.470703125
qwen2.5-coder:0.5b-base-q6_K,506MB,32K,Text,d71ccdf96af9,1 year ago,qwen\qwen2.5-coder.csv,0.494140625
qwen2:0.5b-instruct-q6_K,506MB,32K,Text,8e5bba81c7b5,2 years ago,qwen\qwen2.csv,0.494140625
qwen2.5:0.5b-instruct-q6_K,506MB,32K,Text,ac75f8387539,1 year ago,qwen\qwen2.5.csv,0.494140625
qwen2.5-coder:0.5b-instruct-q6_K,506MB,32K,Text,ec7f86cd81f6,1 year ago,qwen\qwen2.5-coder.csv,0.494140625
granite3.1-moe:1b-instruct-q2_K,512MB,128K,Text,6c48d7af9884,1 year ago,ibm\granite3.1-moe.csv,0.5
granite3-moe:1b-instruct-q2_K,512MB,4K,Text,a81a27cb71de,1 year ago,ibm\granite3-moe.csv,0.5
granite3.1-moe:1b-base-q2_K,512MB,128K,Text,4f5ae9bf84b7,1 year ago,ibm\granite3.1-moe.csv,0.5
granite3-moe:1b-instruct-q2_K,512MB,4K,Text,5965f707577c,1 year ago,granite\granite3-moe.csv,0.5
qwen:0.5b-text-v1.5-q6_K,515MB,32K,Text,c8c2e4f579df,2 years ago,qwen\qwen.csv,0.5029296875
qwen:0.5b-chat-v1.5-q6_K,515MB,32K,Text,0d79ae8737db,2 years ago,qwen\qwen.csv,0.5029296875
granite-docling:latest,522MB,8K,"Text, Image",c807e8d2c7e5,10 months ago,ibm\granite-docling.csv,0.509765625
granite-docling:258m-bf16,522MB,8K,"Text, Image",c4bb6f55fc69,10 months ago,ibm\granite-docling.csv,0.509765625
granite-docling:258m,522MB,8K,"Text, Image",c4bb6f55fc69,10 months ago,ibm\granite-docling.csv,0.509765625
qwen3:0.6b,523MB,40K,Text,7df6b6e09427,1 year ago,qwen\qwen3.csv,0.5107421875
qwen3:0.6b-q4_K_M,523MB,40K,Text,7df6b6e09427,1 year ago,qwen\qwen3.csv,0.5107421875
granite3.1-moe:1b-instruct-q2_K,524MB,128K,Text,6521a8fa2f7d,1 year ago,granite\granite3.1-moe.csv,0.51171875
granite3-moe:1b-base-q2_K,529MB,4K,Text,3bde6fd68cd9,1 year ago,ibm\granite3-moe.csv,0.5166015625
qwen2.5-coder:0.5b-instruct-q8_0,531MB,32K,Text,4270293369d4,1 year ago,qwen\qwen2.5-coder.csv,0.5185546875
qwen2.5-coder:0.5b-base-q8_0,531MB,32K,Text,a0a84cca0f91,1 year ago,qwen\qwen2.5-coder.csv,0.5185546875
qwen2.5:0.5b-instruct-q8_0,531MB,32K,Text,84d044692a2c,1 year ago,qwen\qwen2.5.csv,0.5185546875
qwen2.5-coder:0.5b-base,531MB,32K,Text,a0a84cca0f91,1 year ago,qwen\qwen2.5-coder.csv,0.5185546875
qwen2.5:0.5b-base-q8_0,531MB,32K,Text,db0459695543,1 year ago,qwen\qwen2.5.csv,0.5185546875
qwen2:0.5b-instruct-q8_0,531MB,32K,Text,6b8eef84f0bf,2 years ago,qwen\qwen2.csv,0.5185546875
gemma3:270m-it-fp16,543MB,32K,Text,a44af03dd6b3,1 year ago,gemma\gemma3.csv,0.5302734375
gemma3:270m-it-bf16,543MB,32K,Text,dc598b095ea6,1 year ago,gemma\gemma3.csv,0.5302734375
functiongemma:270m-it-fp16,552MB,32K,Text,ce6e8a1097cd,8 months ago,gemma\functiongemma.csv,0.5390625
granite-embedding:278m,563MB,512,Text,5125e69d1c0f,1 year ago,ibm\granite-embedding.csv,0.5498046875
granite-embedding:278m-multilingual-f16,563MB,512,Text,5125e69d1c0f,1 year ago,ibm\granite-embedding.csv,0.5498046875
granite-embedding:278m,563MB,512,Text,1a37926bf842,1 year ago,granite\granite-embedding.csv,0.5498046875
granite-embedding:278m-fp16,563MB,512,Text,1a37926bf842,1 year ago,granite\granite-embedding.csv,0.5498046875
llama3.2:1b-text-q2_K,581MB,128K,Text,1e2a8fc966e5,1 year ago,llama\llama3.2.csv,0.5673828125
llama3.2:1b-instruct-q2_K,581MB,128K,Text,3718017cfd4e,1 year ago,llama\llama3.2.csv,0.5673828125
granite4:1b-h-base-q2_K,589MB,1M,Text,85298a97e1a8,10 months ago,ibm\granite4.csv,0.5751953125
granite4:1b-h-q2_K,589MB,1M,Text,10881bb567b9,10 months ago,ibm\granite4.csv,0.5751953125
granite3.1-moe:1b-base-q3_K_S,598MB,128K,Text,008c5eeae403,1 year ago,ibm\granite3.1-moe.csv,0.583984375
granite3-moe:1b-instruct-q3_K_S,598MB,4K,Text,cab9e1d32d19,1 year ago,granite\granite3-moe.csv,0.583984375
granite3-moe:1b-instruct-q3_K_S,598MB,4K,Text,a8a44fdf4a25,1 year ago,ibm\granite3-moe.csv,0.583984375
granite3.1-moe:1b-instruct-q3_K_S,598MB,128K,Text,74178e358028,1 year ago,ibm\granite3.1-moe.csv,0.583984375
granite3.1-moe:1b-instruct-q3_K_S,610MB,128K,Text,c81277fe1196,1 year ago,granite\granite3.1-moe.csv,0.595703125
granite3-moe:1b-base-q3_K_S,619MB,4K,Text,cd0c15ff751e,1 year ago,ibm\granite3-moe.csv,0.6044921875
embeddinggemma:latest,622MB,2K,Text,85462619ee72,12 months ago,gemma\embeddinggemma.csv,0.607421875
embeddinggemma:300m-bf16,622MB,2K,Text,85462619ee72,12 months ago,gemma\embeddinggemma.csv,0.607421875
embeddinggemma:300m,622MB,2K,Text,85462619ee72,12 months ago,gemma\embeddinggemma.csv,0.607421875
deepseek-coder:1.3b-instruct-q2_K,632MB,16K,Text,1ad28239dd09,2 years ago,deepseek\deepseek-coder.csv,0.6171875
deepseek-coder:1.3b-base-q2_K,632MB,16K,Text,b4f8c7285df8,2 years ago,deepseek\deepseek-coder.csv,0.6171875
qwen3-embedding:0.6b,639MB,32K,Text,ac6da0dfba84,11 months ago,qwen\qwen3-embedding.csv,0.6240234375
qwen3-embedding:0.6b-q8_0,639MB,32K,Text,ac6da0dfba84,11 months ago,qwen\qwen3-embedding.csv,0.6240234375
llama3.2:1b-instruct-q3_K_S,642MB,128K,Text,109ea9f8f55f,1 year ago,llama\llama3.2.csv,0.626953125
llama3.2:1b-text-q3_K_S,642MB,128K,Text,c74a13c9d01e,1 year ago,llama\llama3.2.csv,0.626953125
deepseek-coder:1.3b-base-q3_K_S,659MB,16K,Text,3a3c3bc11d11,2 years ago,deepseek\deepseek-coder.csv,0.6435546875
granite3.1-moe:1b-instruct-q3_K_M,659MB,128K,Text,9c633a5e3790,1 year ago,ibm\granite3.1-moe.csv,0.6435546875
deepseek-coder:1.3b-instruct-q3_K_S,659MB,16K,Text,4c1eaf4c63f8,2 years ago,deepseek\deepseek-coder.csv,0.6435546875
granite3.1-moe:1b-base-q3_K_M,659MB,128K,Text,0e2f7fc14512,1 year ago,ibm\granite3.1-moe.csv,0.6435546875
granite3-moe:1b-instruct-q3_K_M,659MB,4K,Text,ee08f6aba672,1 year ago,ibm\granite3-moe.csv,0.6435546875
granite3-moe:1b-instruct-q3_K_M,659MB,4K,Text,ea6a79b9b3cc,1 year ago,granite\granite3-moe.csv,0.6435546875
qwen:0.5b-text-v1.5-q8_0,665MB,32K,Text,c92fe3f525ea,2 years ago,qwen\qwen.csv,0.6494140625
qwen:0.5b-chat-v1.5-q8_0,665MB,32K,Text,38781999773b,2 years ago,qwen\qwen.csv,0.6494140625
llama-guard3:1b-q2_K,667MB,128K,Text,4f4a8f765204,1 year ago,llama\llama-guard3.csv,0.6513671875
granite3.1-moe:1b-instruct-q3_K_M,671MB,128K,Text,a9921af691fb,1 year ago,granite\granite3.1-moe.csv,0.6552734375
qwen2.5:1.5b-instruct-q2_K,676MB,32K,Text,c239521b8b51,1 year ago,qwen\qwen2.5.csv,0.66015625
qwen2:1.5b-instruct-q2_K,676MB,32K,Text,7851c5581bce,2 years ago,qwen\qwen2.csv,0.66015625
qwen2.5-coder:1.5b-instruct-q2_K,676MB,32K,Text,5008a5a67b13,1 year ago,qwen\qwen2.5-coder.csv,0.66015625
qwen2.5-coder:1.5b-base-q2_K,676MB,32K,Text,21495720163c,1 year ago,qwen\qwen2.5-coder.csv,0.66015625
granite3-moe:1b-base-q3_K_M,680MB,4K,Text,30c6e9bd419c,1 year ago,ibm\granite3-moe.csv,0.6640625
granite4:350m-h-base-bf16,685MB,1M,Text,d0e2a7befca8,10 months ago,ibm\granite4.csv,0.6689453125
granite4:350m-h-f16,685MB,1M,Text,ee5b4752df5b,10 months ago,ibm\granite4.csv,0.6689453125
granite4:350m-h-base-f16,685MB,1M,Text,ab2c68ebd903,10 months ago,ibm\granite4.csv,0.6689453125
granite4:350m-h-bf16,685MB,1M,Text,c0e597002a17,10 months ago,ibm\granite4.csv,0.6689453125
llama3.2:1b-text-q3_K_M,691MB,128K,Text,3bbcd4bb53ad,1 year ago,llama\llama3.2.csv,0.6748046875
llama3.2:1b-instruct-q3_K_M,691MB,128K,Text,8459ea7be88f,1 year ago,llama\llama3.2.csv,0.6748046875
granite4:1b-h-base-q3_K_S,695MB,1M,Text,04d1bd28c0d1,10 months ago,ibm\granite4.csv,0.6787109375
granite4:1b-h-q3_K_S,695MB,1M,Text,f691cbdffe22,10 months ago,ibm\granite4.csv,0.6787109375
granite4:1b-base-q2_K,702MB,128K,Text,058f7f8a5050,10 months ago,ibm\granite4.csv,0.685546875
granite4:1b-q2_K,702MB,128K,Text,fa4051ba3820,10 months ago,ibm\granite4.csv,0.685546875
deepseek-coder:1.3b-instruct-q3_K_M,705MB,16K,Text,1cd27a52ef39,2 years ago,deepseek\deepseek-coder.csv,0.6884765625
deepseek-coder:1.3b-base-q3_K_M,705MB,16K,Text,08722dd8ec98,2 years ago,deepseek\deepseek-coder.csv,0.6884765625
granite4:350m-f16,708MB,32K,Text,5f406a30dfcd,10 months ago,ibm\granite4.csv,0.69140625
granite4:350m-base-f16,708MB,32K,Text,db71f755768b,10 months ago,ibm\granite4.csv,0.69140625
granite4:350m-base-bf16,708MB,32K,Text,e22733e34ef0,10 months ago,ibm\granite4.csv,0.69140625
granite4:350m-bf16,708MB,32K,Text,5eee845b49c4,10 months ago,ibm\granite4.csv,0.69140625
granite4:350m,708MB,32K,Text,5eee845b49c4,10 months ago,ibm\granite4.csv,0.69140625
granite3-moe:1b-instruct-q3_K_L,711MB,4K,Text,cce9d2fec272,1 year ago,ibm\granite3-moe.csv,0.6943359375
granite3.1-moe:1b-base-q3_K_L,711MB,128K,Text,07fc3b31653e,1 year ago,ibm\granite3.1-moe.csv,0.6943359375
granite3.1-moe:1b-instruct-q3_K_L,711MB,128K,Text,a3c5aa2de112,1 year ago,ibm\granite3.1-moe.csv,0.6943359375
granite3-moe:1b-instruct-q3_K_L,711MB,4K,Text,bbb955565d3d,1 year ago,granite\granite3-moe.csv,0.6943359375
granite3.1-moe:1b-instruct-q3_K_L,724MB,128K,Text,38e819bae7cb,1 year ago,granite\granite3.1-moe.csv,0.70703125
granite4:1b-h-q3_K_M,732MB,1M,Text,45a24969d797,10 months ago,ibm\granite4.csv,0.71484375
granite4:1b-h-base-q3_K_M,732MB,1M,Text,9a94d8a83cda,10 months ago,ibm\granite4.csv,0.71484375
llama3.2:1b-text-q3_K_L,733MB,128K,Text,62d0627d1f48,1 year ago,llama\llama3.2.csv,0.7158203125
granite3-moe:1b-base-q3_K_L,733MB,4K,Text,3c85e3423f9d,1 year ago,ibm\granite3-moe.csv,0.7158203125
llama3.2:1b-instruct-q3_K_L,733MB,128K,Text,1a709e91d2fb,1 year ago,llama\llama3.2.csv,0.7158203125
deepseek-coder:1.3b-base-q3_K_L,745MB,16K,Text,9884474f8e97,2 years ago,deepseek\deepseek-coder.csv,0.7275390625
deepseek-coder:1.3b-instruct-q3_K_L,745MB,16K,Text,0d2f32faf31e,2 years ago,deepseek\deepseek-coder.csv,0.7275390625
llama-guard3:1b-q3_K_S,755MB,128K,Text,ba60616a0c42,1 year ago,llama\llama-guard3.csv,0.7373046875
qwen2:1.5b-instruct-q3_K_S,761MB,32K,Text,980b3bdef07c,2 years ago,qwen\qwen2.csv,0.7431640625
qwen2.5-coder:1.5b-instruct-q3_K_S,761MB,32K,Text,50b6466504f4,1 year ago,qwen\qwen2.5-coder.csv,0.7431640625
qwen2.5:1.5b-instruct-q3_K_S,761MB,32K,Text,2ead4934f6e9,1 year ago,qwen\qwen2.5.csv,0.7431640625
qwen2.5-coder:1.5b-base-q3_K_S,761MB,32K,Text,a8bf69c72535,1 year ago,qwen\qwen2.5-coder.csv,0.7431640625
granite4:1b-h-q3_K_L,763MB,1M,Text,9996a7ac4deb,10 months ago,ibm\granite4.csv,0.7451171875
granite4:1b-h-base-q3_K_L,763MB,1M,Text,9de46b2c53ea,10 months ago,ibm\granite4.csv,0.7451171875
granite3-moe:1b-instruct-q4_0,768MB,4K,Text,2ec20367b8e4,1 year ago,ibm\granite3-moe.csv,0.75
granite3-moe:1b-instruct-q4_0,768MB,4K,Text,9b6ee4c08df8,1 year ago,granite\granite3-moe.csv,0.75
granite3.1-moe:1b-base-q4_0,768MB,128K,Text,9ce38673700d,1 year ago,ibm\granite3.1-moe.csv,0.75
granite3.1-moe:1b-instruct-q4_0,768MB,128K,Text,ccae5a934aa0,1 year ago,ibm\granite3.1-moe.csv,0.75
llama3.2:1b-text-q4_0,771MB,128K,Text,33ce72b3b1b1,1 year ago,llama\llama3.2.csv,0.7529296875
llama3.2:1b-instruct-q4_0,771MB,128K,Text,53f2745c8077,1 year ago,llama\llama3.2.csv,0.7529296875
granite3.1-moe:1b-base-q4_K_S,775MB,128K,Text,3eef8013fd1e,1 year ago,ibm\granite3.1-moe.csv,0.7568359375
granite3-moe:1b-instruct-q4_K_S,775MB,4K,Text,76e6392d08a3,1 year ago,granite\granite3-moe.csv,0.7568359375
granite3-moe:1b-instruct-q4_K_S,775MB,4K,Text,80e10919162f,1 year ago,ibm\granite3-moe.csv,0.7568359375
granite3.1-moe:1b-instruct-q4_K_S,775MB,128K,Text,8490555d7cdd,1 year ago,ibm\granite3.1-moe.csv,0.7568359375
deepseek-coder:1.3b-base,776MB,16K,Text,3b417b786925,2 years ago,deepseek\deepseek-coder.csv,0.7578125
llama3.2:1b-instruct-q4_K_S,776MB,128K,Text,f56eaefc2343,1 year ago,llama\llama3.2.csv,0.7578125
deepseek-coder:1.3b-instruct,776MB,16K,Text,3ddd2d3fc8d2,2 years ago,deepseek\deepseek-coder.csv,0.7578125
deepseek-coder:instruct,776MB,16K,Text,3ddd2d3fc8d2,2 years ago,deepseek\deepseek-coder.csv,0.7578125
deepseek-coder:1.3b-base-q4_0,776MB,16K,Text,3b417b786925,2 years ago,deepseek\deepseek-coder.csv,0.7578125
deepseek-coder:1.3b-instruct-q4_0,776MB,16K,Text,3ddd2d3fc8d2,2 years ago,deepseek\deepseek-coder.csv,0.7578125
llama3.2:1b-text-q4_K_S,776MB,128K,Text,06bf8ed406f1,1 year ago,llama\llama3.2.csv,0.7578125
deepseek-coder:latest,776MB,16K,Text,3ddd2d3fc8d2,2 years ago,deepseek\deepseek-coder.csv,0.7578125
deepseek-coder:1.3b,776MB,16K,Text,3ddd2d3fc8d2,2 years ago,deepseek\deepseek-coder.csv,0.7578125
deepseek-coder:base,776MB,16K,Text,3b417b786925,2 years ago,deepseek\deepseek-coder.csv,0.7578125
granite3.1-moe:1b-instruct-q4_0,781MB,128K,Text,f1e180ae50b0,1 year ago,granite\granite3.1-moe.csv,0.7626953125
granite4:1b-base-q3_K_S,786MB,128K,Text,702676384ab6,10 months ago,ibm\granite4.csv,0.767578125
granite4:1b-q3_K_S,786MB,128K,Text,ac1ed87332d8,10 months ago,ibm\granite4.csv,0.767578125
granite3.1-moe:1b-instruct-q4_K_S,787MB,128K,Text,531849afb99e,1 year ago,granite\granite3.1-moe.csv,0.7685546875
granite3-moe:1b-base-q4_0,797MB,4K,Text,bf0c85742d1a,1 year ago,ibm\granite3-moe.csv,0.7783203125
granite3-moe:1b-base-q4_K_S,803MB,4K,Text,d5da58ee49b9,1 year ago,ibm\granite3-moe.csv,0.7841796875
llama-guard3:1b-q3_K_M,804MB,128K,Text,b78caaa936b2,1 year ago,llama\llama-guard3.csv,0.78515625
llama3.2:1b-text-q4_K_M,808MB,128K,Text,131cc658d843,1 year ago,llama\llama3.2.csv,0.7890625
llama3.2:1b-instruct-q4_K_M,808MB,128K,Text,22bc6b92eb01,1 year ago,llama\llama3.2.csv,0.7890625
deepseek-coder:1.3b-instruct-q4_K_S,815MB,16K,Text,47ca84afbf6d,2 years ago,deepseek\deepseek-coder.csv,0.7958984375
gemma3:1b,815MB,32K,Text,8648f39daa8f,1 year ago,gemma\gemma3.csv,0.7958984375
gemma3:1b-it-q4_K_M,815MB,32K,Text,8648f39daa8f,1 year ago,gemma\gemma3.csv,0.7958984375
deepseek-coder:1.3b-base-q4_K_S,815MB,16K,Text,2c83b95953cd,2 years ago,deepseek\deepseek-coder.csv,0.7958984375
granite3-moe:1b,822MB,4K,Text,d84e1e38ee39,1 year ago,granite\granite3-moe.csv,0.802734375
granite3-moe:1b,822MB,4K,Text,412eea6889de,1 year ago,ibm\granite3-moe.csv,0.802734375
granite3-moe:latest,822MB,4K,Text,d84e1e38ee39,1 year ago,granite\granite3-moe.csv,0.802734375
granite3-moe:1b-instruct-q4_K_M,822MB,4K,Text,d84e1e38ee39,1 year ago,granite\granite3-moe.csv,0.802734375
granite3.1-moe:1b,822MB,128K,Text,510368d8951b,1 year ago,ibm\granite3.1-moe.csv,0.802734375
granite3.1-moe:1b-instruct-q4_K_M,822MB,128K,Text,510368d8951b,1 year ago,ibm\granite3.1-moe.csv,0.802734375
granite3-moe:1b-instruct-q4_K_M,822MB,4K,Text,412eea6889de,1 year ago,ibm\granite3-moe.csv,0.802734375
granite3.1-moe:1b-base-q4_K_M,822MB,128K,Text,ca456fb7a8c6,1 year ago,ibm\granite3.1-moe.csv,0.802734375
qwen2.5:1.5b-instruct-q3_K_M,824MB,32K,Text,5a4d48f91dab,1 year ago,qwen\qwen2.5.csv,0.8046875
qwen2:1.5b-instruct-q3_K_M,824MB,32K,Text,4a143b4bca71,2 years ago,qwen\qwen2.csv,0.8046875
qwen2.5-coder:1.5b-base-q3_K_M,824MB,32K,Text,c60d4f18ee47,1 year ago,qwen\qwen2.5-coder.csv,0.8046875
qwen2.5-coder:1.5b-instruct-q3_K_M,824MB,32K,Text,3100989a4f7e,1 year ago,qwen\qwen2.5-coder.csv,0.8046875
qwen3:0.6b-q8_0,832MB,40K,Text,f6358994266d,1 year ago,qwen\qwen3.csv,0.8125
llama3.2:1b-instruct-q4_1,832MB,128K,Text,6163c9206d44,1 year ago,llama\llama3.2.csv,0.8125
llama3.2:1b-text-q4_1,832MB,128K,Text,280b5553539c,1 year ago,llama\llama3.2.csv,0.8125
granite3.1-moe:1b-instruct-q4_K_M,834MB,128K,Text,f825ee9e296f,1 year ago,granite\granite3.1-moe.csv,0.814453125
llama-guard3:1b-q3_K_L,845MB,128K,Text,56573dbb7522,1 year ago,llama\llama-guard3.csv,0.8251953125
granite3.1-moe:1b-base-q4_1,849MB,128K,Text,a9595d72e87d,1 year ago,ibm\granite3.1-moe.csv,0.8291015625
granite3.1-moe:1b-instruct-q4_1,849MB,128K,Text,f7f109bb91ea,1 year ago,ibm\granite3.1-moe.csv,0.8291015625
granite3-moe:1b-instruct-q4_1,849MB,4K,Text,64cb2cb753a0,1 year ago,ibm\granite3-moe.csv,0.8291015625
granite3-moe:1b-instruct-q4_1,849MB,4K,Text,c3aa5d722767,1 year ago,granite\granite3-moe.csv,0.8291015625
granite3-moe:1b-base-q4_K_M,850MB,4K,Text,bf5713f93334,1 year ago,ibm\granite3-moe.csv,0.830078125
qwen:1.8b-chat-q2_K,853MB,8K,Text,467dbacce487,2 years ago,qwen\qwen.csv,0.8330078125
qwen:1.8b-text-q2_K,853MB,8K,Text,25e8928e67d8,2 years ago,qwen\qwen.csv,0.8330078125
deepseek-coder:1.3b-base-q4_1,856MB,16K,Text,75c6c24f8b9a,2 years ago,deepseek\deepseek-coder.csv,0.8359375
deepseek-coder:1.3b-instruct-q4_1,856MB,16K,Text,403b7eec078d,2 years ago,deepseek\deepseek-coder.csv,0.8359375
granite4:1b-q3_K_M,860MB,128K,Text,ceb1c75e26f1,10 months ago,ibm\granite4.csv,0.83984375
granite4:1b-base-q3_K_M,860MB,128K,Text,4952c67a331f,10 months ago,ibm\granite4.csv,0.83984375
granite3.1-moe:1b-instruct-q4_1,861MB,128K,Text,d62c69d05bc9,1 year ago,granite\granite3.1-moe.csv,0.8408203125
qwen:1.8b-chat-v1.5-q2_K,863MB,32K,Text,5ec5deec0331,2 years ago,qwen\qwen.csv,0.8427734375
qwen:1.8b-text-v1.5-q2_K,863MB,32K,Text,9fbae281c54a,2 years ago,qwen\qwen.csv,0.8427734375
granite4:1b-h-base-q4_0,868MB,1M,Text,5e5794340010,10 months ago,ibm\granite4.csv,0.84765625
granite4:1b-h-q4_0,868MB,1M,Text,02302f39df66,10 months ago,ibm\granite4.csv,0.84765625
granite4:1b-h-q4_K_S,873MB,1M,Text,24456b5fd2da,10 months ago,ibm\granite4.csv,0.8525390625
granite4:1b-h-base-q4_K_S,873MB,1M,Text,cb390dcab69a,10 months ago,ibm\granite4.csv,0.8525390625
deepseek-coder:1.3b-base-q4_K_M,874MB,16K,Text,4e17652b15c5,2 years ago,deepseek\deepseek-coder.csv,0.853515625
deepseek-coder:1.3b-instruct-q4_K_M,874MB,16K,Text,d84d8a173290,2 years ago,deepseek\deepseek-coder.csv,0.853515625
granite3-moe:1b-base-q4_1,880MB,4K,Text,23f343d74126,1 year ago,ibm\granite3-moe.csv,0.859375
qwen2:1.5b-instruct-q3_K_L,880MB,32K,Text,2c7ac92e9b2a,2 years ago,qwen\qwen2.csv,0.859375
qwen2.5:1.5b-instruct-q3_K_L,880MB,32K,Text,b16c18a133fa,1 year ago,qwen\qwen2.5.csv,0.859375
qwen2.5-coder:1.5b-base-q3_K_L,880MB,32K,Text,4426c1041b69,1 year ago,qwen\qwen2.5-coder.csv,0.859375
qwen2.5-coder:1.5b-instruct-q3_K_L,880MB,32K,Text,ec7d0b60e2cd,1 year ago,qwen\qwen2.5-coder.csv,0.859375
llama3.2:1b-instruct-q5_0,893MB,128K,Text,e903048bd12a,1 year ago,llama\llama3.2.csv,0.8720703125
llama3.2:1b-text-q5_0,893MB,128K,Text,b51a18e69a04,1 year ago,llama\llama3.2.csv,0.8720703125
llama3.2:1b-instruct-q5_K_S,893MB,128K,Text,751fb3907a1a,1 year ago,llama\llama3.2.csv,0.8720703125
llama3.2:1b-text-q5_K_S,893MB,128K,Text,297b115ffc1d,1 year ago,llama\llama3.2.csv,0.8720703125
granite4:1b-h-base-q4_K_M,901MB,1M,Text,1b08c9e641aa,10 months ago,ibm\granite4.csv,0.8798828125
granite4:1b-h-q4_K_M,901MB,1M,Text,0edb9a6ca284,10 months ago,ibm\granite4.csv,0.8798828125
llama3.2:1b-text-q5_K_M,912MB,128K,Text,87388f217df5,1 year ago,llama\llama3.2.csv,0.890625
llama3.2:1b-instruct-q5_K_M,912MB,128K,Text,3df5a9009be6,1 year ago,llama\llama3.2.csv,0.890625
llama-guard3:1b-q4_0,919MB,128K,Text,9ef1b1d8bcf1,1 year ago,llama\llama-guard3.csv,0.8974609375
llama-guard3:1b-q4_K_S,923MB,128K,Text,c704818a1eb7,1 year ago,llama\llama-guard3.csv,0.9013671875
granite4:1b-q3_K_L,926MB,128K,Text,43668b72fe11,10 months ago,ibm\granite4.csv,0.904296875
granite4:1b-base-q3_K_L,926MB,128K,Text,65ffca9fa61c,10 months ago,ibm\granite4.csv,0.904296875
granite3-moe:1b-instruct-q5_0,929MB,4K,Text,f49b9c68d958,1 year ago,granite\granite3-moe.csv,0.9072265625
granite3.1-moe:1b-base-q5_K_S,929MB,128K,Text,7c12116ef9d6,1 year ago,ibm\granite3.1-moe.csv,0.9072265625
granite3.1-moe:1b-instruct-q5_0,929MB,128K,Text,275b4a3cdc41,1 year ago,ibm\granite3.1-moe.csv,0.9072265625
granite3-moe:1b-instruct-q5_K_S,929MB,4K,Text,427124d0793f,1 year ago,granite\granite3-moe.csv,0.9072265625
granite3-moe:1b-instruct-q5_K_S,929MB,4K,Text,3269f94b9141,1 year ago,ibm\granite3-moe.csv,0.9072265625
granite3-moe:1b-instruct-q5_0,929MB,4K,Text,f5b0ed0fd0ad,1 year ago,ibm\granite3-moe.csv,0.9072265625
granite3.1-moe:1b-instruct-q5_K_S,929MB,128K,Text,b5a7417ac31b,1 year ago,ibm\granite3.1-moe.csv,0.9072265625
granite3.1-moe:1b-base-q5_0,929MB,128K,Text,97bfbc6ea723,1 year ago,ibm\granite3.1-moe.csv,0.9072265625
qwen2.5:1.5b-instruct-q4_0,935MB,32K,Text,635e70c8687b,1 year ago,qwen\qwen2.5.csv,0.9130859375
qwen2.5-coder:1.5b-instruct-q4_0,935MB,32K,Text,27dfe771df04,1 year ago,qwen\qwen2.5-coder.csv,0.9130859375
qwen2.5-coder:1.5b-base-q4_0,935MB,32K,Text,d7b55910863e,1 year ago,qwen\qwen2.5-coder.csv,0.9130859375
qwen2:1.5b-instruct-q4_0,935MB,32K,Text,f6daf2b25194,2 years ago,qwen\qwen2.csv,0.9130859375
qwen2:1.5b-instruct,935MB,32K,Text,f6daf2b25194,2 years ago,qwen\qwen2.csv,0.9130859375
qwen2:1.5b,935MB,32K,Text,f6daf2b25194,2 years ago,qwen\qwen2.csv,0.9130859375
deepseek-coder:1.3b-instruct-q5_0,936MB,16K,Text,5f4cd944cf61,2 years ago,deepseek\deepseek-coder.csv,0.9140625
deepseek-coder:1.3b-base-q5_0,936MB,16K,Text,2d4798d07377,2 years ago,deepseek\deepseek-coder.csv,0.9140625
qwen2.5-coder:1.5b-instruct-q4_K_S,940MB,32K,Text,0c75bb7da9d0,1 year ago,qwen\qwen2.5-coder.csv,0.91796875
qwen2:1.5b-instruct-q4_K_S,940MB,32K,Text,976868269c51,2 years ago,qwen\qwen2.csv,0.91796875
qwen2.5:1.5b-instruct-q4_K_S,940MB,32K,Text,17dd5468f0a7,1 year ago,qwen\qwen2.5.csv,0.91796875
qwen2.5-coder:1.5b-base-q4_K_S,940MB,32K,Text,08ec5a15b673,1 year ago,qwen\qwen2.5-coder.csv,0.91796875
granite3.1-moe:1b-instruct-q5_K_S,941MB,128K,Text,fcc3d042cf51,1 year ago,granite\granite3.1-moe.csv,0.9189453125
granite3.1-moe:1b-instruct-q5_0,941MB,128K,Text,3d8012283ac9,1 year ago,granite\granite3.1-moe.csv,0.9189453125
granite4:1b-h-q4_1,950MB,1M,Text,8eb7be51e860,10 months ago,ibm\granite4.csv,0.927734375
granite4:1b-h-base-q4_1,950MB,1M,Text,548994e31191,10 months ago,ibm\granite4.csv,0.927734375
deepseek-coder:1.3b-instruct-q5_K_S,953MB,16K,Text,ca290ca9a10a,2 years ago,deepseek\deepseek-coder.csv,0.9306640625
llama3.2:1b-text-q5_1,953MB,128K,Text,b495a5b181dd,1 year ago,llama\llama3.2.csv,0.9306640625
deepseek-coder:1.3b-base-q5_K_S,953MB,16K,Text,f2689d6fec98,2 years ago,deepseek\deepseek-coder.csv,0.9306640625
llama3.2:1b-instruct-q5_1,953MB,128K,Text,910be2666935,1 year ago,llama\llama3.2.csv,0.9306640625
llama-guard3:1b-q4_K_M,955MB,128K,Text,f00008beff55,1 year ago,llama\llama-guard3.csv,0.9326171875
granite3.1-moe:1b-instruct-q5_K_M,956MB,128K,Text,fe232dba3829,1 year ago,ibm\granite3.1-moe.csv,0.93359375
granite3-moe:1b-instruct-q5_K_M,956MB,4K,Text,0f7b50af0817,1 year ago,ibm\granite3-moe.csv,0.93359375
granite3-moe:1b-instruct-q5_K_M,956MB,4K,Text,c51ea1c8bab3,1 year ago,granite\granite3-moe.csv,0.93359375
granite3.1-moe:1b-base-q5_K_M,956MB,128K,Text,a8c103ddab62,1 year ago,ibm\granite3.1-moe.csv,0.93359375
granite3-moe:1b-base-q5_K_S,963MB,4K,Text,b01d5ecb7f71,1 year ago,ibm\granite3-moe.csv,0.9404296875
granite3-moe:1b-base-q5_0,963MB,4K,Text,229e3fac3caf,1 year ago,ibm\granite3-moe.csv,0.9404296875
granite3.1-moe:1b-instruct-q5_K_M,969MB,128K,Text,6c0ad5f8dbc5,1 year ago,granite\granite3.1-moe.csv,0.9462890625
qwen:1.8b-text-v1.5-q3_K_S,970MB,32K,Text,cfddca3d7609,2 years ago,qwen\qwen.csv,0.947265625
qwen:1.8b-chat-q3_K_S,970MB,8K,Text,9c807784e6fb,2 years ago,qwen\qwen.csv,0.947265625
qwen:1.8b-text-q3_K_S,970MB,8K,Text,6d276d0b0e4d,2 years ago,qwen\qwen.csv,0.947265625
qwen:1.8b-chat-v1.5-q3_K_S,970MB,32K,Text,45631575b031,2 years ago,qwen\qwen.csv,0.947265625
granite4:1b-q4_0,975MB,128K,Text,872caea5aeed,10 months ago,ibm\granite4.csv,0.9521484375
granite4:1b-base-q4_0,975MB,128K,Text,373f27cac06f,10 months ago,ibm\granite4.csv,0.9521484375
granite3.3:2b-base-q2_K,978MB,128K,Text,87bb55e269d4,1 year ago,ibm\granite3.3.csv,0.955078125
granite3-dense:2b-base-q2_K,978MB,4K,Text,aa3a82c06828,1 year ago,ibm\granite3-dense.csv,0.955078125
granite3.2:2b-instruct-q2_K,978MB,128K,Text,1d3a38db6ba9,1 year ago,ibm\granite3.2.csv,0.955078125
granite3.1-dense:2b-instruct-q2_K,978MB,128K,Text,5eecbc140e7b,1 year ago,ibm\granite3.1-dense.csv,0.955078125
granite3.3:2b-instruct-q2_K,978MB,128K,Text,0f179758a23c,1 year ago,ibm\granite3.3.csv,0.955078125
granite3.1-dense:2b-base-q2_K,978MB,128K,Text,0af90f3e2aa0,1 year ago,ibm\granite3.1-dense.csv,0.955078125
granite4:1b-base-q4_K_S,981MB,128K,Text,c00347af2bb9,10 months ago,ibm\granite4.csv,0.9580078125
granite4:1b-q4_K_S,981MB,128K,Text,41096a47db73,10 months ago,ibm\granite4.csv,0.9580078125
qwen2.5:1.5b-instruct-q4_K_M,986MB,32K,Text,65ec06548149,1 year ago,qwen\qwen2.5.csv,0.962890625
qwen2.5-coder:1.5b-base-q4_K_M,986MB,32K,Text,02e0f2817a89,1 year ago,qwen\qwen2.5-coder.csv,0.962890625
qwen2.5:1.5b-instruct,986MB,32K,Text,65ec06548149,1 year ago,qwen\qwen2.5.csv,0.962890625
qwen2.5-coder:1.5b-instruct,986MB,32K,Text,d7372fd82851,1 year ago,qwen\qwen2.5-coder.csv,0.962890625
qwen2.5-coder:1.5b-base,986MB,32K,Text,02e0f2817a89,1 year ago,qwen\qwen2.5-coder.csv,0.962890625
qwen2:1.5b-instruct-q4_K_M,986MB,32K,Text,0d2a504f5771,2 years ago,qwen\qwen2.csv,0.962890625
qwen2.5-coder:1.5b-instruct-q4_K_M,986MB,32K,Text,d7372fd82851,1 year ago,qwen\qwen2.5-coder.csv,0.962890625
qwen2.5-coder:1.5b,986MB,32K,Text,d7372fd82851,1 year ago,qwen\qwen2.5-coder.csv,0.962890625
qwen2.5:1.5b,986MB,32K,Text,65ec06548149,1 year ago,qwen\qwen2.5.csv,0.962890625
granite3-moe:1b-base-q5_K_M,991MB,4K,Text,237914d52501,1 year ago,ibm\granite3-moe.csv,0.9677734375
qwen2.5-coder:0.5b-instruct-fp16,994MB,32K,Text,06760f570b0a,1 year ago,qwen\qwen2.5-coder.csv,0.970703125
qwen2.5-coder:0.5b-base-fp16,994MB,32K,Text,7df7a5e33f40,1 year ago,qwen\qwen2.5-coder.csv,0.970703125
qwen2:0.5b-instruct-fp16,994MB,32K,Text,f9b12d5481d2,2 years ago,qwen\qwen2.csv,0.970703125
qwen2.5:0.5b-instruct-fp16,994MB,32K,Text,c82efd44bfdc,1 year ago,qwen\qwen2.5.csv,0.970703125
llama-guard3:1b-q4_1,996MB,128K,Text,472f17649b81,1 year ago,llama\llama-guard3.csv,0.97265625
granite3-moe:1b-instruct-q5_1,1.0GB,4K,Text,f1dbdb4ce40f,1 year ago,granite\granite3-moe.csv,1.0
granite3-moe:1b-instruct-q5_1,1.0GB,4K,Text,b67f2065e097,1 year ago,ibm\granite3-moe.csv,1.0
granite3.1-moe:1b-instruct-q5_1,1.0GB,128K,Text,39b91d40cf9e,1 year ago,granite\granite3.1-moe.csv,1.0
qwen2.5-coder:1.5b-instruct-q4_1,1.0GB,32K,Text,29e8647bfa15,1 year ago,qwen\qwen2.5-coder.csv,1.0
granite4:1b-h-base-q5_K_S,1.0GB,1M,Text,d678bd8ddc91,10 months ago,ibm\granite4.csv,1.0
granite4:1b-h-base-q5_K_M,1.0GB,1M,Text,9e3e981b1b33,10 months ago,ibm\granite4.csv,1.0
granite4:1b-h-q5_K_M,1.0GB,1M,Text,2e60bc7b0025,10 months ago,ibm\granite4.csv,1.0
qwen2:1.5b-instruct-q4_1,1.0GB,32K,Text,8cbdd0be53c3,2 years ago,qwen\qwen2.csv,1.0
granite4:1b-h-q5_K_S,1.0GB,1M,Text,8154dcc811d0,10 months ago,ibm\granite4.csv,1.0
granite3-dense:2b-instruct-q2_K,1.0GB,4K,Text,2261d92d6175,1 year ago,granite\granite3-dense.csv,1.0
gemma3:1b-it-qat,1.0GB,32K,Text,b491bd3989c6,1 year ago,gemma\gemma3.csv,1.0
granite3-dense:2b-instruct-q2_K,1.0GB,4K,Text,4595ebb16046,1 year ago,ibm\granite3-dense.csv,1.0
granite4:1b-q4_K_M,1.0GB,128K,Text,2ab52bcf7214,10 months ago,ibm\granite4.csv,1.0
qwen2.5-coder:1.5b-base-q4_1,1.0GB,32K,Text,fe2fd45b0b62,1 year ago,qwen\qwen2.5-coder.csv,1.0
granite3.1-dense:2b-instruct-q2_K,1.0GB,128K,Text,f412eb659c66,1 year ago,granite\granite3.1-dense.csv,1.0
deepseek-coder:1.3b-instruct-q5_K_M,1.0GB,16K,Text,2ff0e9282aba,2 years ago,deepseek\deepseek-coder.csv,1.0
deepseek-coder:1.3b-instruct-q5_1,1.0GB,16K,Text,334319021268,2 years ago,deepseek\deepseek-coder.csv,1.0
granite3.1-moe:1b-base-q5_1,1.0GB,128K,Text,1ea493b96031,1 year ago,ibm\granite3.1-moe.csv,1.0
qwen3.5:0.8b-nvfp4,MLX 1.0GB,256K,"Text, Image",6d2b253cfc04,5 months ago,qwen\qwen3.5.csv,1.0
qwen3.5:0.8b-q8_0,1.0GB,256K,"Text, Image",f3817196d142,6 months ago,qwen\qwen3.5.csv,1.0
qwen:1.8b-text-q3_K_M,1.0GB,8K,Text,2d9bc3e28126,2 years ago,qwen\qwen.csv,1.0
deepseek-coder:1.3b-base-q5_1,1.0GB,16K,Text,2eb01ebad3f6,2 years ago,deepseek\deepseek-coder.csv,1.0
qwen:1.8b-chat-v1.5-q3_K_M,1.0GB,32K,Text,1e7a582ce4d6,2 years ago,qwen\qwen.csv,1.0
qwen:1.8b-chat-q3_K_M,1.0GB,8K,Text,f7be0cbb0c5c,2 years ago,qwen\qwen.csv,1.0
qwen3.5:0.8b,1.0GB,256K,"Text, Image",f3817196d142,6 months ago,qwen\qwen3.5.csv,1.0
granite3.1-moe:1b-instruct-q5_1,1.0GB,128K,Text,10299ee73867,1 year ago,ibm\granite3.1-moe.csv,1.0
qwen2.5:1.5b-instruct-q4_1,1.0GB,32K,Text,4543b48a5085,1 year ago,qwen\qwen2.5.csv,1.0
qwen:1.8b-text-v1.5-q3_K_M,1.0GB,32K,Text,1e00ca7ca1af,2 years ago,qwen\qwen.csv,1.0
deepseek-coder:1.3b-base-q5_K_M,1.0GB,16K,Text,2940f35e76bc,2 years ago,deepseek\deepseek-coder.csv,1.0
granite4:1b-base-q4_K_M,1.0GB,128K,Text,c8892f62bfcd,10 months ago,ibm\granite4.csv,1.0
granite3-moe:1b-base-q5_1,1.0GB,4K,Text,b742c7900989,1 year ago,ibm\granite3-moe.csv,1.0
granite4:1b-h-q5_0,1.0GB,1M,Text,4f1206d96a08,10 months ago,ibm\granite4.csv,1.0
granite4:1b-h-base-q5_0,1.0GB,1M,Text,3d9d4e2c0945,10 months ago,ibm\granite4.csv,1.0
llama3.2:1b-text-q6_K,1.0GB,128K,Text,8ed38933c055,1 year ago,llama\llama3.2.csv,1.0
llama3.2:1b-instruct-q6_K,1.0GB,128K,Text,4a2e49e49240,1 year ago,llama\llama3.2.csv,1.0
qwen2.5:1.5b-instruct-q5_0,1.1GB,32K,Text,267c3094f0b0,1 year ago,qwen\qwen2.5.csv,1.1
qwen2:1.5b-instruct-q5_0,1.1GB,32K,Text,945eea96cfa5,2 years ago,qwen\qwen2.csv,1.1
granite3-moe:1b-base-q6_K,1.1GB,4K,Text,ffedebb21268,1 year ago,ibm\granite3-moe.csv,1.1
granite3-moe:1b-instruct-q6_K,1.1GB,4K,Text,05a13dc5e171,1 year ago,ibm\granite3-moe.csv,1.1
gemma3:1b-it-q8_0,1.1GB,32K,Text,0fdb9c7fefee,1 year ago,gemma\gemma3.csv,1.1
granite3-dense:2b-base-q3_K_S,1.1GB,4K,Text,8c5c4047dc74,1 year ago,ibm\granite3-dense.csv,1.1
llama-guard3:1b-q5_0,1.1GB,128K,Text,addf16c29474,1 year ago,llama\llama-guard3.csv,1.1
llama-guard3:1b-q5_K_S,1.1GB,128K,Text,0d2095859cf0,1 year ago,llama\llama-guard3.csv,1.1
llama-guard3:1b-q5_K_M,1.1GB,128K,Text,ce0d5502e1e3,1 year ago,llama\llama-guard3.csv,1.1
granite4:1b-h-base-q5_1,1.1GB,1M,Text,c689da56298f,10 months ago,ibm\granite4.csv,1.1
granite4:1b-h-q5_1,1.1GB,1M,Text,adbc7ffd477c,10 months ago,ibm\granite4.csv,1.1
qwen2.5:1.5b-instruct-q5_K_S,1.1GB,32K,Text,4dce61337043,1 year ago,qwen\qwen2.5.csv,1.1
granite4:1b-q4_1,1.1GB,128K,Text,db76cdf9bdfd,10 months ago,ibm\granite4.csv,1.1
qwen2.5-coder:1.5b-instruct-q5_0,1.1GB,32K,Text,b3359588c67d,1 year ago,qwen\qwen2.5-coder.csv,1.1
qwen2.5:1.5b-instruct-q5_K_M,1.1GB,32K,Text,7a0e895425bc,1 year ago,qwen\qwen2.5.csv,1.1
qwen2:1.5b-instruct-q5_K_M,1.1GB,32K,Text,2ce7afe8f9e9,2 years ago,qwen\qwen2.csv,1.1
qwen2:1.5b-instruct-q5_K_S,1.1GB,32K,Text,272e01e2734a,2 years ago,qwen\qwen2.csv,1.1
granite3.3:2b-base-q3_K_S,1.1GB,128K,Text,f3aa60c085d1,1 year ago,ibm\granite3.3.csv,1.1
qwen2.5-coder:1.5b-instruct-q5_K_S,1.1GB,32K,Text,ef800a86cb7d,1 year ago,qwen\qwen2.5-coder.csv,1.1
qwen2.5-coder:1.5b-instruct-q5_K_M,1.1GB,32K,Text,75166f189bc7,1 year ago,qwen\qwen2.5-coder.csv,1.1
qwen2.5-coder:1.5b-base-q5_0,1.1GB,32K,Text,b4c976b09f43,1 year ago,qwen\qwen2.5-coder.csv,1.1
granite3-moe:1b-instruct-q6_K,1.1GB,4K,Text,a585cc84307b,1 year ago,granite\granite3-moe.csv,1.1
qwen2.5-coder:1.5b-base-q5_K_M,1.1GB,32K,Text,654fda51b75d,1 year ago,qwen\qwen2.5-coder.csv,1.1
qwen2.5-coder:1.5b-base-q5_K_S,1.1GB,32K,Text,3fee77d92bdb,1 year ago,qwen\qwen2.5-coder.csv,1.1
granite3.2:2b-instruct-q3_K_S,1.1GB,128K,Text,f55e065ed93e,1 year ago,ibm\granite3.2.csv,1.1
granite3.1-moe:1b-instruct-q6_K,1.1GB,128K,Text,72cde855354e,1 year ago,granite\granite3.1-moe.csv,1.1
qwen:1.8b-chat-q3_K_L,1.1GB,8K,Text,e3d057690a37,2 years ago,qwen\qwen.csv,1.1
qwen:1.8b-chat-v1.5-q4_0,1.1GB,32K,Text,b6e8ec2e7126,2 years ago,qwen\qwen.csv,1.1
qwen:1.8b-chat-q4_0,1.1GB,8K,Text,ef087b004e83,2 years ago,qwen\qwen.csv,1.1
qwen:1.8b-chat-v1.5-q3_K_L,1.1GB,32K,Text,7e69fb050fc6,2 years ago,qwen\qwen.csv,1.1
granite3.1-dense:2b-instruct-q3_K_S,1.1GB,128K,Text,6989bf9381bd,1 year ago,ibm\granite3.1-dense.csv,1.1
qwen:1.8b,1.1GB,32K,Text,b6e8ec2e7126,2 years ago,qwen\qwen.csv,1.1
granite4:1b-base-q4_1,1.1GB,128K,Text,47e34d293042,10 months ago,ibm\granite4.csv,1.1
granite3.1-dense:2b-base-q3_K_S,1.1GB,128K,Text,7729e350c3ba,1 year ago,ibm\granite3.1-dense.csv,1.1
qwen:1.8b-text-v1.5-q4_0,1.1GB,32K,Text,617cceb63756,2 years ago,qwen\qwen.csv,1.1
qwen:1.8b-text-q4_0,1.1GB,8K,Text,03dc8b7a4353,2 years ago,qwen\qwen.csv,1.1
qwen:1.8b-text-v1.5-q3_K_L,1.1GB,32K,Text,55006f44ba8f,2 years ago,qwen\qwen.csv,1.1
granite3.1-moe:1b-instruct-q6_K,1.1GB,128K,Text,aee50fe583ed,1 year ago,ibm\granite3.1-moe.csv,1.1
qwen:1.8b-text-q3_K_L,1.1GB,8K,Text,b6d15127867d,2 years ago,qwen\qwen.csv,1.1
granite3.1-moe:1b-base-q6_K,1.1GB,128K,Text,18e7c5020bca,1 year ago,ibm\granite3.1-moe.csv,1.1
deepseek-r1:1.5b-qwen-distill-q4_K_M,1.1GB,128K,Text,e0979632db5a,1 year ago,deepseek\deepseek-r1.csv,1.1
qwen:1.8b-text,1.1GB,32K,Text,617cceb63756,2 years ago,qwen\qwen.csv,1.1
qwen:1.8b-chat,1.1GB,32K,Text,b6e8ec2e7126,2 years ago,qwen\qwen.csv,1.1
deepseek-r1:1.5b,1.1GB,128K,Text,e0979632db5a,1 year ago,deepseek\deepseek-r1.csv,1.1
granite3.3:2b-instruct-q3_K_S,1.1GB,128K,Text,e14331e9f31c,1 year ago,ibm\granite3.3.csv,1.1
qwen3-embedding:0.6b-fp16,1.2GB,32K,Text,67a7592a8852,11 months ago,qwen\qwen3-embedding.csv,1.2
shieldgemma:2b-q2_K,1.2GB,8K,Text,8fe6125835d8,1 year ago,gemma\shieldgemma.csv,1.2
granite4:1b-q5_K_M,1.2GB,128K,Text,04919a96d1c0,10 months ago,ibm\granite4.csv,1.2
granite3.1-moe:3b-base-q2_K,1.2GB,128K,Text,ff164715b26e,1 year ago,ibm\granite3.1-moe.csv,1.2
granite4:1b-q5_K_S,1.2GB,128K,Text,eac37d5e201d,10 months ago,ibm\granite4.csv,1.2
phi:2.7b-chat-v2-q2_K,1.2GB,2K,Text,,,phi\phi.csv,1.2
qwen:0.5b-text-v1.5-fp16,1.2GB,32K,Text,9cedb3d846db,2 years ago,qwen\qwen.csv,1.2
codegemma:2b-code-v1.1-q2_K,1.2GB,8K,Text,,,gemma\codegemma.csv,1.2
granite3-dense:2b-instruct-q3_K_S,1.2GB,4K,Text,7c6af70b9f11,1 year ago,granite\granite3-dense.csv,1.2
llama-guard3:1b-q5_1,1.2GB,128K,Text,b50f55fc799b,1 year ago,llama\llama-guard3.csv,1.2
llama-guard3:1b-q6_K,1.2GB,128K,Text,fa99080590a2,1 year ago,llama\llama-guard3.csv,1.2
qwen2:1.5b-instruct-q5_1,1.2GB,32K,Text,5b1266375ca6,2 years ago,qwen\qwen2.csv,1.2
codegemma:2b-code-q2_K,1.2GB,8K,Text,,,gemma\codegemma.csv,1.2
granite4:micro-h-q2_K,1.2GB,1M,Text,e0b4698bef6f,11 months ago,ibm\granite4.csv,1.2
granite4:micro-h-base-q2_K,1.2GB,1M,Text,113c594e03e4,11 months ago,ibm\granite4.csv,1.2
qwen:1.8b-chat-v1.5-q4_1,1.2GB,32K,Text,5520d901c708,2 years ago,qwen\qwen.csv,1.2
granite3-dense:2b-instruct-q3_K_S,1.2GB,4K,Text,f22819cd568a,1 year ago,ibm\granite3-dense.csv,1.2
granite4:1b-h-q6_K,1.2GB,1M,Text,47d126dc2b8e,10 months ago,ibm\granite4.csv,1.2
granite4:1b-h-base-q6_K,1.2GB,1M,Text,25f67dce907b,10 months ago,ibm\granite4.csv,1.2
gemma2:2b-text-q2_K,1.2GB,8K,Text,dc8ae2e5288f,2 years ago,gemma\gemma2.csv,1.2
qwen:1.8b-chat-q4_K_S,1.2GB,8K,Text,d04762cf1457,2 years ago,qwen\qwen.csv,1.2
qwen:1.8b-chat-v1.5-q4_K_S,1.2GB,32K,Text,318bbcfbbcb1,2 years ago,qwen\qwen.csv,1.2
qwen:1.8b-chat-q4_K_M,1.2GB,8K,Text,9c250efbd096,2 years ago,qwen\qwen.csv,1.2
qwen:1.8b-chat-v1.5-q4_K_M,1.2GB,32K,Text,27cd5d607aa3,2 years ago,qwen\qwen.csv,1.2
qwen:1.8b-chat-q4_1,1.2GB,8K,Text,e422a7c56e8a,2 years ago,qwen\qwen.csv,1.2
granite3.1-moe:3b-instruct-q2_K,1.2GB,128K,Text,35264d5bbda2,1 year ago,ibm\granite3.1-moe.csv,1.2
qwen2.5-coder:1.5b-base-q5_1,1.2GB,32K,Text,88c33ad03a34,1 year ago,qwen\qwen2.5-coder.csv,1.2
granite3.1-dense:2b-instruct-q3_K_S,1.2GB,128K,Text,74791f52899c,1 year ago,granite\granite3.1-dense.csv,1.2
granite4:1b-q5_0,1.2GB,128K,Text,359eb5246771,10 months ago,ibm\granite4.csv,1.2
granite4:1b-q5_1,1.2GB,128K,Text,a941848b3f4b,10 months ago,ibm\granite4.csv,1.2
qwen:1.8b-text-v1.5-q4_K_M,1.2GB,32K,Text,2120d6a01bc3,2 years ago,qwen\qwen.csv,1.2
gemma2:2b-instruct-q2_K,1.2GB,8K,Text,470392386d3f,2 years ago,gemma\gemma2.csv,1.2
qwen2.5-coder:1.5b-instruct-q5_1,1.2GB,32K,Text,fe1d72286fc6,1 year ago,qwen\qwen2.5-coder.csv,1.2
qwen3.5:0.8b-mlx,MLX 1.2GB,256K,"Text, Image",12f40a7f8473,2 days ago,qwen\qwen3.5.csv,1.2
qwen3.5:0.8b-mxfp8,MLX 1.2GB,256K,"Text, Image",12f40a7f8473,2 days ago,qwen\qwen3.5.csv,1.2
qwen:1.8b-text-q4_1,1.2GB,8K,Text,9d03e4ff6283,2 years ago,qwen\qwen.csv,1.2
granite4:1b-base-q5_K_S,1.2GB,128K,Text,dee359a7888b,10 months ago,ibm\granite4.csv,1.2
granite4:1b-base-q5_1,1.2GB,128K,Text,7f6307f2cc8c,10 months ago,ibm\granite4.csv,1.2
granite4:1b-base-q5_0,1.2GB,128K,Text,c7baa7aa30e8,10 months ago,ibm\granite4.csv,1.2
gemma:2b-instruct-v1.1-q2_K,1.2GB,8K,Text,8be00e58cf4f,2 years ago,gemma\gemma.csv,1.2
qwen:1.8b-text-v1.5-q4_K_S,1.2GB,32K,Text,9de4291d63b0,2 years ago,qwen\qwen.csv,1.2
qwen:1.8b-text-q4_K_S,1.2GB,8K,Text,35417f1033ba,2 years ago,qwen\qwen.csv,1.2
qwen:1.8b-text-v1.5-q4_1,1.2GB,32K,Text,9c3064af8a6a,2 years ago,qwen\qwen.csv,1.2
qwen:1.8b-text-q4_K_M,1.2GB,8K,Text,8f4011c63861,2 years ago,qwen\qwen.csv,1.2
qwen2.5:1.5b-instruct-q5_1,1.2GB,32K,Text,828d5d698355,1 year ago,qwen\qwen2.5.csv,1.2
qwen:0.5b-chat-v1.5-fp16,1.2GB,32K,Text,967f7a3593ba,2 years ago,qwen\qwen.csv,1.2
deepseek-coder:1.3b-base-q6_K,1.2GB,16K,Text,87397ba29cd4,2 years ago,deepseek\deepseek-coder.csv,1.2
deepseek-coder:1.3b-instruct-q6_K,1.2GB,16K,Text,ce574ed6d34f,2 years ago,deepseek\deepseek-coder.csv,1.2
granite4:1b-base-q5_K_M,1.2GB,128K,Text,8b421f6fb5d3,10 months ago,ibm\granite4.csv,1.2
qwen2.5:1.5b-instruct-q6_K,1.3GB,32K,Text,03ec957c269f,1 year ago,qwen\qwen2.5.csv,1.3
qwen2.5-coder:3b-base-q2_K,1.3GB,32K,Text,7bd2c4ab30c1,1 year ago,qwen\qwen2.5-coder.csv,1.3
codegemma:2b-code-v1.1-q3_K_S,1.3GB,8K,Text,,,gemma\codegemma.csv,1.3
granite3-moe:3b-instruct-q2_K,1.3GB,4K,Text,48ee4c1b7090,1 year ago,granite\granite3-moe.csv,1.3
llama3.2:1b-text-q8_0,1.3GB,128K,Text,943f46940dae,1 year ago,llama\llama3.2.csv,1.3
granite3.3:2b-base-q3_K_M,1.3GB,128K,Text,8a89d4f16e80,1 year ago,ibm\granite3.3.csv,1.3
granite3.1-dense:2b-base-q3_K_M,1.3GB,128K,Text,60f852922ea6,1 year ago,ibm\granite3.1-dense.csv,1.3
phi:2.7b-chat-v2-q3_K_S,1.3GB,2K,Text,,,phi\phi.csv,1.3
granite3-dense:2b-base-q3_K_M,1.3GB,4K,Text,ab143329c189,1 year ago,ibm\granite3-dense.csv,1.3
qwen:1.8b-chat-v1.5-q5_0,1.3GB,32K,Text,942791d6df80,2 years ago,qwen\qwen.csv,1.3
gemma:2b-text-q2_K,1.3GB,8K,Text,fa08f447fb74,2 years ago,gemma\gemma.csv,1.3
granite3-moe:3b-instruct-q2_K,1.3GB,4K,Text,dc7d3a081cda,1 year ago,ibm\granite3-moe.csv,1.3
granite3.1-dense:2b-instruct-q3_K_M,1.3GB,128K,Text,d65eb61a1e65,1 year ago,granite\granite3.1-dense.csv,1.3
llama3.2:1b,1.3GB,128K,Text,baf6a787fdff,1 year ago,llama\llama3.2.csv,1.3
qwen:1.8b-chat-q5_K_S,1.3GB,8K,Text,857ae180d71f,2 years ago,qwen\qwen.csv,1.3
qwen:1.8b-text-q5_0,1.3GB,8K,Text,5dee62f8b270,2 years ago,qwen\qwen.csv,1.3
granite3.1-moe:3b-instruct-q2_K,1.3GB,128K,Text,7ea974a9d11f,1 year ago,granite\granite3.1-moe.csv,1.3
qwen2.5-coder:1.5b-instruct-q6_K,1.3GB,32K,Text,883db0c781e0,1 year ago,qwen\qwen2.5-coder.csv,1.3
qwen:1.8b-text-q5_K_S,1.3GB,8K,Text,fc7b98d4110c,2 years ago,qwen\qwen.csv,1.3
qwen:1.8b-text-v1.5-q5_0,1.3GB,32K,Text,fbc1dd7dbb3f,2 years ago,qwen\qwen.csv,1.3
granite4:1b-base-q6_K,1.3GB,128K,Text,506968fbbf51,10 months ago,ibm\granite4.csv,1.3
qwen:1.8b-chat-q5_0,1.3GB,8K,Text,39b08d9c553f,2 years ago,qwen\qwen.csv,1.3
granite3.2:2b-instruct-q3_K_M,1.3GB,128K,Text,0959bec6d9cd,1 year ago,ibm\granite3.2.csv,1.3
granite3.3:2b-instruct-q3_K_M,1.3GB,128K,Text,34a621e9099f,1 year ago,ibm\granite3.3.csv,1.3
qwen:1.8b-text-v1.5-q5_K_S,1.3GB,32K,Text,b12f16343645,2 years ago,qwen\qwen.csv,1.3
qwen2.5-coder:3b-instruct-q2_K,1.3GB,32K,Text,ae1e7fbfd6ff,1 year ago,qwen\qwen2.5-coder.csv,1.3
gemma:2b-instruct-q2_K,1.3GB,8K,Text,462aa639add9,2 years ago,gemma\gemma.csv,1.3
gemma:2b-instruct-v1.1-q3_K_S,1.3GB,8K,Text,fa7ef5ec4918,2 years ago,gemma\gemma.csv,1.3
granite3-dense:2b-instruct-q3_K_M,1.3GB,4K,Text,497d255beef8,1 year ago,ibm\granite3-dense.csv,1.3
qwen2.5-coder:1.5b-base-q6_K,1.3GB,32K,Text,ee6aadc25edf,1 year ago,qwen\qwen2.5-coder.csv,1.3
llama3.2:1b-instruct-q8_0,1.3GB,128K,Text,baf6a787fdff,1 year ago,llama\llama3.2.csv,1.3
qwen:1.8b-chat-v1.5-q5_K_S,1.3GB,32K,Text,63a97b074a77,2 years ago,qwen\qwen.csv,1.3
granite4:1b-q6_K,1.3GB,128K,Text,d613923cdcae,10 months ago,ibm\granite4.csv,1.3
qwen2.5:3b-instruct-q2_K,1.3GB,32K,Text,1fe27cd0c26a,1 year ago,qwen\qwen2.5.csv,1.3
granite3-dense:2b-instruct-q3_K_M,1.3GB,4K,Text,c08ae454856c,1 year ago,granite\granite3-dense.csv,1.3
qwen2:1.5b-instruct-q6_K,1.3GB,32K,Text,1fcc9e410c55,2 years ago,qwen\qwen2.csv,1.3
granite3-moe:3b-base-q2_K,1.3GB,4K,Text,851f85ebe97b,1 year ago,ibm\granite3-moe.csv,1.3
granite3.1-dense:2b-instruct-q3_K_M,1.3GB,128K,Text,d21b926872b8,1 year ago,ibm\granite3.1-dense.csv,1.3
codegemma:2b-code-q3_K_S,1.3GB,8K,Text,,,gemma\codegemma.csv,1.3
qwen:1.8b-text-q5_K_M,1.4GB,8K,Text,ba3f032feb07,2 years ago,qwen\qwen.csv,1.4
gemma:2b-instruct-q3_K_S,1.4GB,8K,Text,1147ae8910c1,2 years ago,gemma\gemma.csv,1.4
granite4.1:3b-q2_K,1.4GB,128K,Text,41d7e7e6dc59,4 months ago,granite\granite4.1.csv,1.4
qwen:1.8b-text-v1.5-q5_K_M,1.4GB,32K,Text,e2aedf4a65d7,2 years ago,qwen\qwen.csv,1.4
deepseek-coder:1.3b-instruct-q8_0,1.4GB,16K,Text,44e92342b6c8,2 years ago,deepseek\deepseek-coder.csv,1.4
granite3.3:2b-instruct-q3_K_L,1.4GB,128K,Text,e4695d7ed6a6,1 year ago,ibm\granite3.3.csv,1.4
qwen:1.8b-text-v1.5-q5_1,1.4GB,32K,Text,110bb7065fe0,2 years ago,qwen\qwen.csv,1.4
qwen:1.8b-text-q5_1,1.4GB,8K,Text,1ace6d0d6868,2 years ago,qwen\qwen.csv,1.4
qwen:1.8b-chat-v1.5-q5_K_M,1.4GB,32K,Text,c3c9b43d0ae7,2 years ago,qwen\qwen.csv,1.4
granite3.1-moe:1b-base-q8_0,1.4GB,128K,Text,8b17fe333408,1 year ago,ibm\granite3.1-moe.csv,1.4
qwen:1.8b-chat-q5_1,1.4GB,8K,Text,ac833a41e88c,2 years ago,qwen\qwen.csv,1.4
gemma:2b-text-q3_K_S,1.4GB,8K,Text,30edc7975a67,2 years ago,gemma\gemma.csv,1.4
gemma2:2b-text-q3_K_S,1.4GB,8K,Text,79e51c86c582,2 years ago,gemma\gemma2.csv,1.4
granite3-dense:2b-instruct-q3_K_L,1.4GB,4K,Text,8b4a92109823,1 year ago,ibm\granite3-dense.csv,1.4
qwen3:1.7b,1.4GB,40K,Text,8f68893c685c,1 year ago,qwen\qwen3.csv,1.4
qwen:1.8b-chat-q5_K_M,1.4GB,8K,Text,8341fb324ce5,2 years ago,qwen\qwen.csv,1.4
granite3.3:2b-base-q3_K_L,1.4GB,128K,Text,3c98db82ae02,1 year ago,ibm\granite3.3.csv,1.4
granite3-moe:1b-instruct-q8_0,1.4GB,4K,Text,1da557af245f,1 year ago,ibm\granite3-moe.csv,1.4
llama3.2:3b-text-q2_K,1.4GB,128K,Text,dd1eb967998d,1 year ago,llama\llama3.2.csv,1.4
codegemma:2b-code-v1.1-q3_K_M,1.4GB,8K,Text,,,gemma\codegemma.csv,1.4
granite3.1-dense:2b-instruct-q3_K_L,1.4GB,128K,Text,85ad99cb9a18,1 year ago,granite\granite3.1-dense.csv,1.4
granite3-moe:1b-instruct-q8_0,1.4GB,4K,Text,84f7efa9cc2d,1 year ago,granite\granite3-moe.csv,1.4
granite3.1-dense:2b-base-q3_K_L,1.4GB,128K,Text,11eaf289883f,1 year ago,ibm\granite3.1-dense.csv,1.4
granite3-dense:2b-base-q3_K_L,1.4GB,4K,Text,d073c1711638,1 year ago,ibm\granite3-dense.csv,1.4
granite4:micro-q2_K,1.4GB,128K,Text,e334ebe56cfe,11 months ago,ibm\granite4.csv,1.4
granite4:micro-base-q2_K,1.4GB,128K,Text,aabf3f4482b6,11 months ago,ibm\granite4.csv,1.4
granite3-dense:2b-instruct-q3_K_L,1.4GB,4K,Text,201ccf1522e8,1 year ago,granite\granite3-dense.csv,1.4
deepseek-coder:1.3b-base-q8_0,1.4GB,16K,Text,71f702eff852,2 years ago,deepseek\deepseek-coder.csv,1.4
llama3.2:3b-instruct-q2_K,1.4GB,128K,Text,43e1dcc10fd4,1 year ago,llama\llama3.2.csv,1.4
phi3.5:3.8b-mini-instruct-q2_K,1.4GB,4K,Text,45b8dc82a846,1 year ago,phi\phi3.5.csv,1.4
gemma2:2b-instruct-q3_K_S,1.4GB,8K,Text,23e3c31b0102,2 years ago,gemma\gemma2.csv,1.4
gemma:2b-instruct-v1.1-q3_K_M,1.4GB,8K,Text,5bb1882722eb,2 years ago,gemma\gemma.csv,1.4
granite3.1-dense:2b-instruct-q3_K_L,1.4GB,128K,Text,c86015ddf1b0,1 year ago,ibm\granite3.1-dense.csv,1.4
qwen:1.8b-chat-v1.5-q5_1,1.4GB,32K,Text,5cb573856803,2 years ago,qwen\qwen.csv,1.4
codegemma:2b-code-q3_K_M,1.4GB,8K,Text,,,gemma\codegemma.csv,1.4
qwen3:1.7b-q4_K_M,1.4GB,40K,Text,8f68893c685c,1 year ago,qwen\qwen3.csv,1.4
phi3:3.8b-mini-4k-instruct-q2_K,1.4GB,4K,Text,f71db22ea23b,2 years ago,phi\phi3.csv,1.4
phi3:3.8b-mini-128k-instruct-q2_K,1.4GB,4K,Text,0dc429b5761b,2 years ago,phi\phi3.csv,1.4
shieldgemma:2b-q3_K_S,1.4GB,8K,Text,ed1adf76cf49,1 year ago,gemma\shieldgemma.csv,1.4
granite3.1-moe:1b-instruct-q8_0,1.4GB,128K,Text,a5c382123835,1 year ago,ibm\granite3.1-moe.csv,1.4
granite4.1:3b-q2_K,1.4GB,128K,Text,41d7e7e6dc59,4 months ago,ibm\granite4.1.csv,1.4
granite3.2:2b-instruct-q3_K_L,1.4GB,128K,Text,5fadf81b47f9,1 year ago,ibm\granite3.2.csv,1.4
granite3.1-moe:1b,1.4GB,128K,Text,3269ce3e31ea,1 year ago,granite\granite3.1-moe.csv,1.4
granite3.1-moe:1b-instruct-q8_0,1.4GB,128K,Text,3269ce3e31ea,1 year ago,granite\granite3.1-moe.csv,1.4
granite3.1-moe:3b-instruct-q3_K_S,1.5GB,128K,Text,fa5c2530207d,1 year ago,ibm\granite3.1-moe.csv,1.5
gemma2:2b-instruct-q3_K_M,1.5GB,8K,Text,c9f6dc0ebba9,2 years ago,gemma\gemma2.csv,1.5
granite3-moe:1b-base-q8_0,1.5GB,4K,Text,f6b34e4e8789,1 year ago,ibm\granite3-moe.csv,1.5
granite3-dense:2b-instruct-q4_0,1.5GB,4K,Text,16ab5bedbdde,1 year ago,ibm\granite3-dense.csv,1.5
granite3.1-dense:2b-instruct-q4_K_S,1.5GB,128K,Text,1ebd7a6e4584,1 year ago,ibm\granite3.1-dense.csv,1.5
granite3.3:2b-base-q4_0,1.5GB,128K,Text,1a9c2dfe96b3,1 year ago,ibm\granite3.3.csv,1.5
gemma:2b-text-q3_K_M,1.5GB,8K,Text,3755aa666a62,2 years ago,gemma\gemma.csv,1.5
granite3.1-dense:2b-instruct-q4_K_S,1.5GB,128K,Text,a8d7602ade5f,1 year ago,granite\granite3.1-dense.csv,1.5
gemma2:2b-text-q3_K_M,1.5GB,8K,Text,d1fbc3646636,2 years ago,gemma\gemma2.csv,1.5
granite3-moe:3b-instruct-q3_K_S,1.5GB,4K,Text,debfeb7f5259,1 year ago,ibm\granite3-moe.csv,1.5
granite3.3:2b,1.5GB,128K,Text,b7b711f14c01,1 year ago,ibm\granite3.3.csv,1.5
granite3.1-dense:2b-instruct-q4_0,1.5GB,128K,Text,7ed050a70760,1 year ago,granite\granite3.1-dense.csv,1.5
phi:2.7b-chat-v2-q3_K_M,1.5GB,2K,Text,,,phi\phi.csv,1.5
granite4:micro-h-base-q3_K_S,1.5GB,1M,Text,8ef6c45ca095,11 months ago,ibm\granite4.csv,1.5
granite3.1-dense:2b,1.5GB,128K,Text,2c9b483d277f,1 year ago,ibm\granite3.1-dense.csv,1.5
granite3.1-dense:2b-instruct-q4_K_M,1.5GB,128K,Text,2c9b483d277f,1 year ago,ibm\granite3.1-dense.csv,1.5
granite4.2:3b-q2_K,1.5GB,128K,Text,21007f3e04e1,1 week ago,granite\granite4.2.csv,1.5
granite3.1-dense:2b-base-q4_0,1.5GB,128K,Text,0712decd1f96,1 year ago,ibm\granite3.1-dense.csv,1.5
qwen2.5-coder:3b-base-q3_K_S,1.5GB,32K,Text,490a8c46fec2,1 year ago,qwen\qwen2.5-coder.csv,1.5
qwen3:0.6b-fp16,1.5GB,40K,Text,626c9556a80f,1 year ago,qwen\qwen3.csv,1.5
granite3.1-dense:2b-instruct-q4_0,1.5GB,128K,Text,5819b07a3a01,1 year ago,ibm\granite3.1-dense.csv,1.5
granite4.2:3b-q2_K,1.5GB,128K,Text,0681d16a437e,1 week ago,ibm\granite4.2.csv,1.5
llama3.2:3b-text-q3_K_S,1.5GB,128K,Text,4b3d962d7792,1 year ago,llama\llama3.2.csv,1.5
granite3-moe:3b-base-q3_K_S,1.5GB,4K,Text,51404cb617f6,1 year ago,ibm\granite3-moe.csv,1.5
granite3.1-dense:2b-base-q4_K_S,1.5GB,128K,Text,f04d9fd1fb68,1 year ago,ibm\granite3.1-dense.csv,1.5
granite3-dense:2b-base-q4_K_M,1.5GB,4K,Text,2d13f4257c57,1 year ago,ibm\granite3-dense.csv,1.5
granite3-dense:2b-base-q4_K_S,1.5GB,4K,Text,df5f2511b63f,1 year ago,ibm\granite3-dense.csv,1.5
granite3-dense:2b-base-q4_0,1.5GB,4K,Text,52ae00d9b99a,1 year ago,ibm\granite3-dense.csv,1.5
qwen2.5:3b-instruct-q3_K_S,1.5GB,32K,Text,5ed381ff5c13,1 year ago,qwen\qwen2.5.csv,1.5
granite3.1-dense:2b-base-q4_K_M,1.5GB,128K,Text,57628a01feab,1 year ago,ibm\granite3.1-dense.csv,1.5
granite3-dense:2b-instruct-q4_K_S,1.5GB,4K,Text,0f87f54eb387,1 year ago,granite\granite3-dense.csv,1.5
granite3-dense:2b-instruct-q4_0,1.5GB,4K,Text,dd4a07b9e1b7,1 year ago,granite\granite3-dense.csv,1.5
llama3.2:3b-instruct-q3_K_S,1.5GB,128K,Text,860e23062c32,1 year ago,llama\llama3.2.csv,1.5
granite3.1-guardian:2b-q4_K_M,1.5GB,128K,Text,ae05d19265b6,1 year ago,ibm\granite3.1-guardian.csv,1.5
codegemma:2b-code-q3_K_L,1.5GB,8K,Text,,,gemma\codegemma.csv,1.5
granite3.1-moe:3b-base-q3_K_S,1.5GB,128K,Text,85d804a7e3a3,1 year ago,ibm\granite3.1-moe.csv,1.5
codegemma:2b-code-v1.1-q3_K_L,1.5GB,8K,Text,,,gemma\codegemma.csv,1.5
granite3.3:2b-instruct-q4_0,1.5GB,128K,Text,3346774d0a60,1 year ago,ibm\granite3.3.csv,1.5
granite3.3:2b-base-q4_K_M,1.5GB,128K,Text,8af557b664af,1 year ago,ibm\granite3.3.csv,1.5
granite3.3:2b-base-q4_K_S,1.5GB,128K,Text,2223d6d39c2d,1 year ago,ibm\granite3.3.csv,1.5
granite3.3:2b-base,1.5GB,128K,Text,855440fe8358,1 year ago,ibm\granite3.3.csv,1.5
granite3-moe:3b-instruct-q3_K_S,1.5GB,4K,Text,5952b23cdd5c,1 year ago,granite\granite3-moe.csv,1.5
granite3.1-moe:3b-instruct-q3_K_S,1.5GB,128K,Text,86de476c2ed2,1 year ago,granite\granite3.1-moe.csv,1.5
granite3-dense:2b-instruct-q4_K_S,1.5GB,4K,Text,4961f9306303,1 year ago,ibm\granite3-dense.csv,1.5
granite3.2:2b-instruct-q4_K_M,1.5GB,128K,Text,6b566ad49a64,1 year ago,ibm\granite3.2.csv,1.5
gemma:2b-instruct-q3_K_M,1.5GB,8K,Text,0bb5a6a99256,2 years ago,gemma\gemma.csv,1.5
granite3-guardian:2b-q4_K_M,1.5GB,8K,Text,cc73c57fd569,1 year ago,ibm\granite3-guardian.csv,1.5
gemma:2b-instruct-v1.1-q3_K_L,1.5GB,8K,Text,198260e1ebc4,2 years ago,gemma\gemma.csv,1.5
granite3.3:2b-instruct-q4_K_S,1.5GB,128K,Text,336476674e52,1 year ago,ibm\granite3.3.csv,1.5
granite3.3:2b-instruct-q4_K_M,1.5GB,128K,Text,b7b711f14c01,1 year ago,ibm\granite3.3.csv,1.5
granite3.2:2b-instruct-q4_K_M,1.5GB,128K,Text,9d79a41f2f75,1 year ago,granite\granite3.2.csv,1.5
granite3.2:2b,1.5GB,128K,Text,9d79a41f2f75,1 year ago,granite\granite3.2.csv,1.5
granite3.2:2b-instruct-q4_K_S,1.5GB,128K,Text,283a19e5b88a,1 year ago,ibm\granite3.2.csv,1.5
granite3.2:2b-instruct-q4_0,1.5GB,128K,Text,c3d29e70aa2f,1 year ago,ibm\granite3.2.csv,1.5
shieldgemma:2b-q3_K_M,1.5GB,8K,Text,8792c0fdb69d,1 year ago,gemma\shieldgemma.csv,1.5
granite4:micro-h-q3_K_S,1.5GB,1M,Text,3dbcbe3a2893,11 months ago,ibm\granite4.csv,1.5
granite3.2:2b,1.5GB,128K,Text,6b566ad49a64,1 year ago,ibm\granite3.2.csv,1.5
granite3.3:2b,1.5GB,128K,Text,07bd1f170855,1 year ago,granite\granite3.3.csv,1.5
qwen2.5-coder:3b-instruct-q3_K_S,1.5GB,32K,Text,ed2bcd656906,1 year ago,qwen\qwen2.5-coder.csv,1.5
qwen:4b-text-v1.5-q2_K,1.6GB,32K,Text,9f5aaac70cb0,2 years ago,qwen\qwen.csv,1.6
shieldgemma:2b-q4_K_S,1.6GB,8K,Text,460e97ad8fe1,1 year ago,gemma\shieldgemma.csv,1.6
qwen2.5-coder:3b-instruct-q3_K_M,1.6GB,32K,Text,65ff2bc170f3,1 year ago,qwen\qwen2.5-coder.csv,1.6
codegemma:2b-code-v1.1-q4_K_S,1.6GB,8K,Text,,,gemma\codegemma.csv,1.6
codegemma:2b-code-v1.1-q4_K_M,1.6GB,8K,Text,,,gemma\codegemma.csv,1.6
codegemma:2b-code-q4_K_M,1.6GB,8K,Text,,,gemma\codegemma.csv,1.6
granite4.1:3b-q3_K_S,1.6GB,128K,Text,1daefd678dc8,4 months ago,ibm\granite4.1.csv,1.6
granite3.3:2b-instruct-q4_1,1.6GB,128K,Text,76592eda4695,1 year ago,ibm\granite3.3.csv,1.6
gemma:2b-instruct-v1.1-q4_K_S,1.6GB,8K,Text,0c8c655954ea,2 years ago,gemma\gemma.csv,1.6
shieldgemma:2b-q4_0,1.6GB,8K,Text,8c75ad5241ba,1 year ago,gemma\shieldgemma.csv,1.6
shieldgemma:2b-q3_K_L,1.6GB,8K,Text,6e1f85ff56c4,1 year ago,gemma\shieldgemma.csv,1.6
qwen:1.8b-text-q6_K,1.6GB,8K,Text,60c274911b01,2 years ago,qwen\qwen.csv,1.6
phi:chat,1.6GB,2K,Text,,,phi\phi.csv,1.6
phi:latest,1.6GB,2K,Text,,,phi\phi.csv,1.6
granite4.1:3b-q3_K_S,1.6GB,128K,Text,1daefd678dc8,4 months ago,granite\granite4.1.csv,1.6
gemma:2b-instruct-v1.1-q4_K_M,1.6GB,8K,Text,1a26b1fdc8cf,2 years ago,gemma\gemma.csv,1.6
granite3.1-moe:3b-instruct-q3_K_M,1.6GB,128K,Text,216dcd8f0222,1 year ago,granite\granite3.1-moe.csv,1.6
granite4:1b-h,1.6GB,1M,Text,7761ae79cab9,10 months ago,ibm\granite4.csv,1.6
gemma:2b-instruct-q3_K_L,1.6GB,8K,Text,a5e1a96f2947,2 years ago,gemma\gemma.csv,1.6
gemma:2b-instruct-v1.1-q4_0,1.6GB,8K,Text,030ee63283b5,2 years ago,gemma\gemma.csv,1.6
qwen:4b-chat-v1.5-q2_K,1.6GB,32K,Text,e6c11802c6ad,2 years ago,qwen\qwen.csv,1.6
granite3.2:2b-instruct-q4_1,1.6GB,128K,Text,d7e971e2e21b,1 year ago,ibm\granite3.2.csv,1.6
qwen:1.8b-text-v1.5-q6_K,1.6GB,32K,Text,e7be77cc89a1,2 years ago,qwen\qwen.csv,1.6
qwen:1.8b-chat-v1.5-q6_K,1.6GB,32K,Text,1b54bd2ede5d,2 years ago,qwen\qwen.csv,1.6
gemma:2b-text-q3_K_L,1.6GB,8K,Text,fb3cb86ed3a0,2 years ago,gemma\gemma.csv,1.6
gemma2:2b-instruct-q3_K_L,1.6GB,8K,Text,3f4d7eff5631,2 years ago,gemma\gemma2.csv,1.6
gemma2:2b-instruct-q4_0,1.6GB,8K,Text,8ccf136fdd52,2 years ago,gemma\gemma2.csv,1.6
granite3.1-moe:3b-instruct-q3_K_M,1.6GB,128K,Text,ea959198ada9,1 year ago,ibm\granite3.1-moe.csv,1.6
granite3-dense:2b,1.6GB,4K,Text,35d2593ca718,1 year ago,ibm\granite3-dense.csv,1.6
granite3-dense:2b-instruct-q4_K_M,1.6GB,4K,Text,35d2593ca718,1 year ago,ibm\granite3-dense.csv,1.6
gemma2:2b,1.6GB,8K,Text,8ccf136fdd52,2 years ago,gemma\gemma2.csv,1.6
qwen2.5-coder:1.5b-instruct-q8_0,1.6GB,32K,Text,00f372390c1d,1 year ago,qwen\qwen2.5-coder.csv,1.6
gemma2:2b-text-q3_K_L,1.6GB,8K,Text,3bb5d7d90c92,2 years ago,gemma\gemma2.csv,1.6
gemma2:2b-instruct-q4_K_S,1.6GB,8K,Text,832970b742f1,2 years ago,gemma\gemma2.csv,1.6
granite4:micro-h-q3_K_L,1.6GB,1M,Text,75ced4412134,11 months ago,ibm\granite4.csv,1.6
gemma:2b-instruct,1.6GB,8K,Text,030ee63283b5,2 years ago,gemma\gemma.csv,1.6
phi:2.7b-chat-v2-q4_0,1.6GB,2K,Text,,,phi\phi.csv,1.6
granite4:micro-h-base-q3_K_M,1.6GB,1M,Text,0006c65f1fe4,11 months ago,ibm\granite4.csv,1.6
granite4:micro-h-base-q3_K_L,1.6GB,1M,Text,ee8a7e105f0f,11 months ago,ibm\granite4.csv,1.6
granite4:micro-h-q3_K_M,1.6GB,1M,Text,eae373516bff,11 months ago,ibm\granite4.csv,1.6
phi:2.7b-chat-v2-q3_K_L,1.6GB,2K,Text,,,phi\phi.csv,1.6
qwen:1.8b-chat-q6_K,1.6GB,8K,Text,6068eacf7eab,2 years ago,qwen\qwen.csv,1.6
codegemma:code,1.6GB,8K,Text,,,gemma\codegemma.csv,1.6
granite3.1-dense:2b-instruct-q4_K_M,1.6GB,128K,Text,fba1ad01113e,1 year ago,granite\granite3.1-dense.csv,1.6
granite4:1b-h-base-q8_0,1.6GB,1M,Text,4c11ecc40d05,10 months ago,ibm\granite4.csv,1.6
granite4:1b-h-q8_0,1.6GB,1M,Text,7761ae79cab9,10 months ago,ibm\granite4.csv,1.6
codegemma:2b,1.6GB,8K,Text,,,gemma\codegemma.csv,1.6
phi:2.7b,1.6GB,2K,Text,,,phi\phi.csv,1.6
qwen2:1.5b-instruct-q8_0,1.6GB,32K,Text,908c3f054aac,2 years ago,qwen\qwen2.csv,1.6
codegemma:2b-code,1.6GB,8K,Text,,,gemma\codegemma.csv,1.6
granite3-dense:2b-base-q4_1,1.6GB,4K,Text,b907032d8cd0,1 year ago,ibm\granite3-dense.csv,1.6
qwen2.5-coder:1.5b-base-q8_0,1.6GB,32K,Text,e24beaf2eeb1,1 year ago,qwen\qwen2.5-coder.csv,1.6
granite4:micro-q3_K_S,1.6GB,128K,Text,5f1165d4a7bc,11 months ago,ibm\granite4.csv,1.6
llama-guard3:1b,1.6GB,128K,Text,494147e06bf9,1 year ago,llama\llama-guard3.csv,1.6
granite3.3:2b-base-q4_1,1.6GB,128K,Text,7acabcae2f43,1 year ago,ibm\granite3.3.csv,1.6
granite3.1-dense:2b-base-q4_1,1.6GB,128K,Text,14e35033be82,1 year ago,ibm\granite3.1-dense.csv,1.6
llama-guard3:1b-q8_0,1.6GB,128K,Text,494147e06bf9,1 year ago,llama\llama-guard3.csv,1.6
granite3-moe:3b-instruct-q3_K_M,1.6GB,4K,Text,cc32cde7c1fe,1 year ago,granite\granite3-moe.csv,1.6
granite3.1-dense:2b,1.6GB,128K,Text,fba1ad01113e,1 year ago,granite\granite3.1-dense.csv,1.6
granite3.1-dense:2b-instruct-q4_1,1.6GB,128K,Text,c265a649f4f8,1 year ago,granite\granite3.1-dense.csv,1.6
granite3-moe:3b-instruct-q3_K_M,1.6GB,4K,Text,4be3394227d0,1 year ago,ibm\granite3-moe.csv,1.6
granite3-moe:3b-base-q3_K_M,1.6GB,4K,Text,b8cfc96b5203,1 year ago,ibm\granite3-moe.csv,1.6
gemma2:2b-text-q4_K_S,1.6GB,8K,Text,d86f9248222e,2 years ago,gemma\gemma2.csv,1.6
gemma2:2b-text-q4_0,1.6GB,8K,Text,3e796d92bb34,2 years ago,gemma\gemma2.csv,1.6
codegemma:2b-code-q4_K_S,1.6GB,8K,Text,,,gemma\codegemma.csv,1.6
granite3.1-dense:2b-instruct-q4_1,1.6GB,128K,Text,f02b026e3468,1 year ago,ibm\granite3.1-dense.csv,1.6
granite3-dense:2b,1.6GB,4K,Text,5c2e6f3112f4,1 year ago,granite\granite3-dense.csv,1.6
granite3-dense:latest,1.6GB,4K,Text,5c2e6f3112f4,1 year ago,granite\granite3-dense.csv,1.6
qwen2.5:3b-instruct-q3_K_M,1.6GB,32K,Text,c3240229f22f,1 year ago,qwen\qwen2.5.csv,1.6
qwen2.5:1.5b-instruct-q8_0,1.6GB,32K,Text,b19683a34698,1 year ago,qwen\qwen2.5.csv,1.6
gemma:2b-v1.1,1.6GB,8K,Text,030ee63283b5,2 years ago,gemma\gemma.csv,1.6
granite4:micro-base-q3_K_S,1.6GB,128K,Text,3205e26f39fc,11 months ago,ibm\granite4.csv,1.6
codegemma:2b-code-v1.1-q4_0,1.6GB,8K,Text,,,gemma\codegemma.csv,1.6
phi:2.7b-chat-v2-q4_K_S,1.6GB,2K,Text,,,phi\phi.csv,1.6
codegemma:2b-v1.1,1.6GB,8K,Text,,,gemma\codegemma.csv,1.6
codegemma:2b-code-q4_0,1.6GB,8K,Text,,,gemma\codegemma.csv,1.6
qwen2.5-coder:3b-base-q3_K_M,1.6GB,32K,Text,c039b31a931f,1 year ago,qwen\qwen2.5-coder.csv,1.6
granite3.1-moe:3b-base-q3_K_M,1.6GB,128K,Text,1ecb95c4eca2,1 year ago,ibm\granite3.1-moe.csv,1.6
granite3-dense:2b-instruct-q4_K_M,1.6GB,4K,Text,5c2e6f3112f4,1 year ago,granite\granite3-dense.csv,1.6
gemma2:2b-instruct-q4_K_M,1.7GB,8K,Text,cb2d06dce813,2 years ago,gemma\gemma2.csv,1.7
qwen2.5-coder:3b-instruct-q3_K_L,1.7GB,32K,Text,361756468e52,1 year ago,qwen\qwen2.5-coder.csv,1.7
gemma:2b,1.7GB,8K,Text,b50d6c999e59,2 years ago,gemma\gemma.csv,1.7
granite4:micro-base-q3_K_M,1.7GB,128K,Text,478fd9c2c463,11 months ago,ibm\granite4.csv,1.7
granite4:micro-q3_K_M,1.7GB,128K,Text,d0626413a629,11 months ago,ibm\granite4.csv,1.7
gemma:2b-text,1.7GB,8K,Text,4003359bdf67,2 years ago,gemma\gemma.csv,1.7
granite3.1-moe:3b-instruct-q3_K_L,1.7GB,128K,Text,871533849c8a,1 year ago,ibm\granite3.1-moe.csv,1.7
granite3-dense:2b-instruct-q4_1,1.7GB,4K,Text,616acd8fb9d1,1 year ago,ibm\granite3-dense.csv,1.7
gemma:2b-text-q4_0,1.7GB,8K,Text,4003359bdf67,2 years ago,gemma\gemma.csv,1.7
gemma:2b-instruct-q4_K_S,1.7GB,8K,Text,1f62e695daaf,2 years ago,gemma\gemma.csv,1.7
gemma:2b-instruct-v1.1-q4_1,1.7GB,8K,Text,7eceb81ab6c2,2 years ago,gemma\gemma.csv,1.7
qwen3.5:0.8b-mlx-bf16,MLX 1.7GB,256K,"Text, Image",95fbaba894b5,5 months ago,qwen\qwen3.5.csv,1.7
shieldgemma:2b-q4_K_M,1.7GB,8K,Text,5aad5044d142,1 year ago,gemma\shieldgemma.csv,1.7
gemma:2b-text-q4_K_S,1.7GB,8K,Text,e1f170c66fed,2 years ago,gemma\gemma.csv,1.7
granite4.1:3b-q3_K_M,1.7GB,128K,Text,bd72b20cd67b,4 months ago,granite\granite4.1.csv,1.7
gemma:2b-instruct-q4_0,1.7GB,8K,Text,b50d6c999e59,2 years ago,gemma\gemma.csv,1.7
granite4:1b-base-q8_0,1.7GB,128K,Text,903d9d7a0c17,10 months ago,ibm\granite4.csv,1.7
phi3:3.8b-mini-4k-instruct-q3_K_S,1.7GB,4K,Text,71d5c0da0a45,2 years ago,phi\phi3.csv,1.7
qwen2.5:3b-instruct-q3_K_L,1.7GB,32K,Text,f8d588c5572a,1 year ago,qwen\qwen2.5.csv,1.7
llama3.2:3b-text-q3_K_M,1.7GB,128K,Text,c0f8d9281394,1 year ago,llama\llama3.2.csv,1.7
granite3.1-moe:3b-base-q3_K_L,1.7GB,128K,Text,6fdafe1ea334,1 year ago,ibm\granite3.1-moe.csv,1.7
granite4.2:3b-q3_K_S,1.7GB,128K,Text,9f0ff9d12685,1 week ago,ibm\granite4.2.csv,1.7
granite4.1:3b-q3_K_M,1.7GB,128K,Text,bd72b20cd67b,4 months ago,ibm\granite4.1.csv,1.7
gemma2:2b-text-q4_K_M,1.7GB,8K,Text,c104b2dcf9cd,2 years ago,gemma\gemma2.csv,1.7
granite4.2:3b-q3_K_S,1.7GB,128K,Text,d1ad36607eac,1 week ago,granite\granite4.2.csv,1.7
granite4:1b-q8_0,1.7GB,128K,Text,cbde93658fc5,10 months ago,ibm\granite4.csv,1.7
qwen2.5-coder:3b-base-q3_K_L,1.7GB,32K,Text,e5e9e860e01c,1 year ago,qwen\qwen2.5-coder.csv,1.7
phi3.5:3.8b-mini-instruct-q3_K_S,1.7GB,4K,Text,a96deac0d01a,1 year ago,phi\phi3.5.csv,1.7
llama3.2:3b-instruct-q3_K_M,1.7GB,128K,Text,fea4b4677930,1 year ago,llama\llama3.2.csv,1.7
phi3:3.8b-mini-128k-instruct-q3_K_S,1.7GB,4K,Text,b867d0390a90,2 years ago,phi\phi3.csv,1.7
shieldgemma:2b,1.7GB,8K,Text,5aad5044d142,1 year ago,gemma\shieldgemma.csv,1.7
codegemma:2b-code-q4_1,1.7GB,8K,Text,,,gemma\codegemma.csv,1.7
granite3-dense:2b-instruct-q4_1,1.7GB,4K,Text,e12ad0fad2ad,1 year ago,granite\granite3-dense.csv,1.7
codegemma:2b-code-v1.1-q4_1,1.7GB,8K,Text,,,gemma\codegemma.csv,1.7
granite3.3:2b-base-q5_K_M,1.8GB,128K,Text,db2d4f1d04c8,1 year ago,ibm\granite3.3.csv,1.8
qwen2.5-coder:3b-base-q4_0,1.8GB,32K,Text,f1f7ad8989c3,1 year ago,qwen\qwen2.5-coder.csv,1.8
qwen2.5-coder:3b-instruct-q4_0,1.8GB,32K,Text,6a55fb15068d,1 year ago,qwen\qwen2.5-coder.csv,1.8
shieldgemma:2b-q4_1,1.8GB,8K,Text,8079392bcbe5,1 year ago,gemma\shieldgemma.csv,1.8
qwen2.5-coder:3b-instruct-q4_K_S,1.8GB,32K,Text,e6e376f35d18,1 year ago,qwen\qwen2.5-coder.csv,1.8
qwen2.5:3b-instruct-q4_0,1.8GB,32K,Text,09f7fe4d29e6,1 year ago,qwen\qwen2.5.csv,1.8
phi:2.7b-chat-v2-q4_K_M,1.8GB,2K,Text,,,phi\phi.csv,1.8
qwen2.5-coder:3b-base-q4_K_S,1.8GB,32K,Text,09aa6f058dde,1 year ago,qwen\qwen2.5-coder.csv,1.8
granite3-dense:2b-base-q5_K_M,1.8GB,4K,Text,025368ebfee9,1 year ago,ibm\granite3-dense.csv,1.8
granite3-dense:2b-base-q5_K_S,1.8GB,4K,Text,c62635bd3bd5,1 year ago,ibm\granite3-dense.csv,1.8
granite3-dense:2b-instruct-q5_K_S,1.8GB,4K,Text,03aade47da2d,1 year ago,ibm\granite3-dense.csv,1.8
granite3-dense:2b-instruct-q5_0,1.8GB,4K,Text,d886ce2427bb,1 year ago,ibm\granite3-dense.csv,1.8
phi:2.7b-chat-v2-q4_1,1.8GB,2K,Text,,,phi\phi.csv,1.8
granite3-dense:2b-base-q5_0,1.8GB,4K,Text,ecea55c737b4,1 year ago,ibm\granite3-dense.csv,1.8
granite4.2:3b-q3_K_M,1.8GB,128K,Text,37c1855f627f,1 week ago,granite\granite4.2.csv,1.8
qwen2.5:3b-instruct-q4_K_S,1.8GB,32K,Text,3033a0ab2cfd,1 year ago,qwen\qwen2.5.csv,1.8
granite3.2:2b-instruct-q5_0,1.8GB,128K,Text,57b30c387429,1 year ago,ibm\granite3.2.csv,1.8
granite3.2:2b-instruct-q5_K_S,1.8GB,128K,Text,296b9f05260d,1 year ago,ibm\granite3.2.csv,1.8
granite3.2:2b-instruct-q5_K_M,1.8GB,128K,Text,518e6ff197d2,1 year ago,ibm\granite3.2.csv,1.8
granite3-guardian:2b-q5_K_M,1.8GB,8K,Text,79aef5af3f6b,1 year ago,ibm\granite3-guardian.csv,1.8
granite3.1-moe:3b-instruct-q3_K_L,1.8GB,128K,Text,712573071d24,1 year ago,granite\granite3.1-moe.csv,1.8
granite3.1-dense:2b-instruct-q5_K_M,1.8GB,128K,Text,86cdcdb94cd6,1 year ago,granite\granite3.1-dense.csv,1.8
gemma2:2b-instruct-q4_1,1.8GB,8K,Text,147febd40666,2 years ago,gemma\gemma2.csv,1.8
granite3.1-dense:2b-instruct-q5_0,1.8GB,128K,Text,f26890da1451,1 year ago,granite\granite3.1-dense.csv,1.8
granite3.1-dense:2b-instruct-q5_K_S,1.8GB,128K,Text,1a2b39f6e69c,1 year ago,granite\granite3.1-dense.csv,1.8
gemma:2b-instruct-q4_1,1.8GB,8K,Text,79f47baf629d,2 years ago,gemma\gemma.csv,1.8
gemma:2b-instruct-v1.1-q5_0,1.8GB,8K,Text,08119f9e759a,2 years ago,gemma\gemma.csv,1.8
gemma:2b-instruct-q4_K_M,1.8GB,8K,Text,073d0876d678,2 years ago,gemma\gemma.csv,1.8
gemma:2b-instruct-v1.1-q5_K_M,1.8GB,8K,Text,8b4445dd0168,2 years ago,gemma\gemma.csv,1.8
gemma:2b-text-q4_1,1.8GB,8K,Text,2336b3481fc2,2 years ago,gemma\gemma.csv,1.8
gemma:2b-text-q4_K_M,1.8GB,8K,Text,14b9181dd33c,2 years ago,gemma\gemma.csv,1.8
gemma:2b-instruct-v1.1-q5_K_S,1.8GB,8K,Text,86981b46f254,2 years ago,gemma\gemma.csv,1.8
granite3-dense:2b-instruct-q5_K_S,1.8GB,4K,Text,be9d8efefd30,1 year ago,granite\granite3-dense.csv,1.8
llama3.2:3b-text-q3_K_L,1.8GB,128K,Text,4e8b52d4f25e,1 year ago,llama\llama3.2.csv,1.8
codegemma:2b-code-q5_0,1.8GB,8K,Text,,,gemma\codegemma.csv,1.8
granite3.1-dense:2b-base-q5_K_M,1.8GB,128K,Text,4567cbb198b4,1 year ago,ibm\granite3.1-dense.csv,1.8
qwen3.5:0.8b-bf16,1.8GB,256K,"Text, Image",81a0b6550a2d,5 months ago,qwen\qwen3.5.csv,1.8
codegemma:2b-code-v1.1-q5_0,1.8GB,8K,Text,,,gemma\codegemma.csv,1.8
granite3.1-guardian:2b-q5_K_M,1.8GB,128K,Text,1806c284004c,1 year ago,ibm\granite3.1-guardian.csv,1.8
codegemma:2b-code-v1.1-q5_K_S,1.8GB,8K,Text,,,gemma\codegemma.csv,1.8
granite3.3:2b-instruct-q5_0,1.8GB,128K,Text,0b200242af09,1 year ago,ibm\granite3.3.csv,1.8
granite3.3:2b-instruct-q5_K_S,1.8GB,128K,Text,7129de5deb0d,1 year ago,ibm\granite3.3.csv,1.8
granite3.3:2b-instruct-q5_K_M,1.8GB,128K,Text,123cb9d5e275,1 year ago,ibm\granite3.3.csv,1.8
granite3.3:2b-base-q5_0,1.8GB,128K,Text,1d8696cb3c9d,1 year ago,ibm\granite3.3.csv,1.8
codegemma:2b-code-q5_K_M,1.8GB,8K,Text,,,gemma\codegemma.csv,1.8
codegemma:2b-code-v1.1-q5_K_M,1.8GB,8K,Text,,,gemma\codegemma.csv,1.8
codegemma:2b-code-q5_K_S,1.8GB,8K,Text,,,gemma\codegemma.csv,1.8
llama3.2:3b-instruct-q3_K_L,1.8GB,128K,Text,adcbc7b3c10e,1 year ago,llama\llama3.2.csv,1.8
granite3.1-dense:2b-base-q5_K_S,1.8GB,128K,Text,9e4cbb110958,1 year ago,ibm\granite3.1-dense.csv,1.8
granite3-dense:2b-instruct-q5_0,1.8GB,4K,Text,db3fbcdec89b,1 year ago,granite\granite3-dense.csv,1.8
granite4.2:3b-q3_K_M,1.8GB,128K,Text,bacb915b3d79,1 week ago,ibm\granite4.2.csv,1.8
granite3.1-dense:2b-instruct-q5_0,1.8GB,128K,Text,ce61a69f74bd,1 year ago,ibm\granite3.1-dense.csv,1.8
granite3.3:2b-base-q5_K_S,1.8GB,128K,Text,40e5ee71c60c,1 year ago,ibm\granite3.3.csv,1.8
granite3.1-dense:2b-base-q5_0,1.8GB,128K,Text,95282e8aeea5,1 year ago,ibm\granite3.1-dense.csv,1.8
granite3.1-dense:2b-instruct-q5_K_M,1.8GB,128K,Text,8233d53724b4,1 year ago,ibm\granite3.1-dense.csv,1.8
granite3.1-dense:2b-instruct-q5_K_S,1.8GB,128K,Text,a65e7800002b,1 year ago,ibm\granite3.1-dense.csv,1.8
granite3-moe:3b-instruct-q3_K_L,1.8GB,4K,Text,f02ae56465b6,1 year ago,ibm\granite3-moe.csv,1.8
granite3-moe:3b-instruct-q3_K_L,1.8GB,4K,Text,8c76215f504a,1 year ago,granite\granite3-moe.csv,1.8
granite3-moe:3b-base-q3_K_L,1.8GB,4K,Text,c4c5252125fd,1 year ago,ibm\granite3-moe.csv,1.8
gemma2:2b-text-q4_1,1.8GB,8K,Text,47a5df96d4e0,2 years ago,gemma\gemma2.csv,1.8
granite3-dense:2b-instruct-q5_K_M,1.9GB,4K,Text,36dc7cf596aa,1 year ago,ibm\granite3-dense.csv,1.9
granite4:micro-h-q4_K_S,1.9GB,1M,Text,3124a420a568,11 months ago,ibm\granite4.csv,1.9
granite4:micro-h-q4_0,1.9GB,1M,Text,8ae6bdefeff0,11 months ago,ibm\granite4.csv,1.9
gemma:2b-text-q5_K_S,1.9GB,8K,Text,dbbce6ea20a0,2 years ago,gemma\gemma.csv,1.9
deepseek-r1:1.5b-qwen-distill-q8_0,1.9GB,128K,Text,21c9dbd320fa,1 year ago,deepseek\deepseek-r1.csv,1.9
qwen2.5-coder:3b-base,1.9GB,32K,Text,b71a053ff1b3,1 year ago,qwen\qwen2.5-coder.csv,1.9
granite3.2:2b-instruct-q5_1,1.9GB,128K,Text,55b35b9dd8f5,1 year ago,ibm\granite3.2.csv,1.9
granite4.1:3b-q3_K_L,1.9GB,128K,Text,eb446378f84c,4 months ago,granite\granite4.1.csv,1.9
qwen:4b-chat-v1.5-q3_K_S,1.9GB,32K,Text,d75968a2b37c,2 years ago,qwen\qwen.csv,1.9
granite3.1-moe:3b-instruct-q4_0,1.9GB,128K,Text,4028910e5822,1 year ago,ibm\granite3.1-moe.csv,1.9
granite4:micro-h-base-q4_K_M,1.9GB,1M,Text,727d887e8421,11 months ago,ibm\granite4.csv,1.9
gemma:2b-instruct-q5_K_S,1.9GB,8K,Text,466d55f10b72,2 years ago,gemma\gemma.csv,1.9
granite4:micro-h-q4_K_M,1.9GB,1M,Text,076afb3855dc,11 months ago,ibm\granite4.csv,1.9
gemma:2b-text-q5_0,1.9GB,8K,Text,b82a85f35c76,2 years ago,gemma\gemma.csv,1.9
gemma:2b-instruct-v1.1-q5_1,1.9GB,8K,Text,c30cb73e47bb,2 years ago,gemma\gemma.csv,1.9
granite3.1-moe:3b-instruct-q4_K_S,1.9GB,128K,Text,44f84831f9bf,1 year ago,ibm\granite3.1-moe.csv,1.9
qwen3-vl:2b,1.9GB,256K,"Text, Image",0635d9d857d4,10 months ago,qwen\qwen3-vl.csv,1.9
qwen3-vl:2b-thinking-q4_K_M,1.9GB,256K,"Text, Image",0635d9d857d4,10 months ago,qwen\qwen3-vl.csv,1.9
qwen3-vl:2b-thinking,1.9GB,256K,"Text, Image",0635d9d857d4,10 months ago,qwen\qwen3-vl.csv,1.9
qwen3-vl:2b-instruct-q4_K_M,1.9GB,256K,"Text, Image",ea422f1e7365,10 months ago,qwen\qwen3-vl.csv,1.9
granite3.3:2b-instruct-q5_1,1.9GB,128K,Text,1cc05fa53e95,1 year ago,ibm\granite3.3.csv,1.9
granite3.3:2b-base-q5_1,1.9GB,128K,Text,d97fdc536fdc,1 year ago,ibm\granite3.3.csv,1.9
codegemma:2b-code-v1.1-q5_1,1.9GB,8K,Text,,,gemma\codegemma.csv,1.9
codegemma:2b-code-q5_1,1.9GB,8K,Text,,,gemma\codegemma.csv,1.9
qwen2.5:3b,1.9GB,32K,Text,357c53fb659c,1 year ago,qwen\qwen2.5.csv,1.9
granite3-moe:3b-instruct-q4_K_S,1.9GB,4K,Text,9f5ecea51621,1 year ago,granite\granite3-moe.csv,1.9
granite3-moe:3b-base-q4_K_S,1.9GB,4K,Text,897eb47878e1,1 year ago,ibm\granite3-moe.csv,1.9
granite3-moe:3b-instruct-q4_0,1.9GB,4K,Text,d144aac2b0d8,1 year ago,granite\granite3-moe.csv,1.9
granite3-moe:3b-base-q4_0,1.9GB,4K,Text,b8e16596ae0d,1 year ago,ibm\granite3-moe.csv,1.9
gemma2:2b-text-q5_0,1.9GB,8K,Text,5584a807b8ba,2 years ago,gemma\gemma2.csv,1.9
gemma2:2b-text-q5_K_S,1.9GB,8K,Text,a3cd2a717100,2 years ago,gemma\gemma2.csv,1.9
qwen3-vl:2b-instruct,1.9GB,256K,"Text, Image",ea422f1e7365,10 months ago,qwen\qwen3-vl.csv,1.9
llama3.2:3b-text-q4_0,1.9GB,128K,Text,d7842f3d2c28,1 year ago,llama\llama3.2.csv,1.9
granite3-dense:2b-instruct-q5_K_M,1.9GB,4K,Text,dcace13d6d34,1 year ago,granite\granite3-dense.csv,1.9
llama3.2:3b-instruct-q4_K_S,1.9GB,128K,Text,80f2089878c9,1 year ago,llama\llama3.2.csv,1.9
llama3.2:3b-instruct-q4_0,1.9GB,128K,Text,9b9453afbdd6,1 year ago,llama\llama3.2.csv,1.9
granite4.1:3b-q3_K_L,1.9GB,128K,Text,eb446378f84c,4 months ago,ibm\granite4.1.csv,1.9
llama3.2:3b-text-q4_K_S,1.9GB,128K,Text,8265cd0d8cf7,1 year ago,llama\llama3.2.csv,1.9
granite3-moe:3b-instruct-q4_K_S,1.9GB,4K,Text,2ff1618be396,1 year ago,ibm\granite3-moe.csv,1.9
granite3.1-dense:2b-base-q5_1,1.9GB,128K,Text,7bc513ae4525,1 year ago,ibm\granite3.1-dense.csv,1.9
granite4:micro-base-q3_K_L,1.9GB,128K,Text,fee0a53232cd,11 months ago,ibm\granite4.csv,1.9
granite4:micro-q3_K_L,1.9GB,128K,Text,d72bd87fb725,11 months ago,ibm\granite4.csv,1.9
granite3-dense:2b-base-q5_1,1.9GB,4K,Text,b10ec8811d0d,1 year ago,ibm\granite3-dense.csv,1.9
granite4:micro-h-base-q4_K_S,1.9GB,1M,Text,5ad525058a75,11 months ago,ibm\granite4.csv,1.9
granite4:micro-h,1.9GB,1M,Text,076afb3855dc,11 months ago,ibm\granite4.csv,1.9
granite3.1-moe:3b-instruct-q4_K_S,1.9GB,128K,Text,71da5b32c299,1 year ago,granite\granite3.1-moe.csv,1.9
gemma2:2b-instruct-q5_0,1.9GB,8K,Text,33c77c94b6d9,2 years ago,gemma\gemma2.csv,1.9
granite3.1-dense:2b-instruct-q5_1,1.9GB,128K,Text,35c067239cb5,1 year ago,granite\granite3.1-dense.csv,1.9
granite3.1-moe:3b-instruct-q4_0,1.9GB,128K,Text,575c94ea9f74,1 year ago,granite\granite3.1-moe.csv,1.9
qwen2.5:3b-instruct-q4_K_M,1.9GB,32K,Text,357c53fb659c,1 year ago,qwen\qwen2.5.csv,1.9
nemotron-mini:4b-instruct-q2_K,1.9GB,4K,Text,71c1aed58cc4,1 year ago,nemotron\nemotron-mini.csv,1.9
gemma:2b-instruct-q5_0,1.9GB,8K,Text,f2e0978e20a7,2 years ago,gemma\gemma.csv,1.9
qwen2.5:3b-instruct,1.9GB,32K,Text,357c53fb659c,1 year ago,qwen\qwen2.5.csv,1.9
granite3.1-moe:3b-base-q4_0,1.9GB,128K,Text,8e8c36ce822d,1 year ago,ibm\granite3.1-moe.csv,1.9
granite3.1-moe:3b-base-q4_K_S,1.9GB,128K,Text,aaf55e133a5b,1 year ago,ibm\granite3.1-moe.csv,1.9
qwen2.5-coder:3b-base-q4_K_M,1.9GB,32K,Text,b71a053ff1b3,1 year ago,qwen\qwen2.5-coder.csv,1.9
phi:2.7b-chat-v2-q5_0,1.9GB,2K,Text,,,phi\phi.csv,1.9
granite4:3b-h,1.9GB,1M,Text,076afb3855dc,10 months ago,ibm\granite4.csv,1.9
phi:2.7b-chat-v2-q5_K_S,1.9GB,2K,Text,,,phi\phi.csv,1.9
granite4:micro-h-base-q4_0,1.9GB,1M,Text,8b18e2fdd412,11 months ago,ibm\granite4.csv,1.9
qwen2.5-coder:3b-instruct-q4_K_M,1.9GB,32K,Text,f72c60cabf62,1 year ago,qwen\qwen2.5-coder.csv,1.9
qwen2.5-coder:3b,1.9GB,32K,Text,f72c60cabf62,1 year ago,qwen\qwen2.5-coder.csv,1.9
shieldgemma:2b-q5_K_M,1.9GB,8K,Text,29b311ed2d95,1 year ago,gemma\shieldgemma.csv,1.9
qwen3.5:2b-q4_K_M,1.9GB,256K,"Text, Image",124a03c34777,6 months ago,qwen\qwen3.5.csv,1.9
qwen2.5-coder:3b-instruct,1.9GB,32K,Text,f72c60cabf62,1 year ago,qwen\qwen2.5-coder.csv,1.9
qwen:4b-text-v1.5-q3_K_S,1.9GB,32K,Text,8a41ec56a16b,2 years ago,qwen\qwen.csv,1.9
shieldgemma:2b-q5_0,1.9GB,8K,Text,f0ccd970270f,1 year ago,gemma\shieldgemma.csv,1.9
shieldgemma:2b-q5_K_S,1.9GB,8K,Text,e87b5af5b923,1 year ago,gemma\shieldgemma.csv,1.9
gemma2:2b-text-q5_K_M,1.9GB,8K,Text,d298863d20ab,2 years ago,gemma\gemma2.csv,1.9
granite3.1-dense:2b-instruct-q5_1,1.9GB,128K,Text,40450b76460d,1 year ago,ibm\granite3.1-dense.csv,1.9
gemma2:2b-instruct-q5_K_M,1.9GB,8K,Text,44b731fe20db,2 years ago,gemma\gemma2.csv,1.9
gemma2:2b-instruct-q5_K_S,1.9GB,8K,Text,6ced300e723a,2 years ago,gemma\gemma2.csv,1.9
granite3-moe:3b-instruct-q4_0,1.9GB,4K,Text,4104d45b42bc,1 year ago,ibm\granite3-moe.csv,1.9
granite3.1-moe:3b,2.0GB,128K,Text,605fe091a8c3,1 year ago,ibm\granite3.1-moe.csv,2.0
granite4.1:3b-q4_K_S,2.0GB,128K,Text,aaf53db81651,4 months ago,ibm\granite4.1.csv,2.0
granite4.2:3b-q3_K_L,2.0GB,128K,Text,6b46da5ef255,1 week ago,ibm\granite4.2.csv,2.0
qwen:4b-text-v1.5-q3_K_M,2.0GB,32K,Text,b446af0b99f1,2 years ago,qwen\qwen.csv,2.0
qwen2.5-coder:3b-instruct-q4_1,2.0GB,32K,Text,c687a8f39d3a,1 year ago,qwen\qwen2.5-coder.csv,2.0
qwen2.5:3b-instruct-q4_1,2.0GB,32K,Text,c8aefde2cd4f,1 year ago,qwen\qwen2.5.csv,2.0
granite4:micro-base-q4_K_S,2.0GB,128K,Text,951699524644,11 months ago,ibm\granite4.csv,2.0
qwen2.5-coder:3b-base-q4_1,2.0GB,32K,Text,6ba296c4ee70,1 year ago,qwen\qwen2.5-coder.csv,2.0
shieldgemma:2b-q5_1,2.0GB,8K,Text,86dd3e901f29,1 year ago,gemma\shieldgemma.csv,2.0
qwen:4b-chat-v1.5-q3_K_M,2.0GB,32K,Text,da9fe589f9b3,2 years ago,qwen\qwen.csv,2.0
granite3.1-moe:3b-base-q4_K_M,2.0GB,128K,Text,4be76733faf4,1 year ago,ibm\granite3.1-moe.csv,2.0
granite3.1-moe:latest,2.0GB,128K,Text,b43d80d7fca7,1 year ago,granite\granite3.1-moe.csv,2.0
granite3.1-moe:3b-instruct-q4_K_M,2.0GB,128K,Text,b43d80d7fca7,1 year ago,granite\granite3.1-moe.csv,2.0
qwen:1.8b-chat-q8_0,2.0GB,8K,Text,761057adac8d,2 years ago,qwen\qwen.csv,2.0
gemma2:2b-instruct-q5_1,2.0GB,8K,Text,3d4744db4971,2 years ago,gemma\gemma2.csv,2.0
phi3.5:3.8b-mini-instruct-q3_K_M,2.0GB,4K,Text,0d7837063f04,1 year ago,phi\phi3.5.csv,2.0
llama3.2:3b-instruct-q4_K_M,2.0GB,128K,Text,a80c4f17acd5,1 year ago,llama\llama3.2.csv,2.0
llama3.2:latest,2.0GB,128K,Text,a80c4f17acd5,1 year ago,llama\llama3.2.csv,2.0
llama3.2:3b,2.0GB,128K,Text,a80c4f17acd5,1 year ago,llama\llama3.2.csv,2.0
qwen:1.8b-chat-v1.5-q8_0,2.0GB,32K,Text,2af802a8e3c4,2 years ago,qwen\qwen.csv,2.0
granite4.1:3b-q4_0,2.0GB,128K,Text,010f4b63e5f7,4 months ago,granite\granite4.1.csv,2.0
granite4.1:3b-q4_K_S,2.0GB,128K,Text,aaf53db81651,4 months ago,granite\granite4.1.csv,2.0
gemma:2b-instruct-q5_K_M,2.0GB,8K,Text,79fe7a4a6e26,2 years ago,gemma\gemma.csv,2.0
granite3.2-guardian:3b-q4_K_M,2.0GB,128K,Text,e04204f2f749,1 year ago,ibm\granite3.2-guardian.csv,2.0
granite3.1-moe:3b-instruct-q4_K_M,2.0GB,128K,Text,605fe091a8c3,1 year ago,ibm\granite3.1-moe.csv,2.0
qwen:1.8b-text-v1.5-q8_0,2.0GB,32K,Text,48d0284fc9fe,2 years ago,qwen\qwen.csv,2.0
qwen:1.8b-text-q8_0,2.0GB,8K,Text,fb7576710ad5,2 years ago,qwen\qwen.csv,2.0
granite4:micro-h-q4_1,2.0GB,1M,Text,00e60a382b5d,11 months ago,ibm\granite4.csv,2.0
granite4:micro-h-base-q4_1,2.0GB,1M,Text,0a0c09b2365e,11 months ago,ibm\granite4.csv,2.0
granite4:micro-q4_K_S,2.0GB,128K,Text,f345703933d0,11 months ago,ibm\granite4.csv,2.0
granite3-dense:2b-instruct-q5_1,2.0GB,4K,Text,45b7bd2bde9b,1 year ago,ibm\granite3-dense.csv,2.0
gemma:2b-text-q5_K_M,2.0GB,8K,Text,75095004592a,2 years ago,gemma\gemma.csv,2.0
granite4.2:3b-q3_K_L,2.0GB,128K,Text,92299e79879e,1 week ago,granite\granite4.2.csv,2.0
granite4:micro-q4_0,2.0GB,128K,Text,4ecf35fdfe65,11 months ago,ibm\granite4.csv,2.0
granite4:micro-base-q4_0,2.0GB,128K,Text,98d9c22e865a,11 months ago,ibm\granite4.csv,2.0
granite3.1-moe:3b,2.0GB,128K,Text,b43d80d7fca7,1 year ago,granite\granite3.1-moe.csv,2.0
phi3:3.8b-mini-128k-instruct-q3_K_M,2.0GB,4K,Text,bf51ffbfc6fd,2 years ago,phi\phi3.csv,2.0
granite4.1:3b-q4_0,2.0GB,128K,Text,010f4b63e5f7,4 months ago,ibm\granite4.1.csv,2.0
gemma2:2b-text-q5_1,2.0GB,8K,Text,6fb41a6313fd,2 years ago,gemma\gemma2.csv,2.0
llama3.2:3b-text-q4_K_M,2.0GB,128K,Text,632997a5a262,1 year ago,llama\llama3.2.csv,2.0
granite3-dense:2b-instruct-q5_1,2.0GB,4K,Text,bc5ed577d64f,1 year ago,granite\granite3-dense.csv,2.0
gemma3:1b-it-fp16,2.0GB,32K,Text,16d00907691b,1 year ago,gemma\gemma3.csv,2.0
phi3:3.8b-mini-4k-instruct-q3_K_M,2.0GB,4K,Text,9971a6367aaa,2 years ago,phi\phi3.csv,2.0
phi:2.7b-chat-v2-q5_K_M,2.1GB,2K,Text,,,phi\phi.csv,2.1
granite3.1-moe:3b-base-q4_1,2.1GB,128K,Text,8942c9a09ac4,1 year ago,ibm\granite3.1-moe.csv,2.1
phi:2.7b-chat-v2-q5_1,2.1GB,2K,Text,,,phi\phi.csv,2.1
granite3.3:2b-base-q6_K,2.1GB,128K,Text,b7e6b87bd6af,1 year ago,ibm\granite3.3.csv,2.1
granite4.2:3b-q4_0,2.1GB,128K,Text,ffe53a4441a1,1 week ago,granite\granite4.2.csv,2.1
granite4.2:3b-q4_K_S,2.1GB,128K,Text,4182b0b98b0e,1 week ago,granite\granite4.2.csv,2.1
granite3-dense:2b-base-q6_K,2.1GB,4K,Text,6a1802d2a90b,1 year ago,ibm\granite3-dense.csv,2.1
granite4:micro-base-q4_K_M,2.1GB,128K,Text,7965ef1fc4e2,11 months ago,ibm\granite4.csv,2.1
gemma:2b-text-q5_1,2.1GB,8K,Text,af9d160f687e,2 years ago,gemma\gemma.csv,2.1
gemma:2b-instruct-v1.1-q6_K,2.1GB,8K,Text,25735feffbe0,2 years ago,gemma\gemma.csv,2.1
granite3.1-moe:3b-instruct-q4_1,2.1GB,128K,Text,43836bcffc16,1 year ago,ibm\granite3.1-moe.csv,2.1
granite4:micro-q4_K_M,2.1GB,128K,Text,89962fcc7523,11 months ago,ibm\granite4.csv,2.1
granite3-guardian:2b-q6_K,2.1GB,8K,Text,660ad5f95636,1 year ago,ibm\granite3-guardian.csv,2.1
granite3-moe:3b,2.1GB,4K,Text,60cecf1845f2,1 year ago,ibm\granite3-moe.csv,2.1
gemma:2b-instruct-q5_1,2.1GB,8K,Text,2005cd5b9f9a,2 years ago,gemma\gemma.csv,2.1
granite4.1:3b,2.1GB,128K,Text,6fd349357287,4 months ago,granite\granite4.1.csv,2.1
granite3.1-dense:2b-instruct-q6_K,2.1GB,128K,Text,66d07595e1dc,1 year ago,granite\granite3.1-dense.csv,2.1
granite3.1-moe:3b-instruct-q4_1,2.1GB,128K,Text,a4c8618969bb,1 year ago,granite\granite3.1-moe.csv,2.1
granite4.1:3b-q4_K_M,2.1GB,128K,Text,6fd349357287,4 months ago,granite\granite4.1.csv,2.1
granite3.2:2b-instruct-q6_K,2.1GB,128K,Text,205a90583676,1 year ago,ibm\granite3.2.csv,2.1
granite4:latest,2.1GB,128K,Text,98b5cfd619dd,10 months ago,ibm\granite4.csv,2.1
granite3-guardian:2b,2.1GB,8K,Text,660ad5f95636,1 year ago,ibm\granite3-guardian.csv,2.1
granite4:micro,2.1GB,128K,Text,89962fcc7523,11 months ago,ibm\granite4.csv,2.1
nemotron-mini:4b-instruct-q3_K_S,2.1GB,4K,Text,28cabdeeb76e,1 year ago,nemotron\nemotron-mini.csv,2.1
llama3.2:3b-instruct-q4_1,2.1GB,128K,Text,c910c5139ab6,1 year ago,llama\llama3.2.csv,2.1
granite3.1-dense:2b-instruct-q6_K,2.1GB,128K,Text,7b97db92ed46,1 year ago,ibm\granite3.1-dense.csv,2.1
granite4:3b,2.1GB,128K,Text,89962fcc7523,10 months ago,ibm\granite4.csv,2.1
granite3-moe:3b-instruct-q4_K_M,2.1GB,4K,Text,157f538ae66e,1 year ago,granite\granite3-moe.csv,2.1
granite4.2:3b-q4_0,2.1GB,128K,Text,7bc936b56fec,1 week ago,ibm\granite4.2.csv,2.1
granite3-moe:3b-instruct-q4_1,2.1GB,4K,Text,606fa12edcea,1 year ago,ibm\granite3-moe.csv,2.1
granite3-moe:3b-instruct-q4_K_M,2.1GB,4K,Text,60cecf1845f2,1 year ago,ibm\granite3-moe.csv,2.1
granite3-moe:3b,2.1GB,4K,Text,157f538ae66e,1 year ago,granite\granite3-moe.csv,2.1
granite3-moe:3b-base-q4_K_M,2.1GB,4K,Text,8d43894dbc2d,1 year ago,ibm\granite3-moe.csv,2.1
phi3.5:3.8b-mini-instruct-q3_K_L,2.1GB,4K,Text,1a0c69ceca7c,1 year ago,phi\phi3.5.csv,2.1
phi3:3.8b-mini-4k-instruct-q3_K_L,2.1GB,4K,Text,7b07bdbff049,2 years ago,phi\phi3.csv,2.1
phi3:3.8b-mini-128k-instruct-q3_K_L,2.1GB,4K,Text,58dabb8dab6e,2 years ago,phi\phi3.csv,2.1
granite4.1:3b-q4_K_M,2.1GB,128K,Text,6fd349357287,4 months ago,ibm\granite4.1.csv,2.1
llama3.2:3b-text-q4_1,2.1GB,128K,Text,7c21a62209c3,1 year ago,llama\llama3.2.csv,2.1
granite3.1-dense:2b-base-q6_K,2.1GB,128K,Text,e17ea579f83a,1 year ago,ibm\granite3.1-dense.csv,2.1
granite3-moe:3b-base-q4_1,2.1GB,4K,Text,3e315e983cf6,1 year ago,ibm\granite3-moe.csv,2.1
granite3-moe:3b-instruct-q4_1,2.1GB,4K,Text,ac91c7b62cc7,1 year ago,granite\granite3-moe.csv,2.1
granite4.2:3b-q4_K_S,2.1GB,128K,Text,0ff85ec2f9bc,1 week ago,ibm\granite4.2.csv,2.1
granite3.1-guardian:2b,2.1GB,128K,Text,ed797887459c,1 year ago,ibm\granite3.1-guardian.csv,2.1
granite3.1-guardian:2b-q6_K,2.1GB,128K,Text,ed797887459c,1 year ago,ibm\granite3.1-guardian.csv,2.1
codegemma:2b-code-v1.1-q6_K,2.1GB,8K,Text,,,gemma\codegemma.csv,2.1
codegemma:2b-code-q6_K,2.1GB,8K,Text,,,gemma\codegemma.csv,2.1
granite3.3:2b-instruct-q6_K,2.1GB,128K,Text,9ee1132c27b7,1 year ago,ibm\granite3.3.csv,2.1
granite4.1:3b,2.1GB,128K,Text,6fd349357287,4 months ago,ibm\granite4.1.csv,2.1
qwen:4b-text-v1.5-q3_K_L,2.2GB,32K,Text,34cd35706e60,2 years ago,qwen\qwen.csv,2.2
shieldgemma:2b-q6_K,2.2GB,8K,Text,d6bc266fff20,1 year ago,gemma\shieldgemma.csv,2.2
phi3:mini-128k,2.2GB,128K,Text,4f2222927938,2 years ago,phi\phi3.csv,2.2
qwen:4b-chat-v1.5-q3_K_L,2.2GB,32K,Text,373625817e6f,2 years ago,qwen\qwen.csv,2.2
phi3:3.8b,2.2GB,128K,Text,4f2222927938,2 years ago,phi\phi3.csv,2.2
phi3:mini,2.2GB,128K,Text,4f2222927938,2 years ago,phi\phi3.csv,2.2
phi3:3.8b-mini-4k-instruct-q4_K_S,2.2GB,4K,Text,3a368186663f,2 years ago,phi\phi3.csv,2.2
phi3:3.8b-mini-4k-instruct-q4_0,2.2GB,4K,Text,9e6804ea5320,2 years ago,phi\phi3.csv,2.2
phi3:3.8b-mini-128k-instruct-q4_0,2.2GB,128K,Text,4f2222927938,2 years ago,phi\phi3.csv,2.2
phi3:3.8b-instruct,2.2GB,128K,Text,4f2222927938,2 years ago,phi\phi3.csv,2.2
qwen3:1.7b-q8_0,2.2GB,40K,Text,29b6a7a420a4,1 year ago,qwen\qwen3.csv,2.2
phi3:latest,2.2GB,128K,Text,4f2222927938,2 years ago,phi\phi3.csv,2.2
granite3-dense:2b-instruct-q6_K,2.2GB,4K,Text,16dc0862d52f,1 year ago,ibm\granite3-dense.csv,2.2
phi3.5:latest,2.2GB,128K,Text,61819fb370a3,1 year ago,phi\phi3.5.csv,2.2
phi3:3.8b-mini-128k-instruct-q4_K_S,2.2GB,4K,Text,786fb198d976,2 years ago,phi\phi3.csv,2.2
phi3.5:3.8b-mini-instruct-q4_0,2.2GB,128K,Text,61819fb370a3,1 year ago,phi\phi3.5.csv,2.2
phi3.5:3.8b-mini-instruct-q4_K_S,2.2GB,4K,Text,593801e5a118,1 year ago,phi\phi3.5.csv,2.2
gemma:2b-instruct-q6_K,2.2GB,8K,Text,2934d89f4873,2 years ago,gemma\gemma.csv,2.2
phi3:instruct,2.2GB,128K,Text,4f2222927938,2 years ago,phi\phi3.csv,2.2
gemma:2b-text-q6_K,2.2GB,8K,Text,5bd4a449bdbe,2 years ago,gemma\gemma.csv,2.2
phi3.5:3.8b,2.2GB,128K,Text,61819fb370a3,1 year ago,phi\phi3.5.csv,2.2
gemma2:2b-instruct-q6_K,2.2GB,8K,Text,6c5eedbb9189,2 years ago,gemma\gemma2.csv,2.2
qwen2.5:3b-instruct-q5_K_S,2.2GB,32K,Text,8ce4b148557a,1 year ago,qwen\qwen2.5.csv,2.2
qwen2.5:3b-instruct-q5_0,2.2GB,32K,Text,f2c8c51a4c62,1 year ago,qwen\qwen2.5.csv,2.2
granite4.2:3b,2.2GB,128K,Text,40577dc168a3,1 week ago,granite\granite4.2.csv,2.2
granite4:micro-h-base-q5_0,2.2GB,1M,Text,fa4bdab3c2fa,11 months ago,ibm\granite4.csv,2.2
granite4:micro-q4_1,2.2GB,128K,Text,f1750ae5b358,11 months ago,ibm\granite4.csv,2.2
granite4:micro-base-q4_1,2.2GB,128K,Text,574f1deabae1,11 months ago,ibm\granite4.csv,2.2
granite4.2:3b-q4_K_M,2.2GB,128K,Text,40577dc168a3,1 week ago,granite\granite4.2.csv,2.2
qwen2.5-coder:3b-base-q5_K_M,2.2GB,32K,Text,5ebe29b5b83a,1 year ago,qwen\qwen2.5-coder.csv,2.2
qwen2.5-coder:3b-base-q5_K_S,2.2GB,32K,Text,a5c8f5c89aec,1 year ago,qwen\qwen2.5-coder.csv,2.2
qwen2.5-coder:3b-base-q5_0,2.2GB,32K,Text,5d9e4253f276,1 year ago,qwen\qwen2.5-coder.csv,2.2
granite4:micro-h-q5_0,2.2GB,1M,Text,b1d21507c2fa,11 months ago,ibm\granite4.csv,2.2
granite4:micro-h-base-q5_K_S,2.2GB,1M,Text,28d7355f2a2e,11 months ago,ibm\granite4.csv,2.2
granite4:micro-h-q5_K_S,2.2GB,1M,Text,e57f8e91e1f3,11 months ago,ibm\granite4.csv,2.2
granite4.1:3b-q4_1,2.2GB,128K,Text,53377988686e,4 months ago,granite\granite4.1.csv,2.2
qwen2.5:3b-instruct-q5_K_M,2.2GB,32K,Text,19cf317bd479,1 year ago,qwen\qwen2.5.csv,2.2
granite4.1:3b-q4_1,2.2GB,128K,Text,53377988686e,4 months ago,ibm\granite4.1.csv,2.2
granite4.2:3b-q4_K_M,2.2GB,128K,Text,7a65e6414ad6,1 week ago,ibm\granite4.2.csv,2.2
gemma2:2b-text-q6_K,2.2GB,8K,Text,3b637a49f20f,2 years ago,gemma\gemma2.csv,2.2
qwen2.5-coder:3b-instruct-q5_0,2.2GB,32K,Text,29a4dfd4e052,1 year ago,qwen\qwen2.5-coder.csv,2.2
granite4.2:3b,2.2GB,128K,Text,7a65e6414ad6,1 week ago,ibm\granite4.2.csv,2.2
qwen2.5-coder:3b-instruct-q5_K_S,2.2GB,32K,Text,3d691932fd92,1 year ago,qwen\qwen2.5-coder.csv,2.2
qwen2.5-coder:3b-instruct-q5_K_M,2.2GB,32K,Text,cbccf6dfb086,1 year ago,qwen\qwen2.5-coder.csv,2.2
granite3-dense:2b-instruct-q6_K,2.2GB,4K,Text,7f374efdad9b,1 year ago,granite\granite3-dense.csv,2.2
qwen2.5-coder:3b-base-q5_1,2.3GB,32K,Text,1a003934c203,1 year ago,qwen\qwen2.5-coder.csv,2.3
granite3.1-moe:3b-instruct-q5_0,2.3GB,128K,Text,e3c9d355c20b,1 year ago,ibm\granite3.1-moe.csv,2.3
granite3.1-moe:3b-instruct-q5_K_S,2.3GB,128K,Text,0ccfd258132c,1 year ago,ibm\granite3.1-moe.csv,2.3
phi:2.7b-chat-v2-q6_K,2.3GB,2K,Text,,,phi\phi.csv,2.3
granite3.1-moe:3b-base-q5_K_S,2.3GB,128K,Text,f7830781cc25,1 year ago,ibm\granite3.1-moe.csv,2.3
granite3-moe:3b-base-q5_0,2.3GB,4K,Text,1daa0e7d58e5,1 year ago,ibm\granite3-moe.csv,2.3
qwen:4b-chat,2.3GB,32K,Text,d53d04290064,2 years ago,qwen\qwen.csv,2.3
granite4.2:3b-q4_1,2.3GB,128K,Text,954511ce239c,1 week ago,granite\granite4.2.csv,2.3
granite3-moe:3b-instruct-q5_0,2.3GB,4K,Text,8f4b2ad62be1,1 year ago,ibm\granite3-moe.csv,2.3
granite3-moe:3b-instruct-q5_K_S,2.3GB,4K,Text,dea1584df0ba,1 year ago,ibm\granite3-moe.csv,2.3
granite3-moe:3b-base-q5_K_S,2.3GB,4K,Text,6180e4e7792a,1 year ago,ibm\granite3-moe.csv,2.3
nemotron-mini:4b-instruct-q3_K_M,2.3GB,4K,Text,91b07164ba46,1 year ago,nemotron\nemotron-mini.csv,2.3
qwen2.5:3b-instruct-q5_1,2.3GB,32K,Text,c7e5301cb49e,1 year ago,qwen\qwen2.5.csv,2.3
granite3-moe:3b-instruct-q5_K_S,2.3GB,4K,Text,c84b2a3a27fd,1 year ago,granite\granite3-moe.csv,2.3
granite3-moe:3b-instruct-q5_0,2.3GB,4K,Text,e623edd5db90,1 year ago,granite\granite3-moe.csv,2.3
granite4:micro-h-q5_K_M,2.3GB,1M,Text,836b214e86a2,11 months ago,ibm\granite4.csv,2.3
granite3.1-moe:3b-instruct-q5_K_S,2.3GB,128K,Text,ec25600ae9c5,1 year ago,granite\granite3.1-moe.csv,2.3
granite3.1-moe:3b-instruct-q5_0,2.3GB,128K,Text,ac1c3501f148,1 year ago,granite\granite3.1-moe.csv,2.3
granite4:micro-h-base-q5_K_M,2.3GB,1M,Text,77061c83832e,11 months ago,ibm\granite4.csv,2.3
llama3.2:3b-instruct-q5_K_M,2.3GB,128K,Text,7709c7357e6d,1 year ago,llama\llama3.2.csv,2.3
granite4.2:3b-q4_1,2.3GB,128K,Text,b56bbd9a3274,1 week ago,ibm\granite4.2.csv,2.3
llama3.2:3b-text-q5_K_M,2.3GB,128K,Text,5115e096cd33,1 year ago,llama\llama3.2.csv,2.3
llama3.2:3b-text-q5_K_S,2.3GB,128K,Text,ca4813388da9,1 year ago,llama\llama3.2.csv,2.3
llama3.2:3b-instruct-q5_0,2.3GB,128K,Text,fa2b62a5f96d,1 year ago,llama\llama3.2.csv,2.3
qwen2.5-coder:3b-instruct-q5_1,2.3GB,32K,Text,6d4e1a16fa81,1 year ago,qwen\qwen2.5-coder.csv,2.3
llama3.2:3b-instruct-q5_K_S,2.3GB,128K,Text,97ef2f873c2c,1 year ago,llama\llama3.2.csv,2.3
llama3.2:3b-text-q5_0,2.3GB,128K,Text,3f80b071deb8,1 year ago,llama\llama3.2.csv,2.3
qwen:4b-text-v1.5-q4_0,2.3GB,32K,Text,a1332f1a62c4,2 years ago,qwen\qwen.csv,2.3
granite3.1-moe:3b-base-q5_0,2.3GB,128K,Text,c032a21bcbb2,1 year ago,ibm\granite3.1-moe.csv,2.3
qwen:4b-chat-v1.5-q4_0,2.3GB,32K,Text,d53d04290064,2 years ago,qwen\qwen.csv,2.3
qwen:4b,2.3GB,32K,Text,d53d04290064,2 years ago,qwen\qwen.csv,2.3
qwen:4b-text,2.3GB,32K,Text,a1332f1a62c4,2 years ago,qwen\qwen.csv,2.3
qwen:latest,2.3GB,32K,Text,d53d04290064,2 years ago,qwen\qwen.csv,2.3
qwen:4b-chat-v1.5-q4_K_S,2.3GB,32K,Text,1f33fcfdb4b1,2 years ago,qwen\qwen.csv,2.3
qwen:4b-text-v1.5-q4_K_S,2.3GB,32K,Text,a569a7c9c36b,2 years ago,qwen\qwen.csv,2.3
granite3-moe:3b-instruct-q5_K_M,2.4GB,4K,Text,94e89b071306,1 year ago,granite\granite3-moe.csv,2.4
granite4:micro-h-base-q5_1,2.4GB,1M,Text,feb02318a9ff,11 months ago,ibm\granite4.csv,2.4
granite4:micro-h-q5_1,2.4GB,1M,Text,c50bdece1275,11 months ago,ibm\granite4.csv,2.4
granite3.2-vision:2b-q4_K_M,2.4GB,128K,"Text, Image",8a2538362d20,1 year ago,ibm\granite3.2-vision.csv,2.4
granite3.1-moe:3b-instruct-q5_K_M,2.4GB,128K,Text,fac03e34e804,1 year ago,granite\granite3.1-moe.csv,2.4
granite4:micro-q5_K_S,2.4GB,128K,Text,5b1091af68df,11 months ago,ibm\granite4.csv,2.4
granite4.1:3b-q5_K_M,2.4GB,128K,Text,5f9ff57bab32,4 months ago,granite\granite4.1.csv,2.4
granite4:micro-q5_K_M,2.4GB,128K,Text,0a36f5740acb,11 months ago,ibm\granite4.csv,2.4
granite4:micro-q5_0,2.4GB,128K,Text,61c605db92ef,11 months ago,ibm\granite4.csv,2.4
granite4:micro-base-q5_0,2.4GB,128K,Text,77ae9a627a2f,11 months ago,ibm\granite4.csv,2.4
granite4.1:3b-q5_K_S,2.4GB,128K,Text,d671c6877cde,4 months ago,granite\granite4.1.csv,2.4
granite4:micro-base-q5_K_M,2.4GB,128K,Text,bf4bb9814f9d,11 months ago,ibm\granite4.csv,2.4
granite4:micro-base-q5_K_S,2.4GB,128K,Text,4a469e1f8bf4,11 months ago,ibm\granite4.csv,2.4
granite3.1-moe:3b-instruct-q5_K_M,2.4GB,128K,Text,e24810cea34a,1 year ago,ibm\granite3.1-moe.csv,2.4
granite3.1-moe:3b-base-q5_K_M,2.4GB,128K,Text,a0297e9a93b5,1 year ago,ibm\granite3.1-moe.csv,2.4
phi3:3.8b-mini-128k-instruct-q4_1,2.4GB,4K,Text,7ed2c3a2024e,2 years ago,phi\phi3.csv,2.4
phi3.5:3.8b-mini-instruct-q4_K_M,2.4GB,4K,Text,570961596984,1 year ago,phi\phi3.5.csv,2.4
phi3.5:3.8b-mini-instruct-q4_1,2.4GB,4K,Text,4cbfba8563ff,1 year ago,phi\phi3.5.csv,2.4
granite3-moe:3b-base-q5_K_M,2.4GB,4K,Text,9767dca22587,1 year ago,ibm\granite3-moe.csv,2.4
granite3.2-guardian:3b-q5_K_M,2.4GB,128K,Text,0d841878ed23,1 year ago,ibm\granite3.2-guardian.csv,2.4
phi3:3.8b-mini-128k-instruct-q4_K_M,2.4GB,4K,Text,5a157c52afff,2 years ago,phi\phi3.csv,2.4
phi3:mini-4k,2.4GB,4K,Text,d5ea514251bf,2 years ago,phi\phi3.csv,2.4
phi3:3.8b-mini-4k-instruct-q4_K_M,2.4GB,4K,Text,d5ea514251bf,2 years ago,phi\phi3.csv,2.4
phi3:3.8b-mini-4k-instruct-q4_1,2.4GB,4K,Text,ce621d0c2d06,2 years ago,phi\phi3.csv,2.4
granite3-moe:3b-instruct-q5_K_M,2.4GB,4K,Text,4da7d618bf8b,1 year ago,ibm\granite3-moe.csv,2.4
granite3.3-vision:2b-q4_K_M,2.4GB,128K,"Text, Image",c1fc23351ef0,1 year ago,ibm\granite3.3-vision.csv,2.4
granite4.1:3b-q5_K_M,2.4GB,128K,Text,5f9ff57bab32,4 months ago,ibm\granite4.1.csv,2.4
llama3.2:3b-instruct-q5_1,2.4GB,128K,Text,0452394ac7c9,1 year ago,llama\llama3.2.csv,2.4
llama3.2:3b-text-q5_1,2.4GB,128K,Text,4f906c782668,1 year ago,llama\llama3.2.csv,2.4
granite4.1:3b-q5_0,2.4GB,128K,Text,655215522aaa,4 months ago,ibm\granite4.1.csv,2.4
granite4.1:3b-q5_K_S,2.4GB,128K,Text,d671c6877cde,4 months ago,ibm\granite4.1.csv,2.4
granite4.1:3b-q5_0,2.4GB,128K,Text,655215522aaa,4 months ago,granite\granite4.1.csv,2.4
granite3-moe:3b-instruct-q5_1,2.5GB,4K,Text,709d47478efd,1 year ago,granite\granite3-moe.csv,2.5
nemotron-mini:4b-instruct-q3_K_L,2.5GB,4K,Text,899020cd5b1e,1 year ago,nemotron\nemotron-mini.csv,2.5
qwen3:4b,2.5GB,256K,Text,359d7dd4bcda,11 months ago,qwen\qwen3.csv,2.5
granite3.1-moe:3b-instruct-q5_1,2.5GB,128K,Text,14ba2faee6e3,1 year ago,granite\granite3.1-moe.csv,2.5
qwen3:4b-thinking-2507-q4_K_M,2.5GB,256K,Text,359d7dd4bcda,11 months ago,qwen\qwen3.csv,2.5
qwen2.5:3b-instruct-q6_K,2.5GB,32K,Text,9f78f7728716,1 year ago,qwen\qwen2.5.csv,2.5
granite3.1-moe:3b-instruct-q5_1,2.5GB,128K,Text,f687f9feb1ad,1 year ago,ibm\granite3.1-moe.csv,2.5
qwen2.5-coder:3b-base-q6_K,2.5GB,32K,Text,30b38aca8440,1 year ago,qwen\qwen2.5-coder.csv,2.5
qwen3:4b-thinking,2.5GB,256K,Text,359d7dd4bcda,10 months ago,qwen\qwen3.csv,2.5
phi4-mini:3.8b,2.5GB,128K,Text,78fad5d182a7,1 year ago,phi\phi4-mini.csv,2.5
qwen3.5:2b-nvfp4,MLX 2.5GB,256K,"Text, Image",0ab1f7a1e882,5 months ago,qwen\qwen3.5.csv,2.5
phi4-mini:latest,2.5GB,128K,Text,78fad5d182a7,1 year ago,phi\phi4-mini.csv,2.5
qwen:4b-chat-v1.5-q4_K_M,2.5GB,32K,Text,84dd8780ab54,2 years ago,qwen\qwen.csv,2.5
granite3-moe:3b-base-q5_1,2.5GB,4K,Text,fece82ab1678,1 year ago,ibm\granite3-moe.csv,2.5
granite3.1-moe:3b-base-q5_1,2.5GB,128K,Text,a532169b3f84,1 year ago,ibm\granite3.1-moe.csv,2.5
granite3-moe:3b-instruct-q5_1,2.5GB,4K,Text,e695fdce1d92,1 year ago,ibm\granite3-moe.csv,2.5
qwen3-embedding:4b-q4_K_M,2.5GB,40K,Text,df5bd2e3c74c,11 months ago,qwen\qwen3-embedding.csv,2.5
qwen3-embedding:4b,2.5GB,40K,Text,df5bd2e3c74c,11 months ago,qwen\qwen3-embedding.csv,2.5
qwen:4b-text-v1.5-q4_K_M,2.5GB,32K,Text,ba6453687014,2 years ago,qwen\qwen.csv,2.5
granite4.0-preview:tiny-base-q2_K,2.5GB,1M,Text,093e83613981,11 months ago,ibm\granite4.0-preview.csv,2.5
qwen3:4b-instruct-2507-q4_K_M,2.5GB,256K,Text,0edcdef34593,11 months ago,qwen\qwen3.csv,2.5
phi4-mini:3.8b-q4_K_M,2.5GB,128K,Text,78fad5d182a7,1 year ago,phi\phi4-mini.csv,2.5
qwen3:4b-instruct,2.5GB,256K,Text,0edcdef34593,11 months ago,qwen\qwen3.csv,2.5
llama3.2:1b-instruct-fp16,2.5GB,128K,Text,2887c3d03e74,1 year ago,llama\llama3.2.csv,2.5
granite4.0-preview:tiny-instruct-q2_K,2.5GB,1M,Text,1b0b4b5e36c6,11 months ago,ibm\granite4.0-preview.csv,2.5
llama3.2:1b-text-fp16,2.5GB,128K,Text,562d60c68b3d,1 year ago,llama\llama3.2.csv,2.5
qwen2.5-coder:3b-instruct-q6_K,2.5GB,32K,Text,34027fd05f12,1 year ago,qwen\qwen2.5-coder.csv,2.5
nemotron-mini:4b-instruct-q4_K_S,2.6GB,4K,Text,59f3d2ea76f8,1 year ago,nemotron\nemotron-mini.csv,2.6
granite4:tiny-h-base-q2_K,2.6GB,1M,Text,bca9c4906a09,11 months ago,ibm\granite4.csv,2.6
nemotron-mini:4b-instruct-q4_0,2.6GB,4K,Text,041bd339f71f,1 year ago,nemotron\nemotron-mini.csv,2.6
granite4:tiny-h-q2_K,2.6GB,1M,Text,1562bb60f63b,11 months ago,ibm\granite4.csv,2.6
phi3.5:3.8b-mini-instruct-q5_K_S,2.6GB,4K,Text,359cb1eb71b5,1 year ago,phi\phi3.5.csv,2.6
phi3:3.8b-mini-4k-instruct-q5_0,2.6GB,4K,Text,df35ca8fb243,2 years ago,phi\phi3.csv,2.6
phi3:3.8b-mini-4k-instruct-q5_K_S,2.6GB,4K,Text,2f614430e421,2 years ago,phi\phi3.csv,2.6
qwen:4b-chat-v1.5-q4_1,2.6GB,32K,Text,8d4b987199fe,2 years ago,qwen\qwen.csv,2.6
qwen3:4b-q4_K_M,2.6GB,40K,Text,2bfd38a7daaf,1 year ago,qwen\qwen3.csv,2.6
granite4:micro-h-q6_K,2.6GB,1M,Text,04d7088a69df,11 months ago,ibm\granite4.csv,2.6
granite4:micro-h-base-q6_K,2.6GB,1M,Text,35c21a40474e,11 months ago,ibm\granite4.csv,2.6
granite4:micro-base-q5_1,2.6GB,128K,Text,c37535d2f5ae,11 months ago,ibm\granite4.csv,2.6
granite4:micro-q5_1,2.6GB,128K,Text,356aac2d1775,11 months ago,ibm\granite4.csv,2.6
granite4.2:3b-q5_K_M,2.6GB,128K,Text,8a5cff2be752,1 week ago,granite\granite4.2.csv,2.6
granite4.1:3b-q5_1,2.6GB,128K,Text,7d0a195533f7,4 months ago,granite\granite4.1.csv,2.6
granite4.2:3b-q5_0,2.6GB,128K,Text,ddbab3d2014a,1 week ago,granite\granite4.2.csv,2.6
granite4.2:3b-q5_K_S,2.6GB,128K,Text,9ccbb8f64ae6,1 week ago,granite\granite4.2.csv,2.6
phi3:3.8b-mini-128k-instruct-q5_0,2.6GB,128K,Text,68e0cbe0eb8a,2 years ago,phi\phi3.csv,2.6
phi3:3.8b-mini-128k-instruct-q5_K_S,2.6GB,4K,Text,86b1e7aa6fd8,2 years ago,phi\phi3.csv,2.6
phi3.5:3.8b-mini-instruct-q5_0,2.6GB,4K,Text,08d2a846d344,1 year ago,phi\phi3.5.csv,2.6
granite4.1:3b-q5_1,2.6GB,128K,Text,7d0a195533f7,4 months ago,ibm\granite4.1.csv,2.6
qwen3-vl:2b-thinking-q8_0,2.6GB,256K,"Text, Image",d73b897fb9aa,10 months ago,qwen\qwen3-vl.csv,2.6
granite4.2:3b-q5_K_M,2.6GB,128K,Text,895a8b7d3834,1 week ago,ibm\granite4.2.csv,2.6
granite4.2:3b-q5_K_S,2.6GB,128K,Text,59e1cd391082,1 week ago,ibm\granite4.2.csv,2.6
granite4.2:3b-q5_0,2.6GB,128K,Text,e083ed55bd53,1 week ago,ibm\granite4.2.csv,2.6
llama3.2:3b-text-q6_K,2.6GB,128K,Text,2cc9f183bdd4,1 year ago,llama\llama3.2.csv,2.6
llama3.2:3b-instruct-q6_K,2.6GB,128K,Text,355f7bc7ff61,1 year ago,llama\llama3.2.csv,2.6
qwen3-vl:2b-instruct-q8_0,2.6GB,256K,"Text, Image",9674b2259d72,10 months ago,qwen\qwen3-vl.csv,2.6
qwen:4b-text-v1.5-q4_1,2.6GB,32K,Text,0139d9637b43,2 years ago,qwen\qwen.csv,2.6
deepseek-coder:1.3b-base-fp16,2.7GB,16K,Text,02b95acb6d92,2 years ago,deepseek\deepseek-coder.csv,2.7
deepseek-coder:1.3b-instruct-fp16,2.7GB,16K,Text,89aaa860fc95,2 years ago,deepseek\deepseek-coder.csv,2.7
mathstral:7b-v0.1-q2_K,2.7GB,32K,Text,5137b80a2f9f,2 years ago,mistral\mathstral.csv,2.7
granite3.1-dense:2b-instruct-q8_0,2.7GB,128K,Text,ef1441680161,1 year ago,granite\granite3.1-dense.csv,2.7
qwen3.5:2b,2.7GB,256K,"Text, Image",324d162be6ca,6 months ago,qwen\qwen3.5.csv,2.7
mistral:7b-instruct-v0.3-q2_K,2.7GB,32K,Text,8bada5a287d3,1 year ago,mistral\mistral.csv,2.7
granite3-moe:1b-instruct-fp16,2.7GB,4K,Text,cee5d696574c,1 year ago,granite\granite3-moe.csv,2.7
gemma:2b-text-q8_0,2.7GB,8K,Text,40e5082de8d9,2 years ago,gemma\gemma.csv,2.7
granite3.3:2b-instruct-q8_0,2.7GB,128K,Text,cc5b7c6e75ed,1 year ago,ibm\granite3.3.csv,2.7
granite3.1-moe:3b-instruct-q6_K,2.7GB,128K,Text,b49c14c5cac4,1 year ago,granite\granite3.1-moe.csv,2.7
gemma:2b-instruct-v1.1-q8_0,2.7GB,8K,Text,040645156534,2 years ago,gemma\gemma.csv,2.7
granite3.2:2b-instruct-q8_0,2.7GB,128K,Text,f6f4d0d4b4fa,1 year ago,granite\granite3.2.csv,2.7
dolphin-mistral:7b-v2.8-q2_K,2.7GB,32K,Text,703fcc8feca4,2 years ago,mistral\dolphin-mistral.csv,2.7
granite3.3-vision:2b-q5_K_M,2.7GB,128K,"Text, Image",1a9c7d7d5a0e,1 year ago,ibm\granite3.3-vision.csv,2.7
granite3.3:2b-base-q8_0,2.7GB,128K,Text,0e6d4e7fe611,1 year ago,ibm\granite3.3.csv,2.7
granite3.1-moe:1b-instruct-fp16,2.7GB,128K,Text,99904f51aa5c,1 year ago,granite\granite3.1-moe.csv,2.7
granite3-guardian:latest,2.7GB,8K,Text,ba81a177bd23,1 year ago,granite\granite3-guardian.csv,2.7
granite3-guardian:2b,2.7GB,8K,Text,ba81a177bd23,1 year ago,granite\granite3-guardian.csv,2.7
codegemma:2b-code-q8_0,2.7GB,8K,Text,,,gemma\codegemma.csv,2.7
codegemma:2b-code-v1.1-q8_0,2.7GB,8K,Text,,,gemma\codegemma.csv,2.7
granite3.2-guardian:3b,2.7GB,128K,Text,4f7cdff62b7e,1 year ago,ibm\granite3.2-guardian.csv,2.7
nemotron-mini:latest,2.7GB,4K,Text,ed76ab18784f,1 year ago,nemotron\nemotron-mini.csv,2.7
granite3.1-dense:2b-instruct-q8_0,2.7GB,128K,Text,1245da574577,1 year ago,ibm\granite3.1-dense.csv,2.7
granite3-moe:1b-instruct-f16,2.7GB,4K,Text,99d424d2ea37,1 year ago,ibm\granite3-moe.csv,2.7
granite3-guardian:2b-q8_0,2.7GB,8K,Text,f5ecf0283bcb,1 year ago,ibm\granite3-guardian.csv,2.7
nemotron-mini:4b-instruct-q4_K_M,2.7GB,4K,Text,ed76ab18784f,1 year ago,nemotron\nemotron-mini.csv,2.7
granite3.2:2b-instruct-q8_0,2.7GB,128K,Text,4e49d255178e,1 year ago,ibm\granite3.2.csv,2.7
granite3.2-vision:2b-q5_K_M,2.7GB,128K,"Text, Image",fc084518d0d8,1 year ago,ibm\granite3.2-vision.csv,2.7
granite3.1-dense:2b-base-q8_0,2.7GB,128K,Text,7d2bc857bd3b,1 year ago,ibm\granite3.1-dense.csv,2.7
granite3-dense:2b-base-q8_0,2.7GB,4K,Text,c50fc2b9d8e2,1 year ago,ibm\granite3-dense.csv,2.7
qwen3.5:2b-q8_0,2.7GB,256K,"Text, Image",324d162be6ca,6 months ago,qwen\qwen3.5.csv,2.7
mistral:7b-text-v0.2-q2_K,2.7GB,16K,Text,748b32627509,2 years ago,mistral\mistral.csv,2.7
granite3-guardian:2b-q8_0,2.7GB,8K,Text,ba81a177bd23,1 year ago,granite\granite3-guardian.csv,2.7
granite3.2-guardian:3b-q6_K,2.7GB,128K,Text,4f7cdff62b7e,1 year ago,ibm\granite3.2-guardian.csv,2.7
granite3.1-moe:1b-base-f16,2.7GB,128K,Text,4cd3e8bd24af,1 year ago,ibm\granite3.1-moe.csv,2.7
granite3.1-guardian:2b-q8_0,2.7GB,128K,Text,1a2053ee14fb,1 year ago,ibm\granite3.1-guardian.csv,2.7
granite3.1-moe:3b-instruct-q6_K,2.7GB,128K,Text,2e3dcbe75177,1 year ago,ibm\granite3.1-moe.csv,2.7
granite3.1-moe:1b-instruct-f16,2.7GB,128K,Text,26addaa84231,1 year ago,ibm\granite3.1-moe.csv,2.7
nemotron-mini:4b,2.7GB,4K,Text,ed76ab18784f,1 year ago,nemotron\nemotron-mini.csv,2.7
gemma:2b-instruct-q8_0,2.7GB,8K,Text,233b6c11a9a9,2 years ago,gemma\gemma.csv,2.7
granite3.1-moe:3b-base-q6_K,2.7GB,128K,Text,d71b6ca55a7a,1 year ago,ibm\granite3.1-moe.csv,2.7
nemotron-3-nano:4b,2.8GB,256K,Text,6cc467f05439,5 months ago,nemotron\nemotron-3-nano.csv,2.8
granite3-dense:2b-instruct-q8_0,2.8GB,4K,Text,738b0a192bee,1 year ago,ibm\granite3-dense.csv,2.8
llama2:7b-chat-q2_K,2.8GB,4K,Text,56baf05e3e67,2 years ago,llama\llama2.csv,2.8
granite4.2:3b-q5_1,2.8GB,128K,Text,89a2836a3b66,1 week ago,ibm\granite4.2.csv,2.8
nemotron-mini:4b-instruct-q4_1,2.8GB,4K,Text,715f0114b145,1 year ago,nemotron\nemotron-mini.csv,2.8
phi3:3.8b-mini-128k-instruct-q5_K_M,2.8GB,4K,Text,ffbd0ae55416,2 years ago,phi\phi3.csv,2.8
granite3-moe:3b-base-q6_K,2.8GB,4K,Text,a9e67307db4b,1 year ago,ibm\granite3-moe.csv,2.8
granite4:micro-q6_K,2.8GB,128K,Text,f718ff166e01,11 months ago,ibm\granite4.csv,2.8
granite4.1:3b-q6_K,2.8GB,128K,Text,3c142316f4cf,4 months ago,granite\granite4.1.csv,2.8
granite3-dense:2b-instruct-q8_0,2.8GB,4K,Text,f35cd2e1e433,1 year ago,granite\granite3-dense.csv,2.8
qwen:4b-chat-v1.5-q5_K_S,2.8GB,32K,Text,4a434490ef35,2 years ago,qwen\qwen.csv,2.8
gemma2:2b-text-q8_0,2.8GB,8K,Text,302f408c0774,2 years ago,gemma\gemma2.csv,2.8
granite4:micro-base-q6_K,2.8GB,128K,Text,32dfc144c3a3,11 months ago,ibm\granite4.csv,2.8
granite4.2:3b-q5_1,2.8GB,128K,Text,9e9e61dce423,1 week ago,granite\granite4.2.csv,2.8
gemma2:2b-instruct-q8_0,2.8GB,8K,Text,9d27a8c2325c,2 years ago,gemma\gemma2.csv,2.8
granite4.1:3b-q6_K,2.8GB,128K,Text,3c142316f4cf,4 months ago,ibm\granite4.1.csv,2.8
llama2-uncensored:7b-chat-q2_K,2.8GB,2K,Text,74ae83e72254,2 years ago,llama\llama2-uncensored.csv,2.8
qwen:4b-chat-v1.5-q5_K_M,2.8GB,32K,Text,0f701078af82,2 years ago,qwen\qwen.csv,2.8
qwen:4b-chat-v1.5-q5_0,2.8GB,32K,Text,1a7d31503b2a,2 years ago,qwen\qwen.csv,2.8
granite3-moe:3b-instruct-q6_K,2.8GB,4K,Text,c196db4b29bb,1 year ago,granite\granite3-moe.csv,2.8
shieldgemma:2b-q8_0,2.8GB,8K,Text,4e23a11d17c8,1 year ago,gemma\shieldgemma.csv,2.8
deepseek-coder:6.7b-instruct-q2_K,2.8GB,16K,Text,6fd7b2652ba7,2 years ago,deepseek\deepseek-coder.csv,2.8
deepseek-coder:6.7b-base-q2_K,2.8GB,16K,Text,e13d22daf157,2 years ago,deepseek\deepseek-coder.csv,2.8
qwen:4b-text-v1.5-q5_K_M,2.8GB,32K,Text,55b9362ae113,2 years ago,qwen\qwen.csv,2.8
qwen:4b-text-v1.5-q5_K_S,2.8GB,32K,Text,dc8f41c10a81,2 years ago,qwen\qwen.csv,2.8
phi3.5:3.8b-mini-instruct-q5_K_M,2.8GB,4K,Text,d8410edb4013,1 year ago,phi\phi3.5.csv,2.8
qwen:4b-text-v1.5-q5_0,2.8GB,32K,Text,9c5c32de923f,2 years ago,qwen\qwen.csv,2.8
llama2:7b-text-q2_K,2.8GB,4K,Text,c581571a4e90,2 years ago,llama\llama2.csv,2.8
granite3-moe:3b-instruct-q6_K,2.8GB,4K,Text,d2920a652161,1 year ago,ibm\granite3-moe.csv,2.8
granite3-moe:1b-base-f16,2.8GB,4K,Text,a7c7e9d19bab,1 year ago,ibm\granite3-moe.csv,2.8
phi3:3.8b-mini-4k-instruct-q5_K_M,2.8GB,4K,Text,a902ed3435bb,2 years ago,phi\phi3.csv,2.8
granite4:1b-h-f16,2.9GB,1M,Text,6225a45edb4b,10 months ago,ibm\granite4.csv,2.9
llama2:7b-chat-q3_K_S,2.9GB,4K,Text,3af967e4a825,2 years ago,llama\llama2.csv,2.9
llama2-uncensored:7b-chat-q3_K_S,2.9GB,2K,Text,3f56c4266b91,2 years ago,llama\llama2-uncensored.csv,2.9
phi3:3.8b-mini-128k-instruct-q5_1,2.9GB,4K,Text,7ccd40684bd5,2 years ago,phi\phi3.csv,2.9
granite4:1b-h-bf16,2.9GB,1M,Text,1245a435071f,10 months ago,ibm\granite4.csv,2.9
granite4:1b-h-base-bf16,2.9GB,1M,Text,9c5a47645a5a,10 months ago,ibm\granite4.csv,2.9
granite4:1b-h-base-f16,2.9GB,1M,Text,bc30f999ea0f,10 months ago,ibm\granite4.csv,2.9
phi3.5:3.8b-mini-instruct-q5_1,2.9GB,4K,Text,56d7624b988b,1 year ago,phi\phi3.5.csv,2.9
granite4.0-preview:tiny-base-q3_K_S,2.9GB,1M,Text,c2ba604eb35d,11 months ago,ibm\granite4.0-preview.csv,2.9
phi3:3.8b-mini-4k-instruct-q5_1,2.9GB,4K,Text,416e85af3eae,2 years ago,phi\phi3.csv,2.9
granite4.0-preview:tiny-instruct-q3_K_S,2.9GB,1M,Text,56d20ece241e,11 months ago,ibm\granite4.0-preview.csv,2.9
llama2:7b-text-q3_K_S,2.9GB,4K,Text,2f3ee65fe92a,2 years ago,llama\llama2.csv,2.9
qwen:4b-chat-v1.5-q5_1,3.0GB,32K,Text,061afe4b95b5,2 years ago,qwen\qwen.csv,3.0
qwen2.5-coder:7b-base-q2_K,3.0GB,32K,Text,50bf64f37239,1 year ago,qwen\qwen2.5-coder.csv,3.0
deepseek-coder:6.7b-instruct-q3_K_S,3.0GB,16K,Text,38bce866b00f,2 years ago,deepseek\deepseek-coder.csv,3.0
llama-guard3:1b-fp16,3.0GB,128K,Text,d72f84e54012,1 year ago,llama\llama-guard3.csv,3.0
qwen:7b-q2_K,3.0GB,32K,Text,afe0b73c064a,2 years ago,qwen\qwen.csv,3.0
qwen2:7b-instruct-q2_K,3.0GB,32K,Text,2ce92f066b62,1 year ago,qwen\qwen2.csv,3.0
granite4.2:3b-q6_K,3.0GB,128K,Text,12e3b9262f02,1 week ago,ibm\granite4.2.csv,3.0
nemotron-mini:4b-instruct-q5_K_S,3.0GB,4K,Text,072f4b7daa17,1 year ago,nemotron\nemotron-mini.csv,3.0
ministral-3:3b-instruct-2512-q4_K_M,3.0GB,256K,"Text, Image",f04aa1c738f6,8 months ago,mistral\ministral-3.csv,3.0
phi:2.7b-chat-v2-q8_0,3.0GB,2K,Text,,,phi\phi.csv,3.0
qwen:7b-chat-q2_K,3.0GB,32K,Text,b1e83e951244,2 years ago,qwen\qwen.csv,3.0
qwen2.5:7b-instruct-q2_K,3.0GB,32K,Text,94ac6d14b93f,1 year ago,qwen\qwen2.5.csv,3.0
qwen:4b-text-v1.5-q5_1,3.0GB,32K,Text,33f576bd435a,2 years ago,qwen\qwen.csv,3.0
deepseek-coder:6.7b-base-q3_K_S,3.0GB,16K,Text,ef853316467f,2 years ago,deepseek\deepseek-coder.csv,3.0
qwen2.5-coder:7b-instruct-q2_K,3.0GB,32K,Text,84115f3c993a,1 year ago,qwen\qwen2.5-coder.csv,3.0
ministral-3:3b,3.0GB,256K,"Text, Image",f04aa1c738f6,8 months ago,mistral\ministral-3.csv,3.0
qwen2:7b-text-q2_K,3.0GB,128K,Text,37935d384f48,2 years ago,qwen\qwen2.csv,3.0
nemotron-mini:4b-instruct-q5_0,3.0GB,4K,Text,e5f64c7116d1,1 year ago,nemotron\nemotron-mini.csv,3.0
granite4.2:3b-q6_K,3.0GB,128K,Text,6413701267c6,1 week ago,granite\granite4.2.csv,3.0
qwen:7b-chat-v1.5-q2_K,3.1GB,32K,Text,faee39b0b827,2 years ago,qwen\qwen.csv,3.1
mistral:7b-instruct-q2_K,3.1GB,32K,Text,1344ecf13c2e,2 years ago,mistral\mistral.csv,3.1
qwen2.5:1.5b-instruct-fp16,3.1GB,32K,Text,d8035f049126,1 year ago,qwen\qwen2.5.csv,3.1
qwen2:1.5b-instruct-fp16,3.1GB,32K,Text,44ae02940761,2 years ago,qwen\qwen2.csv,3.1
dolphin-mistral:7b-v2-q2_K,3.1GB,32K,Text,47e88c29db19,2 years ago,mistral\dolphin-mistral.csv,3.1
mistral:7b-text-q2_K,3.1GB,32K,Text,741772b3543d,2 years ago,mistral\mistral.csv,3.1
mistral-openorca:7b-q2_K,3.1GB,32K,Text,977fdfe52b7c,2 years ago,mistral\mistral-openorca.csv,3.1
qwen2.5-coder:1.5b-base-fp16,3.1GB,32K,Text,c60c78f3f951,1 year ago,qwen\qwen2.5-coder.csv,3.1
granite4:tiny-h-q3_K_S,3.1GB,1M,Text,d7b45217a61a,11 months ago,ibm\granite4.csv,3.1
dolphin-mistral:7b-v2.2.1-q2_K,3.1GB,32K,Text,994c722b1561,2 years ago,mistral\dolphin-mistral.csv,3.1
granite3.1-dense:8b-base-q2_K,3.1GB,128K,Text,d4036facb3cb,1 year ago,ibm\granite3.1-dense.csv,3.1
dolphin-mistral:7b-v2.1-q2_K,3.1GB,32K,Text,09b2c7439c66,2 years ago,mistral\dolphin-mistral.csv,3.1
granite3.2:8b-instruct-q2_K,3.1GB,128K,Text,ef803d73f852,1 year ago,ibm\granite3.2.csv,3.1
yarn-mistral:7b-64k-q2_K,3.1GB,32K,Text,7e69098a0185,2 years ago,mistral\yarn-mistral.csv,3.1
qwen:7b-text-v1.5-q2_K,3.1GB,32K,Text,7c798100fec5,2 years ago,qwen\qwen.csv,3.1
qwen3.5:2b-mxfp8,MLX 3.1GB,256K,"Text, Image",9dd89c688f18,2 days ago,qwen\qwen3.5.csv,3.1
granite3-dense:8b-instruct-q2_K,3.1GB,4K,Text,ebc82e288d55,1 year ago,ibm\granite3-dense.csv,3.1
dolphin-mistral:7b-v2.6-q2_K,3.1GB,32K,Text,5095f4e248f8,2 years ago,mistral\dolphin-mistral.csv,3.1
mistral:7b-instruct-v0.2-q2_K,3.1GB,32K,Text,6deedd139c2a,2 years ago,mistral\mistral.csv,3.1
granite3.3:8b-base-q2_K,3.1GB,128K,Text,234666d53ea7,1 year ago,ibm\granite3.3.csv,3.1
qwen2.5-coder:1.5b-instruct-fp16,3.1GB,32K,Text,924fe2ce462d,1 year ago,qwen\qwen2.5-coder.csv,3.1
granite4:tiny-h-base-q3_K_S,3.1GB,1M,Text,a7c0c24bd5ff,11 months ago,ibm\granite4.csv,3.1
yarn-mistral:7b-128k-q2_K,3.1GB,128K,Text,4801801e65c9,2 years ago,mistral\yarn-mistral.csv,3.1
granite3-dense:8b-instruct-q2_K,3.1GB,4K,Text,2ea57f8bc8fd,1 year ago,granite\granite3-dense.csv,3.1
nemotron-mini:4b-instruct-q5_K_M,3.1GB,4K,Text,9e36e563dbdd,1 year ago,nemotron\nemotron-mini.csv,3.1
granite3.3:8b-instruct-q2_K,3.1GB,128K,Text,bbfc4f1bd2d5,1 year ago,ibm\granite3.3.csv,3.1
phi3.5:3.8b-mini-instruct-q6_K,3.1GB,4K,Text,64777e5c6803,1 year ago,phi\phi3.5.csv,3.1
dolphin-mistral:7b-v2.6-dpo-laser-q2_K,3.1GB,32K,Text,3d2e06cd1f34,2 years ago,mistral\dolphin-mistral.csv,3.1
qwen3.5:2b-mlx,MLX 3.1GB,256K,"Text, Image",9dd89c688f18,2 days ago,qwen\qwen3.5.csv,3.1
granite3.1-dense:8b-instruct-q2_K,3.1GB,128K,Text,408be7f9c7c6,1 year ago,ibm\granite3.1-dense.csv,3.1
mistrallite:7b-v0.1-q2_K,3.1GB,32K,Text,32164f7b30a5,2 years ago,mistral\mistrallite.csv,3.1
dolphin-mistral:7b-v2.2-q2_K,3.1GB,32K,Text,40af9615d065,2 years ago,mistral\dolphin-mistral.csv,3.1
phi3:3.8b-mini-4k-instruct-q6_K,3.1GB,4K,Text,bbae7edc39d4,2 years ago,phi\phi3.csv,3.1
phi3:3.8b-mini-128k-instruct-q6_K,3.1GB,4K,Text,90771235c599,2 years ago,phi\phi3.csv,3.1
granite4.0-preview:tiny-base-q3_K_M,3.2GB,1M,Text,17f4848f71b3,11 months ago,ibm\granite4.0-preview.csv,3.2
granite4.0-preview:tiny-instruct-q3_K_M,3.2GB,1M,Text,1cb208747b5f,11 months ago,ibm\granite4.0-preview.csv,3.2
dolphin-mistral:7b-v2.6-q3_K_S,3.2GB,32K,Text,7d87567ba4e1,2 years ago,mistral\dolphin-mistral.csv,3.2
qwen:4b-text-v1.5-q6_K,3.2GB,32K,Text,e40c4d6f1e33,2 years ago,qwen\qwen.csv,3.2
phi4-mini-reasoning:latest,3.2GB,128K,Text,3ca8c2865ce9,1 year ago,phi\phi4-mini-reasoning.csv,3.2
phi4-mini-reasoning:3.8b,3.2GB,128K,Text,3ca8c2865ce9,1 year ago,phi\phi4-mini-reasoning.csv,3.2
dolphin-mistral:7b-v2.6-dpo-laser-q3_K_S,3.2GB,32K,Text,c4841f98c665,2 years ago,mistral\dolphin-mistral.csv,3.2
dolphin-mistral:7b-v2.2-q3_K_S,3.2GB,32K,Text,a646488b6fd5,2 years ago,mistral\dolphin-mistral.csv,3.2
llama3:8b-text-q2_K,3.2GB,8K,Text,ddab15c8cb9c,2 years ago,llama\llama3.csv,3.2
qwen2.5vl:3b-q4_K_M,3.2GB,125K,"Text, Image",fb90415cde1e,1 year ago,qwen\qwen2.5vl.csv,3.2
mistrallite:7b-v0.1-q3_K_S,3.2GB,32K,Text,ebf457323d7d,2 years ago,mistral\mistrallite.csv,3.2
dolphin-mistral:7b-v2.2.1-q3_K_S,3.2GB,32K,Text,5753614304a2,2 years ago,mistral\dolphin-mistral.csv,3.2
llama3.1:8b-text-q2_K,3.2GB,128K,Text,82bedef0ef47,2 years ago,llama\llama3.1.csv,3.2
llama3:8b-instruct-q2_K,3.2GB,8K,Text,2745d547f376,2 years ago,llama\llama3.csv,3.2
dolphin-mistral:7b-v2.1-q3_K_S,3.2GB,32K,Text,cae2e5bf7e2a,2 years ago,mistral\dolphin-mistral.csv,3.2
llama3-gradient:8b-instruct-1048k-q2_K,3.2GB,1M,Text,c842eda5ddd5,2 years ago,llama\llama3-gradient.csv,3.2
yarn-mistral:7b-64k-q3_K_S,3.2GB,32K,Text,9f1a8b3eec09,2 years ago,mistral\yarn-mistral.csv,3.2
nemotron-mini:4b-instruct-q5_1,3.2GB,4K,Text,8c244be13dfe,1 year ago,nemotron\nemotron-mini.csv,3.2
llama3-groq-tool-use:8b-q2_K,3.2GB,8K,Text,37fac70005b1,2 years ago,llama\llama3-groq-tool-use.csv,3.2
mistral:7b-text-v0.2-q3_K_S,3.2GB,16K,Text,1cd170493ae6,2 years ago,mistral\mistral.csv,3.2
qwen2.5vl:3b,3.2GB,125K,"Text, Image",fb90415cde1e,1 year ago,qwen\qwen2.5vl.csv,3.2
mistral:7b-text-q3_K_S,3.2GB,32K,Text,ec0a4bd34689,2 years ago,mistral\mistral.csv,3.2
granite3.1-dense:8b-instruct-q2_K,3.2GB,128K,Text,4b18119a5086,1 year ago,granite\granite3.1-dense.csv,3.2
mistral:7b-instruct-v0.2-q3_K_S,3.2GB,32K,Text,a0adecf535f4,2 years ago,mistral\mistral.csv,3.2
dolphin-mistral:7b-v2-q3_K_S,3.2GB,32K,Text,9ce568107856,2 years ago,mistral\dolphin-mistral.csv,3.2
llama-guard3:8b-q2_K,3.2GB,128K,Text,48bd36a8a40c,1 year ago,llama\llama-guard3.csv,3.2
mathstral:7b-v0.1-q3_K_S,3.2GB,32K,Text,b75c7eed8cf3,2 years ago,mistral\mathstral.csv,3.2
llama3-chatqa:8b-v1.5-q2_K,3.2GB,8K,Text,010674c8ebb4,2 years ago,llama\llama3-chatqa.csv,3.2
mistral:7b-instruct-v0.3-q3_K_S,3.2GB,32K,Text,89f2f40a58a5,1 year ago,mistral\mistral.csv,3.2
llama3.1:8b-instruct-q2_K,3.2GB,128K,Text,44a139eeb344,1 year ago,llama\llama3.1.csv,3.2
dolphin-mistral:7b-v2.8-q3_K_S,3.2GB,32K,Text,b373bd912c47,2 years ago,mistral\dolphin-mistral.csv,3.2
qwen:4b-chat-v1.5-q6_K,3.2GB,32K,Text,13f15e36187d,2 years ago,qwen\qwen.csv,3.2
phi4-mini-reasoning:3.8b-q4_K_M,3.2GB,128K,Text,3ca8c2865ce9,1 year ago,phi\phi4-mini-reasoning.csv,3.2
yarn-mistral:7b-128k-q3_K_S,3.2GB,128K,Text,150773407811,2 years ago,mistral\yarn-mistral.csv,3.2
mistral:7b-instruct-q3_K_S,3.2GB,32K,Text,30ead8e09346,2 years ago,mistral\mistral.csv,3.2
mistral-openorca:7b-q3_K_S,3.2GB,32K,Text,2274bf658e73,2 years ago,mistral\mistral-openorca.csv,3.2
granite4:1b-base-bf16,3.3GB,128K,Text,84ebb272fa5a,10 months ago,ibm\granite4.csv,3.3
qwen3-vl:4b,3.3GB,256K,"Text, Image",1343d82ebee3,10 months ago,qwen\qwen3-vl.csv,3.3
llama2:7b-chat-q3_K_M,3.3GB,4K,Text,63ebc93e095e,2 years ago,llama\llama2.csv,3.3
gemma3:4b-it-q4_K_M,3.3GB,128K,"Text, Image",a2af6cc3eb7f,1 year ago,gemma\gemma3.csv,3.3
gemma3:latest,3.3GB,128K,"Text, Image",a2af6cc3eb7f,1 year ago,gemma\gemma3.csv,3.3
llama2-uncensored:7b-chat-q3_K_M,3.3GB,2K,Text,e74d204469c8,2 years ago,llama\llama2-uncensored.csv,3.3
qwen2.5:3b-instruct-q8_0,3.3GB,32K,Text,cd6aa8b25d7a,1 year ago,qwen\qwen2.5.csv,3.3
qwen2.5-coder:3b-base-q8_0,3.3GB,32K,Text,153d272fe602,1 year ago,qwen\qwen2.5-coder.csv,3.3
deepseek-coder:6.7b-instruct-q3_K_M,3.3GB,16K,Text,27c2e4ed6a59,2 years ago,deepseek\deepseek-coder.csv,3.3
granite4.1-guardian:8b-q2_K,3.3GB,128K,Text,2c6ebdbc4c96,2 months ago,ibm\granite4.1-guardian.csv,3.3
translategemma:4b-it-q4_K_M,3.3GB,128K,"Text, Image",c49d986b0764,7 months ago,gemma\translategemma.csv,3.3
gemma3:4b,3.3GB,128K,"Text, Image",a2af6cc3eb7f,1 year ago,gemma\gemma3.csv,3.3
granite4:1b-f16,3.3GB,128K,Text,c204e5c2b586,10 months ago,ibm\granite4.csv,3.3
granite4:1b-bf16,3.3GB,128K,Text,26e4cb132798,10 months ago,ibm\granite4.csv,3.3
qwen3-vl:4b-thinking,3.3GB,256K,"Text, Image",1343d82ebee3,10 months ago,qwen\qwen3-vl.csv,3.3
qwen3-vl:4b-thinking-q4_K_M,3.3GB,256K,"Text, Image",1343d82ebee3,10 months ago,qwen\qwen3-vl.csv,3.3
granite4:1b,3.3GB,128K,Text,26e4cb132798,10 months ago,ibm\granite4.csv,3.3
granite4:1b-base-f16,3.3GB,128K,Text,5f735e6bf0de,10 months ago,ibm\granite4.csv,3.3
medgemma1.5:latest,3.3GB,128K,"Text, Image",433252621ab1,4 months ago,gemma\medgemma1.5.csv,3.3
qwen3-vl:4b-instruct-q4_K_M,3.3GB,256K,"Text, Image",ee4b975b58c1,10 months ago,qwen\qwen3-vl.csv,3.3
qwen3-vl:4b-instruct,3.3GB,256K,"Text, Image",ee4b975b58c1,10 months ago,qwen\qwen3-vl.csv,3.3
llama2:7b-text-q3_K_M,3.3GB,4K,Text,c1ddf19ff6db,2 years ago,llama\llama2.csv,3.3
medgemma1.5:4b-it-q4_K_M,3.3GB,128K,"Text, Image",433252621ab1,4 months ago,gemma\medgemma1.5.csv,3.3
medgemma:4b,3.3GB,128K,"Text, Image",9fe4e9a6c9bd,4 months ago,gemma\medgemma.csv,3.3
medgemma1.5:4b,3.3GB,128K,"Text, Image",433252621ab1,4 months ago,gemma\medgemma1.5.csv,3.3
medgemma:latest,3.3GB,128K,"Text, Image",9fe4e9a6c9bd,4 months ago,gemma\medgemma.csv,3.3
medgemma:4b-it-q4_K_M,3.3GB,128K,"Text, Image",9fe4e9a6c9bd,4 months ago,gemma\medgemma.csv,3.3
deepseek-coder:6.7b-base-q3_K_M,3.3GB,16K,Text,22ce0a5b45b2,2 years ago,deepseek\deepseek-coder.csv,3.3
qwen2.5-coder:3b-instruct-q8_0,3.3GB,32K,Text,0dbd6230e2a1,1 year ago,qwen\qwen2.5-coder.csv,3.3
translategemma:4b,3.3GB,128K,"Text, Image",c49d986b0764,7 months ago,gemma\translategemma.csv,3.3
translategemma:latest,3.3GB,128K,"Text, Image",c49d986b0764,7 months ago,gemma\translategemma.csv,3.3
granite4.1:8b-q2_K,3.4GB,128K,Text,ccf96f3f0780,4 months ago,ibm\granite4.1.csv,3.4
granite4.2:8b-q2_K,3.4GB,128K,Text,a998461bae0d,1 week ago,ibm\granite4.2.csv,3.4
llama3.2:3b-text-q8_0,3.4GB,128K,Text,945fcc4a41b8,1 year ago,llama\llama3.2.csv,3.4
granite4:micro-h-q8_0,3.4GB,1M,Text,2f534173f269,11 months ago,ibm\granite4.csv,3.4
granite4.0-preview:tiny-instruct-q3_K_L,3.4GB,1M,Text,02230a76c984,11 months ago,ibm\granite4.0-preview.csv,3.4
qwen3.5:4b-q4_K_M,3.4GB,256K,"Text, Image",2a654d98e6fb,6 months ago,qwen\qwen3.5.csv,3.4
granite4.2:8b-q2_K,3.4GB,128K,Text,67f03ef49c65,1 week ago,granite\granite4.2.csv,3.4
nemotron-mini:4b-instruct-q6_K,3.4GB,4K,Text,4cf36901911e,1 year ago,nemotron\nemotron-mini.csv,3.4
granite4.0-preview:tiny-base-q3_K_L,3.4GB,1M,Text,b8125d507309,11 months ago,ibm\granite4.0-preview.csv,3.4
qwen3.5:4b,3.4GB,256K,"Text, Image",2a654d98e6fb,6 months ago,qwen\qwen3.5.csv,3.4
granite4.1:8b-q2_K,3.4GB,128K,Text,ccf96f3f0780,4 months ago,granite\granite4.1.csv,3.4
granite4:micro-h-base-q8_0,3.4GB,1M,Text,301d47de605c,11 months ago,ibm\granite4.csv,3.4
granite4:tiny-h-base-q3_K_M,3.4GB,1M,Text,51114ec71fe6,11 months ago,ibm\granite4.csv,3.4
llama3.2:3b-instruct-q8_0,3.4GB,128K,Text,e410b836fe61,1 year ago,llama\llama3.2.csv,3.4
granite4:tiny-h-q3_K_M,3.4GB,1M,Text,b9b00743a3c5,11 months ago,ibm\granite4.csv,3.4
mistral:7b-text-v0.2-q3_K_M,3.5GB,16K,Text,519ef17de46e,2 years ago,mistral\mistral.csv,3.5
mistral-openorca:7b-q3_K_M,3.5GB,32K,Text,1c71a3f469da,2 years ago,mistral\mistral-openorca.csv,3.5
mistral:7b-instruct-q3_K_M,3.5GB,32K,Text,9fddddabfd5d,2 years ago,mistral\mistral.csv,3.5
mathstral:7b-v0.1-q3_K_M,3.5GB,32K,Text,67dafe37f729,2 years ago,mistral\mathstral.csv,3.5
mistral:7b-text-q3_K_M,3.5GB,32K,Text,633491386324,2 years ago,mistral\mistral.csv,3.5
mistral:7b-instruct-v0.3-q3_K_M,3.5GB,32K,Text,5f4359ac850d,1 year ago,mistral\mistral.csv,3.5
qwen2:7b-text-q3_K_S,3.5GB,128K,Text,2eaaf224cac3,2 years ago,qwen\qwen2.csv,3.5
qwen2.5-coder:7b-base-q3_K_S,3.5GB,32K,Text,7dad768fb3cc,1 year ago,qwen\qwen2.5-coder.csv,3.5
granite3.1-moe:3b-instruct-q8_0,3.5GB,128K,Text,038f46903bbd,1 year ago,granite\granite3.1-moe.csv,3.5
dolphin-mistral:7b-v2-q3_K_M,3.5GB,32K,Text,ae55e3ef02e8,2 years ago,mistral\dolphin-mistral.csv,3.5
qwen2.5:7b-instruct-q3_K_S,3.5GB,32K,Text,05d9cc3116db,1 year ago,qwen\qwen2.5.csv,3.5
gemma:7b-instruct-v1.1-q2_K,3.5GB,8K,Text,bbdb1a3dd39f,2 years ago,gemma\gemma.csv,3.5
yarn-mistral:7b-128k-q3_K_M,3.5GB,128K,Text,c910ed0b2220,2 years ago,mistral\yarn-mistral.csv,3.5
dolphin-mistral:7b-v2.8-q3_K_M,3.5GB,32K,Text,368c8b580b2c,2 years ago,mistral\dolphin-mistral.csv,3.5
granite3.2-guardian:3b-q8_0,3.5GB,128K,Text,d3f1876433ca,1 year ago,ibm\granite3.2-guardian.csv,3.5
qwen2:7b-instruct-q3_K_S,3.5GB,32K,Text,ff9bc8063c30,1 year ago,qwen\qwen2.csv,3.5
dolphin-mistral:7b-v2.2.1-q3_K_M,3.5GB,32K,Text,6e92d0dbb4a0,2 years ago,mistral\dolphin-mistral.csv,3.5
granite3.2-guardian:5b-q4_K_M,3.5GB,128K,Text,a1bcc6b428c9,1 year ago,ibm\granite3.2-guardian.csv,3.5
mistral:7b-instruct-v0.2-q3_K_M,3.5GB,32K,Text,6897f015d8dc,2 years ago,mistral\mistral.csv,3.5
dolphin-mistral:7b-v2.6-dpo-laser-q3_K_M,3.5GB,32K,Text,d9a82ca1b186,2 years ago,mistral\dolphin-mistral.csv,3.5
dolphin-mistral:7b-v2.6-q3_K_M,3.5GB,32K,Text,fae30abf511f,2 years ago,mistral\dolphin-mistral.csv,3.5
codegemma:7b-code-q2_K,3.5GB,8K,Text,,,gemma\codegemma.csv,3.5
yarn-mistral:7b-64k-q3_K_M,3.5GB,32K,Text,2fe3d1edecaa,2 years ago,mistral\yarn-mistral.csv,3.5
granite3.1-moe:3b-instruct-q8_0,3.5GB,128K,Text,bdf70fbd1296,1 year ago,ibm\granite3.1-moe.csv,3.5
llama-pro:8b-instruct-q2_K,3.5GB,4K,Text,,,llama\llama-pro.csv,3.5
llama-pro:8b-text-q2_K,3.5GB,4K,Text,,,llama\llama-pro.csv,3.5
dolphin-mistral:7b-v2.2-q3_K_M,3.5GB,32K,Text,807f7ccc72ae,2 years ago,mistral\dolphin-mistral.csv,3.5
dolphin-mistral:7b-v2.1-q3_K_M,3.5GB,32K,Text,de9aa2b8d525,2 years ago,mistral\dolphin-mistral.csv,3.5
codegemma:7b-instruct-q2_K,3.5GB,8K,Text,,,gemma\codegemma.csv,3.5
codegemma:7b-instruct-v1.1-q2_K,3.5GB,8K,Text,,,gemma\codegemma.csv,3.5
granite3.1-moe:3b-base-q8_0,3.5GB,128K,Text,5d9c9a3d47eb,1 year ago,ibm\granite3.1-moe.csv,3.5
qwen2.5-coder:7b-instruct-q3_K_S,3.5GB,32K,Text,748645786a08,1 year ago,qwen\qwen2.5-coder.csv,3.5
mistrallite:7b-v0.1-q3_K_M,3.5GB,32K,Text,366ee513d776,2 years ago,mistral\mistrallite.csv,3.5
granite3-dense:8b-instruct-q3_K_S,3.6GB,4K,Text,70c6c8a7c75f,1 year ago,ibm\granite3-dense.csv,3.6
llama2:7b-chat-q3_K_L,3.6GB,4K,Text,c04042faafd0,2 years ago,llama\llama2.csv,3.6
granite3.1-dense:8b-base-q3_K_S,3.6GB,128K,Text,8a9350462247,1 year ago,ibm\granite3.1-dense.csv,3.6
granite3.3-vision:2b,3.6GB,128K,"Text, Image",5cdfea23a292,1 year ago,ibm\granite3.3-vision.csv,3.6
llama2:7b-text-q3_K_L,3.6GB,4K,Text,df57d4d53dac,2 years ago,llama\llama2.csv,3.6
granite3.2-vision:2b,3.6GB,128K,"Text, Image",f9140abda654,1 year ago,ibm\granite3.2-vision.csv,3.6
granite3.2-vision:2b-q8_0,3.6GB,128K,"Text, Image",f9140abda654,1 year ago,ibm\granite3.2-vision.csv,3.6
qwen:7b-q3_K_S,3.6GB,32K,Text,e770768ad724,2 years ago,qwen\qwen.csv,3.6
granite3-moe:3b-base-q8_0,3.6GB,4K,Text,c4cfb6ac3e80,1 year ago,ibm\granite3-moe.csv,3.6
granite3-moe:3b-instruct-q8_0,3.6GB,4K,Text,380bfb0c44a9,1 year ago,ibm\granite3-moe.csv,3.6
granite3.3:8b-instruct-q3_K_S,3.6GB,128K,Text,7fa41a3f9143,1 year ago,ibm\granite3.3.csv,3.6
granite3.1-dense:8b-instruct-q3_K_S,3.6GB,128K,Text,a5e9b80dc14f,1 year ago,ibm\granite3.1-dense.csv,3.6
deepseek-coder:6.7b-base-q3_K_L,3.6GB,16K,Text,29f806615022,2 years ago,deepseek\deepseek-coder.csv,3.6
granite3.1-dense:8b-instruct-q3_K_S,3.6GB,128K,Text,338340c340cb,1 year ago,granite\granite3.1-dense.csv,3.6
qwen:7b-text-v1.5-q3_K_S,3.6GB,32K,Text,59ff1e9f7a72,2 years ago,qwen\qwen.csv,3.6
qwen:7b-chat-q3_K_S,3.6GB,32K,Text,6ee05062598c,2 years ago,qwen\qwen.csv,3.6
granite4:tiny-h-q3_K_L,3.6GB,1M,Text,a84c80cc44ff,11 months ago,ibm\granite4.csv,3.6
deepseek-coder:6.7b-instruct-q3_K_L,3.6GB,16K,Text,ea00a885753e,2 years ago,deepseek\deepseek-coder.csv,3.6
granite4:tiny-h-base-q3_K_L,3.6GB,1M,Text,3ab280073cf4,11 months ago,ibm\granite4.csv,3.6
granite3.3:8b-base-q3_K_S,3.6GB,128K,Text,104cf4306765,1 year ago,ibm\granite3.3.csv,3.6
granite3-moe:3b-instruct-q8_0,3.6GB,4K,Text,f3b962d19110,1 year ago,granite\granite3-moe.csv,3.6
granite3-dense:8b-instruct-q3_K_S,3.6GB,4K,Text,4c5f0dba11a8,1 year ago,granite\granite3-dense.csv,3.6
granite3.3-vision:2b-q8_0,3.6GB,128K,"Text, Image",5cdfea23a292,1 year ago,ibm\granite3.3-vision.csv,3.6
granite4.1:3b-q8_0,3.6GB,128K,Text,f087f8b0712f,4 months ago,ibm\granite4.1.csv,3.6
deepseek-r1:1.5b-qwen-distill-fp16,3.6GB,128K,Text,80c3a3c97773,1 year ago,deepseek\deepseek-r1.csv,3.6
granite4:micro-base-q8_0,3.6GB,128K,Text,89f9ce3ccd39,11 months ago,ibm\granite4.csv,3.6
granite4:micro-q8_0,3.6GB,128K,Text,0388d242cf01,11 months ago,ibm\granite4.csv,3.6
llama-pro:8b-text-q3_K_S,3.6GB,4K,Text,,,llama\llama-pro.csv,3.6
qwen:7b-chat-v1.5-q3_K_S,3.6GB,32K,Text,ef462b8bc3ca,2 years ago,qwen\qwen.csv,3.6
llama2-uncensored:7b-chat-q3_K_L,3.6GB,2K,Text,4c971d36df3a,2 years ago,llama\llama2-uncensored.csv,3.6
granite3.2:8b-instruct-q3_K_S,3.6GB,128K,Text,c49031fdb461,1 year ago,ibm\granite3.2.csv,3.6
granite4.1:3b-q8_0,3.6GB,128K,Text,f087f8b0712f,4 months ago,granite\granite4.1.csv,3.6
llama-pro:8b-instruct-q3_K_S,3.6GB,4K,Text,,,llama\llama-pro.csv,3.6
llama3-chatqa:8b-v1.5-q3_K_S,3.7GB,8K,Text,6d4cf2ccd7df,2 years ago,llama\llama3-chatqa.csv,3.7
llama3.1:8b-text-q3_K_S,3.7GB,128K,Text,92c2cffe1a17,2 years ago,llama\llama3.1.csv,3.7
llama3-groq-tool-use:8b-q3_K_S,3.7GB,8K,Text,3f7165ed6ac3,2 years ago,llama\llama3-groq-tool-use.csv,3.7
llama3-gradient:8b-instruct-1048k-q3_K_S,3.7GB,1M,Text,ac6814bccbc9,2 years ago,llama\llama3-gradient.csv,3.7
gemma:7b-text-q2_K,3.7GB,8K,Text,e43e18a484ed,2 years ago,gemma\gemma.csv,3.7
gemma:7b-instruct-q2_K,3.7GB,8K,Text,831e95226882,2 years ago,gemma\gemma.csv,3.7
llama3.1:8b-instruct-q3_K_S,3.7GB,128K,Text,16268e519444,1 year ago,llama\llama3.1.csv,3.7
llama-guard3:8b-q3_K_S,3.7GB,128K,Text,d1fa14fbd1a6,1 year ago,llama\llama-guard3.csv,3.7
qwen:1.8b-text-v1.5-fp16,3.7GB,32K,Text,5b31a65f7476,2 years ago,qwen\qwen.csv,3.7
qwen:1.8b-text-fp16,3.7GB,8K,Text,f4bf3caa7f4c,2 years ago,qwen\qwen.csv,3.7
qwen:1.8b-chat-v1.5-fp16,3.7GB,32K,Text,e3562f7740ef,2 years ago,qwen\qwen.csv,3.7
qwen:1.8b-chat-fp16,3.7GB,8K,Text,7b9c77c7b5b6,2 years ago,qwen\qwen.csv,3.7
llama3:8b-instruct-q3_K_S,3.7GB,8K,Text,0891d012c467,2 years ago,llama\llama3.csv,3.7
llama3:8b-text-q3_K_S,3.7GB,8K,Text,ef8314434744,2 years ago,llama\llama3.csv,3.7
qwen2:7b-instruct-q3_K_M,3.8GB,32K,Text,39ea238e2e11,1 year ago,qwen\qwen2.csv,3.8
mistrallite:7b-v0.1-q3_K_L,3.8GB,32K,Text,bb7562f0532f,2 years ago,mistral\mistrallite.csv,3.8
dolphin-mistral:7b-v2.6-dpo-laser-q3_K_L,3.8GB,32K,Text,fbd62dc63cf3,2 years ago,mistral\dolphin-mistral.csv,3.8
dolphin-mistral:7b-v2.2.1-q3_K_L,3.8GB,32K,Text,3bba1c1ad35a,2 years ago,mistral\dolphin-mistral.csv,3.8
mistral:7b-instruct-q3_K_L,3.8GB,32K,Text,7f1b28865005,2 years ago,mistral\mistral.csv,3.8
deepseek-coder:6.7b-base,3.8GB,16K,Text,585a5cb3b219,2 years ago,deepseek\deepseek-coder.csv,3.8
granite4.0-preview:tiny-instruct-q4_0,3.8GB,1M,Text,532787b8fce6,11 months ago,ibm\granite4.0-preview.csv,3.8
qwen2.5-coder:7b-instruct-q3_K_M,3.8GB,32K,Text,bb739a02927e,1 year ago,qwen\qwen2.5-coder.csv,3.8
mathstral:7b-v0.1-q3_K_L,3.8GB,32K,Text,f1a0d196fc05,2 years ago,mistral\mathstral.csv,3.8
deepseek-coder:6.7b-base-q4_0,3.8GB,16K,Text,585a5cb3b219,2 years ago,deepseek\deepseek-coder.csv,3.8
granite4.0-preview:tiny-instruct-q4_K_S,3.8GB,1M,Text,e614ef0a2d45,11 months ago,ibm\granite4.0-preview.csv,3.8
dolphin-mistral:7b-v2.6-q3_K_L,3.8GB,32K,Text,3f69b8a407b5,2 years ago,mistral\dolphin-mistral.csv,3.8
deepseek-coder:6.7b,3.8GB,16K,Text,ce298d984115,2 years ago,deepseek\deepseek-coder.csv,3.8
deepseek-coder:6.7b-instruct-q4_0,3.8GB,16K,Text,ce298d984115,2 years ago,deepseek\deepseek-coder.csv,3.8
llama2-uncensored:7b-chat,3.8GB,2K,Text,44040b922233,2 years ago,llama\llama2-uncensored.csv,3.8
yarn-mistral:7b-64k-q3_K_L,3.8GB,32K,Text,6fec537d7505,2 years ago,mistral\yarn-mistral.csv,3.8
dolphin-mistral:7b-v2.8-q3_K_L,3.8GB,32K,Text,3689be23e227,2 years ago,mistral\dolphin-mistral.csv,3.8
llama2:text,3.8GB,4K,Text,53b394a404fd,2 years ago,llama\llama2.csv,3.8
llama2:7b,3.8GB,4K,Text,78e26419b446,2 years ago,llama\llama2.csv,3.8
llama2:chat,3.8GB,4K,Text,78e26419b446,2 years ago,llama\llama2.csv,3.8
granite4.0-preview:tiny-base-q4_K_S,3.8GB,1M,Text,22fe716d343f,11 months ago,ibm\granite4.0-preview.csv,3.8
granite4.0-preview:tiny-base-q4_0,3.8GB,1M,Text,147a835023a1,11 months ago,ibm\granite4.0-preview.csv,3.8
llama2:7b-text,3.8GB,4K,Text,53b394a404fd,2 years ago,llama\llama2.csv,3.8
llama2:latest,3.8GB,4K,Text,78e26419b446,2 years ago,llama\llama2.csv,3.8
llama2:7b-text-q4_0,3.8GB,4K,Text,53b394a404fd,2 years ago,llama\llama2.csv,3.8
dolphin-mistral:7b-v2.1-q3_K_L,3.8GB,32K,Text,d4e4ac49c638,2 years ago,mistral\dolphin-mistral.csv,3.8
llama2:7b-chat-q4_0,3.8GB,4K,Text,78e26419b446,2 years ago,llama\llama2.csv,3.8
llama2:7b-chat,3.8GB,4K,Text,78e26419b446,2 years ago,llama\llama2.csv,3.8
dolphin-mistral:7b-v2.2-q3_K_L,3.8GB,32K,Text,2e2d34ffb211,2 years ago,mistral\dolphin-mistral.csv,3.8
mistral:7b-instruct-v0.2-q3_K_L,3.8GB,32K,Text,efe60f8368f7,2 years ago,mistral\mistral.csv,3.8
mistral:7b-instruct-v0.3-q3_K_L,3.8GB,32K,Text,9c690c1791aa,1 year ago,mistral\mistral.csv,3.8
granite4.1-guardian:8b-q3_K_S,3.8GB,128K,Text,474fe767d1ed,2 months ago,ibm\granite4.1-guardian.csv,3.8
shieldgemma:9b-q2_K,3.8GB,8K,Text,4705089a2870,1 year ago,gemma\shieldgemma.csv,3.8
dolphin-mistral:7b-v2-q3_K_L,3.8GB,32K,Text,0a764a52371c,2 years ago,mistral\dolphin-mistral.csv,3.8
llama2-uncensored:7b-chat-q4_0,3.8GB,2K,Text,44040b922233,2 years ago,llama\llama2-uncensored.csv,3.8
deepseek-coder:6.7b-instruct,3.8GB,16K,Text,ce298d984115,2 years ago,deepseek\deepseek-coder.csv,3.8
gemma2:9b-instruct-q2_K,3.8GB,8K,Text,592e44efb2df,2 years ago,gemma\gemma2.csv,3.8
gemma2:9b-text-q2_K,3.8GB,8K,Text,81108b242383,2 years ago,gemma\gemma2.csv,3.8
mistral:7b-text-v0.2-q3_K_L,3.8GB,16K,Text,991a9afb3a73,2 years ago,mistral\mistral.csv,3.8
mistral:7b-text-q3_K_L,3.8GB,32K,Text,ae1eaf0c61df,2 years ago,mistral\mistral.csv,3.8
mistral-openorca:7b-q3_K_L,3.8GB,32K,Text,e80eba13740d,2 years ago,mistral\mistral-openorca.csv,3.8
yarn-mistral:7b-128k-q3_K_L,3.8GB,128K,Text,04e1735cc221,2 years ago,mistral\yarn-mistral.csv,3.8
llama2-uncensored:7b,3.8GB,2K,Text,44040b922233,2 years ago,llama\llama2-uncensored.csv,3.8
llama2-uncensored:latest,3.8GB,2K,Text,44040b922233,2 years ago,llama\llama2-uncensored.csv,3.8
qwen2:7b-text-q3_K_M,3.8GB,128K,Text,636d21d77b6c,2 years ago,qwen\qwen2.csv,3.8
qwen2.5-coder:7b-base-q3_K_M,3.8GB,32K,Text,7220be37a0f0,1 year ago,qwen\qwen2.5-coder.csv,3.8
qwen2.5:7b-instruct-q3_K_M,3.8GB,32K,Text,29492a928341,1 year ago,qwen\qwen2.5.csv,3.8
granite4.2:3b-q8_0,3.9GB,128K,Text,f8163a0ed616,1 week ago,granite\granite4.2.csv,3.9
granite4.2:3b-q8_0,3.9GB,128K,Text,e4971383b71d,1 week ago,ibm\granite4.2.csv,3.9
llama2:7b-text-q4_K_S,3.9GB,4K,Text,1c2571d89f3b,2 years ago,llama\llama2.csv,3.9
granite4.1:8b-q3_K_S,3.9GB,128K,Text,a6cf031b28f0,4 months ago,granite\granite4.1.csv,3.9
granite4.1:8b-q3_K_S,3.9GB,128K,Text,a6cf031b28f0,4 months ago,ibm\granite4.1.csv,3.9
deepseek-coder:6.7b-instruct-q4_K_S,3.9GB,16K,Text,aa47b230dd4a,2 years ago,deepseek\deepseek-coder.csv,3.9
deepseek-coder:6.7b-base-q4_K_S,3.9GB,16K,Text,b199f259ba9d,2 years ago,deepseek\deepseek-coder.csv,3.9
qwen:7b-chat-v1.5-q3_K_M,3.9GB,32K,Text,dfd589fd9f3b,2 years ago,qwen\qwen.csv,3.9
llama2-uncensored:7b-chat-q4_K_S,3.9GB,2K,Text,7c0b8e49e54b,2 years ago,llama\llama2-uncensored.csv,3.9
granite4.2:8b-q3_K_S,3.9GB,128K,Text,820e77415ef8,1 week ago,granite\granite4.2.csv,3.9
qwen:7b-text-v1.5-q3_K_M,3.9GB,32K,Text,fab4b0426e2d,2 years ago,qwen\qwen.csv,3.9
llama2:7b-chat-q4_K_S,3.9GB,4K,Text,bec61ac554e8,2 years ago,llama\llama2.csv,3.9
granite4.2:8b-q3_K_S,3.9GB,128K,Text,64319701e841,1 week ago,ibm\granite4.2.csv,3.9
llama3:8b-instruct-q3_K_M,4.0GB,8K,Text,726a1960bfed,2 years ago,llama\llama3.csv,4.0
llama3:8b-text-q3_K_M,4.0GB,8K,Text,8dc24663264e,2 years ago,llama\llama3.csv,4.0
granite3-dense:8b-instruct-q3_K_M,4.0GB,4K,Text,6594e3e066f2,1 year ago,ibm\granite3-dense.csv,4.0
llama3-groq-tool-use:8b-q3_K_M,4.0GB,8K,Text,def359e8ef42,2 years ago,llama\llama3-groq-tool-use.csv,4.0
codegemma:7b-instruct-q3_K_S,4.0GB,8K,Text,,,gemma\codegemma.csv,4.0
codegemma:7b-instruct-v1.1-q3_K_S,4.0GB,8K,Text,,,gemma\codegemma.csv,4.0
codegemma:7b-code-q3_K_S,4.0GB,8K,Text,,,gemma\codegemma.csv,4.0
llama3-chatqa:8b-v1.5-q3_K_M,4.0GB,8K,Text,d1cbce0911ee,2 years ago,llama\llama3-chatqa.csv,4.0
qwen3.5:4b-mlx,MLX 4.0GB,256K,"Text, Image",61aa3858e9d3,3 months ago,qwen\qwen3.5.csv,4.0
granite3.2:8b-instruct-q3_K_M,4.0GB,128K,Text,c2fa8193d9d0,1 year ago,ibm\granite3.2.csv,4.0
granite3.1-dense:8b-base-q3_K_M,4.0GB,128K,Text,423b30e5defd,1 year ago,ibm\granite3.1-dense.csv,4.0
granite4.0-preview:tiny-instruct-q4_K_M,4.0GB,1M,Text,61f7d6c4f9b8,11 months ago,ibm\granite4.0-preview.csv,4.0
granite4.0-preview:tiny,4.0GB,1M,Text,61f7d6c4f9b8,11 months ago,ibm\granite4.0-preview.csv,4.0
qwen3.5:4b-nvfp4,MLX 4.0GB,256K,"Text, Image",61aa3858e9d3,5 months ago,qwen\qwen3.5.csv,4.0
granite3.3:8b-instruct-q3_K_M,4.0GB,128K,Text,c5980626641c,1 year ago,ibm\granite3.3.csv,4.0
granite3.1-dense:8b-instruct-q3_K_M,4.0GB,128K,Text,a9d0e37befa8,1 year ago,ibm\granite3.1-dense.csv,4.0
granite3-dense:8b-instruct-q3_K_M,4.0GB,4K,Text,c1a94d47b25c,1 year ago,granite\granite3-dense.csv,4.0
llama3.1:8b-text-q3_K_M,4.0GB,128K,Text,abcf9215e3df,2 years ago,llama\llama3.1.csv,4.0
granite4:tiny-h-base-q4_0,4.0GB,1M,Text,3f3c7e152bfe,11 months ago,ibm\granite4.csv,4.0
llama-guard3:8b-q3_K_M,4.0GB,128K,Text,0043e6c0f561,1 year ago,llama\llama-guard3.csv,4.0
gemma3:4b-it-qat,4.0GB,128K,"Text, Image",d01ad0579247,1 year ago,gemma\gemma3.csv,4.0
llama3-gradient:8b-instruct-1048k-q3_K_M,4.0GB,1M,Text,786019279b07,2 years ago,llama\llama3-gradient.csv,4.0
granite4:tiny-h-q4_0,4.0GB,1M,Text,cba6eb07fb96,11 months ago,ibm\granite4.csv,4.0
granite4:tiny-h-base-q4_K_S,4.0GB,1M,Text,860a19f4c87b,11 months ago,ibm\granite4.csv,4.0
llama3.1:8b-instruct-q3_K_M,4.0GB,128K,Text,4faa21fca5a2,1 year ago,llama\llama3.1.csv,4.0
granite4:tiny-h-q4_K_S,4.0GB,1M,Text,085f5e0895c9,11 months ago,ibm\granite4.csv,4.0
granite3.3:8b-base-q3_K_M,4.0GB,128K,Text,733ffcb40049,1 year ago,ibm\granite3.3.csv,4.0
granite3.1-dense:8b-instruct-q3_K_M,4.0GB,128K,Text,0dc5c3ac8a1e,1 year ago,granite\granite3.1-dense.csv,4.0
gemma:7b-instruct-v1.1-q3_K_S,4.0GB,8K,Text,d858885a94e0,2 years ago,gemma\gemma.csv,4.0
deepseek-coder:6.7b-instruct-q4_K_M,4.1GB,16K,Text,af6da0444f84,2 years ago,deepseek\deepseek-coder.csv,4.1
mistral:7b-instruct-v0.3-q4_0,4.1GB,32K,Text,3944fe81ec14,1 year ago,mistral\mistral.csv,4.1
deepseek-coder:6.7b-base-q4_K_M,4.1GB,16K,Text,c12c864e1264,2 years ago,deepseek\deepseek-coder.csv,4.1
phi3:3.8b-mini-128k-instruct-q8_0,4.1GB,4K,Text,adc0589ce82e,2 years ago,phi\phi3.csv,4.1
mistral-openorca:7b-q4_K_S,4.1GB,32K,Text,b8b68de9a6c0,2 years ago,mistral\mistral-openorca.csv,4.1
qwen2.5-coder:7b-base-q3_K_L,4.1GB,32K,Text,59db8a8c458f,1 year ago,qwen\qwen2.5-coder.csv,4.1
dolphin-mistral:7b-v2-q4_0,4.1GB,32K,Text,d4fedb7cc50d,2 years ago,mistral\dolphin-mistral.csv,4.1
dolphin-mistral:7b-v2-q4_K_S,4.1GB,32K,Text,31bc12ff86a4,2 years ago,mistral\dolphin-mistral.csv,4.1
llama-pro:8b-instruct-q3_K_M,4.1GB,4K,Text,,,llama\llama-pro.csv,4.1
yarn-mistral:7b-128k-q4_0,4.1GB,128K,Text,6511b83c33d5,2 years ago,mistral\yarn-mistral.csv,4.1
dolphin-mistral:latest,4.1GB,32K,Text,5dc8c5a2be65,2 years ago,mistral\dolphin-mistral.csv,4.1
yarn-mistral:7b-128k-q4_K_S,4.1GB,128K,Text,60021a54efbe,2 years ago,mistral\yarn-mistral.csv,4.1
yarn-mistral:7b,4.1GB,32K,Text,8e9c368a0ae4,2 years ago,mistral\yarn-mistral.csv,4.1
mistral:7b-instruct-v0.3-q4_K_S,4.1GB,32K,Text,4567baa854e6,1 year ago,mistral\mistral.csv,4.1
qwen2:7b-instruct-q3_K_L,4.1GB,32K,Text,0022885490d9,1 year ago,qwen\qwen2.csv,4.1
dolphin-mistral:v2,4.1GB,32K,Text,d4fedb7cc50d,2 years ago,mistral\dolphin-mistral.csv,4.1
yarn-mistral:latest,4.1GB,32K,Text,8e9c368a0ae4,2 years ago,mistral\yarn-mistral.csv,4.1
yarn-mistral:7b-128k,4.1GB,128K,Text,6511b83c33d5,2 years ago,mistral\yarn-mistral.csv,4.1
yarn-mistral:7b-64k-q4_0,4.1GB,32K,Text,8e9c368a0ae4,2 years ago,mistral\yarn-mistral.csv,4.1
llama-pro:8b-text-q3_K_M,4.1GB,4K,Text,,,llama\llama-pro.csv,4.1
yarn-mistral:7b-64k-q4_K_S,4.1GB,32K,Text,6a3c24b1e938,2 years ago,mistral\yarn-mistral.csv,4.1
qwen2.5:7b-instruct-q3_K_L,4.1GB,32K,Text,6ed3506191d1,1 year ago,qwen\qwen2.5.csv,4.1
dolphin-mistral:v2.8,4.1GB,32K,Text,5dc8c5a2be65,2 years ago,mistral\dolphin-mistral.csv,4.1
dolphin-mistral:7b-v2,4.1GB,32K,Text,d4fedb7cc50d,2 years ago,mistral\dolphin-mistral.csv,4.1
dolphin-mistral:v2.1,4.1GB,32K,Text,e4e3238590aa,2 years ago,mistral\dolphin-mistral.csv,4.1
dolphin-mistral:v2.2,4.1GB,32K,Text,450ca08f6907,2 years ago,mistral\dolphin-mistral.csv,4.1
dolphin-mistral:v2.2.1,4.1GB,32K,Text,04b0ec52c40b,2 years ago,mistral\dolphin-mistral.csv,4.1
dolphin-mistral:v2.6,4.1GB,32K,Text,ecbf896611f5,2 years ago,mistral\dolphin-mistral.csv,4.1
dolphin-mistral:7b,4.1GB,32K,Text,5dc8c5a2be65,2 years ago,mistral\dolphin-mistral.csv,4.1
mistrallite:7b-v0.1-q4_K_S,4.1GB,32K,Text,81a8a1744387,2 years ago,mistral\mistrallite.csv,4.1
dolphin-mistral:7b-v2.1-q4_K_S,4.1GB,32K,Text,928488201dda,2 years ago,mistral\dolphin-mistral.csv,4.1
dolphin-mistral:7b-v2.1-q4_0,4.1GB,32K,Text,e4e3238590aa,2 years ago,mistral\dolphin-mistral.csv,4.1
llama2-uncensored:7b-chat-q4_K_M,4.1GB,2K,Text,a91c5baf8d31,2 years ago,llama\llama2-uncensored.csv,4.1
llama2:7b-chat-q4_K_M,4.1GB,4K,Text,fe3834f64df5,2 years ago,llama\llama2.csv,4.1
dolphin-mistral:7b-v2.2.1-q4_K_S,4.1GB,32K,Text,5029cbe43e9c,2 years ago,mistral\dolphin-mistral.csv,4.1
mistral:7b-instruct-v0.2-q4_K_S,4.1GB,32K,Text,ba00d3a5239e,2 years ago,mistral\mistral.csv,4.1
dolphin-mistral:7b-v2.2-q4_K_S,4.1GB,32K,Text,7c4ea4ac1b3d,2 years ago,mistral\dolphin-mistral.csv,4.1
mistral:v0.1,4.1GB,32K,Text,b17615239298,2 years ago,mistral\mistral.csv,4.1
mistral:v0.2,4.1GB,32K,Text,61e88e884507,2 years ago,mistral\mistral.csv,4.1
dolphin-mistral:7b-v2.2-q4_0,4.1GB,32K,Text,450ca08f6907,2 years ago,mistral\dolphin-mistral.csv,4.1
dolphin-mistral:7b-v2.2.1-q4_0,4.1GB,32K,Text,04b0ec52c40b,2 years ago,mistral\dolphin-mistral.csv,4.1
mistral:7b-instruct-q4_K_S,4.1GB,32K,Text,d8ee783f8c73,2 years ago,mistral\mistral.csv,4.1
yarn-mistral:7b-64k,4.1GB,32K,Text,8e9c368a0ae4,2 years ago,mistral\yarn-mistral.csv,4.1
llama2:7b-text-q4_K_M,4.1GB,4K,Text,b50304b988e8,2 years ago,llama\llama2.csv,4.1
mistral:7b-instruct-v0.2-q4_0,4.1GB,32K,Text,61e88e884507,2 years ago,mistral\mistral.csv,4.1
dolphin-mistral:7b-v2.1,4.1GB,32K,Text,e4e3238590aa,2 years ago,mistral\dolphin-mistral.csv,4.1
mistral:7b-instruct-q4_0,4.1GB,32K,Text,b17615239298,2 years ago,mistral\mistral.csv,4.1
mistral:7b-text-v0.2-q4_K_S,4.1GB,16K,Text,1a6db06e5aa7,2 years ago,mistral\mistral.csv,4.1
qwen:7b-q3_K_M,4.1GB,32K,Text,407571073d23,2 years ago,qwen\qwen.csv,4.1
phi3:3.8b-mini-4k-instruct-q8_0,4.1GB,4K,Text,6b7f8cbb8b25,2 years ago,phi\phi3.csv,4.1
dolphin-mistral:7b-v2.8-q4_K_S,4.1GB,32K,Text,f7fe7f8a5338,2 years ago,mistral\dolphin-mistral.csv,4.1
mistrallite:latest,4.1GB,32K,Text,5393d4f5f262,2 years ago,mistral\mistrallite.csv,4.1
mistrallite:7b,4.1GB,32K,Text,5393d4f5f262,2 years ago,mistral\mistrallite.csv,4.1
dolphin-mistral:7b-v2.6-q4_K_S,4.1GB,32K,Text,d131e1a76ddc,2 years ago,mistral\dolphin-mistral.csv,4.1
dolphin-mistral:7b-v2.6-dpo-laser-q4_K_S,4.1GB,32K,Text,251809e4483d,2 years ago,mistral\dolphin-mistral.csv,4.1
mistral-openorca:7b,4.1GB,32K,Text,12dc6acc14d0,2 years ago,mistral\mistral-openorca.csv,4.1
granite3.2-guardian:5b-q5_K_M,4.1GB,128K,Text,e8741473bd5f,1 year ago,ibm\granite3.2-guardian.csv,4.1
mistral-openorca:latest,4.1GB,32K,Text,12dc6acc14d0,2 years ago,mistral\mistral-openorca.csv,4.1
dolphin-mistral:7b-v2.6,4.1GB,32K,Text,206a4093ff30,2 years ago,mistral\dolphin-mistral.csv,4.1
dolphin-mistral:7b-v2.2.1,4.1GB,32K,Text,04b0ec52c40b,2 years ago,mistral\dolphin-mistral.csv,4.1
dolphin-mistral:7b-v2.6-dpo-laser,4.1GB,32K,Text,ecbf896611f5,2 years ago,mistral\dolphin-mistral.csv,4.1
phi4-mini:3.8b-q8_0,4.1GB,4K,Text,0be8e6979181,1 year ago,phi\phi4-mini.csv,4.1
phi3.5:3.8b-mini-instruct-q8_0,4.1GB,4K,Text,8b50e8e1e216,1 year ago,phi\phi3.5.csv,4.1
dolphin-mistral:7b-v2.2,4.1GB,32K,Text,450ca08f6907,2 years ago,mistral\dolphin-mistral.csv,4.1
mistrallite:7b-v0.1-q4_0,4.1GB,32K,Text,5393d4f5f262,2 years ago,mistral\mistrallite.csv,4.1
mistral:7b-text-q4_0,4.1GB,32K,Text,d19e34de4cb6,2 years ago,mistral\mistral.csv,4.1
mistral:7b-text-v0.2-q4_0,4.1GB,16K,Text,495ae085225b,2 years ago,mistral\mistral.csv,4.1
mistral-openorca:7b-q4_0,4.1GB,32K,Text,12dc6acc14d0,2 years ago,mistral\mistral-openorca.csv,4.1
mistral:7b-text-q4_K_S,4.1GB,32K,Text,e6aa05445f6e,2 years ago,mistral\mistral.csv,4.1
mistral:text,4.1GB,16K,Text,495ae085225b,2 years ago,mistral\mistral.csv,4.1
mistral:instruct,4.1GB,32K,Text,3944fe81ec14,1 year ago,mistral\mistral.csv,4.1
mathstral:latest,4.1GB,32K,Text,4ee7052be55a,2 years ago,mistral\mathstral.csv,4.1
mistral:7b-text,4.1GB,16K,Text,495ae085225b,2 years ago,mistral\mistral.csv,4.1
dolphin-mistral:7b-v2.6-dpo-laser-q4_0,4.1GB,32K,Text,ecbf896611f5,2 years ago,mistral\dolphin-mistral.csv,4.1
dolphin-mistral:7b-v2.6-q4_0,4.1GB,32K,Text,206a4093ff30,2 years ago,mistral\dolphin-mistral.csv,4.1
qwen:7b-chat-q3_K_M,4.1GB,32K,Text,981740748bb1,2 years ago,qwen\qwen.csv,4.1
dolphin-mistral:7b-v2.8,4.1GB,32K,Text,5dc8c5a2be65,2 years ago,mistral\dolphin-mistral.csv,4.1
dolphin-mistral:7b-v2.8-q4_0,4.1GB,32K,Text,5dc8c5a2be65,2 years ago,mistral\dolphin-mistral.csv,4.1
qwen2:7b-text-q3_K_L,4.1GB,128K,Text,45ac40a8d58b,2 years ago,qwen\qwen2.csv,4.1
qwen2.5-coder:7b-instruct-q3_K_L,4.1GB,32K,Text,2be479bc8fba,1 year ago,qwen\qwen2.5-coder.csv,4.1
qwen3:1.7b-fp16,4.1GB,40K,Text,e9354f6174db,1 year ago,qwen\qwen3.csv,4.1
granite4.0-preview:tiny-base-q4_K_M,4.1GB,1M,Text,5934e75c5676,11 months ago,ibm\granite4.0-preview.csv,4.1
mathstral:7b,4.1GB,32K,Text,4ee7052be55a,2 years ago,mistral\mathstral.csv,4.1
mathstral:7b-v0.1-q4_K_S,4.1GB,32K,Text,4c06df180823,2 years ago,mistral\mathstral.csv,4.1
mathstral:7b-v0.1-q4_0,4.1GB,32K,Text,4ee7052be55a,2 years ago,mistral\mathstral.csv,4.1
qwen:4b-text-v1.5-q8_0,4.2GB,32K,Text,e3bafc3eec84,2 years ago,qwen\qwen.csv,4.2
llama2-uncensored:7b-chat-q4_1,4.2GB,2K,Text,0126058e3693,2 years ago,llama\llama2-uncensored.csv,4.2
gemma:7b-text-q3_K_S,4.2GB,8K,Text,f40e21d459ff,2 years ago,gemma\gemma.csv,4.2
granite4.1-guardian:8b-q3_K_M,4.2GB,128K,Text,4b56e240be8d,2 months ago,ibm\granite4.1-guardian.csv,4.2
granite4.0-preview:tiny-base-q4_1,4.2GB,1M,Text,8c28fd38f613,11 months ago,ibm\granite4.0-preview.csv,4.2
granite4:tiny-h-base-q4_K_M,4.2GB,1M,Text,e6ad422b0f47,11 months ago,ibm\granite4.csv,4.2
deepseek-coder:6.7b-instruct-q4_1,4.2GB,16K,Text,4c147a2a4536,2 years ago,deepseek\deepseek-coder.csv,4.2
qwen:7b-text-v1.5-q3_K_L,4.2GB,32K,Text,c103abc28f47,2 years ago,qwen\qwen.csv,4.2
nemotron-3-nano:4b-q8_0,4.2GB,256K,Text,c534497d032c,5 months ago,nemotron\nemotron-3-nano.csv,4.2
qwen:7b-chat-v1.5-q3_K_L,4.2GB,32K,Text,c78b559835da,2 years ago,qwen\qwen.csv,4.2
qwen:4b-chat-v1.5-q8_0,4.2GB,32K,Text,7dfc4f0660c0,2 years ago,qwen\qwen.csv,4.2
deepseek-coder:6.7b-base-q4_1,4.2GB,16K,Text,a269275b3473,2 years ago,deepseek\deepseek-coder.csv,4.2
granite4:7b-a1b-h,4.2GB,1M,Text,566b725534ea,10 months ago,ibm\granite4.csv,4.2
llama2:7b-text-q4_1,4.2GB,4K,Text,189a0d0904e4,2 years ago,llama\llama2.csv,4.2
llama2:7b-chat-q4_1,4.2GB,4K,Text,85eb4bc10598,2 years ago,llama\llama2.csv,4.2
gemma:7b-instruct-q3_K_S,4.2GB,8K,Text,e4aea70c287e,2 years ago,gemma\gemma.csv,4.2
granite4:tiny-h,4.2GB,1M,Text,566b725534ea,11 months ago,ibm\granite4.csv,4.2
granite4.0-preview:tiny-instruct-q4_1,4.2GB,1M,Text,476533dfb86e,11 months ago,ibm\granite4.0-preview.csv,4.2
granite4:tiny-h-q4_K_M,4.2GB,1M,Text,566b725534ea,11 months ago,ibm\granite4.csv,4.2
shieldgemma:9b-q3_K_S,4.3GB,8K,Text,59f3cd1ead5e,1 year ago,gemma\shieldgemma.csv,4.3
llama3.1:8b-instruct-q3_K_L,4.3GB,128K,Text,04a2f1e44de7,1 year ago,llama\llama3.1.csv,4.3
granite3.3:8b-instruct-q3_K_L,4.3GB,128K,Text,e03fac74858b,1 year ago,ibm\granite3.3.csv,4.3
granite3-dense:8b-instruct-q3_K_L,4.3GB,4K,Text,68e8106ca812,1 year ago,ibm\granite3-dense.csv,4.3
granite3.1-dense:8b-instruct-q3_K_L,4.3GB,128K,Text,ecdd2f1b4c8d,1 year ago,ibm\granite3.1-dense.csv,4.3
granite4.2:8b-q3_K_M,4.3GB,128K,Text,6a154d042cac,1 week ago,ibm\granite4.2.csv,4.3
granite3-dense:8b-instruct-q3_K_L,4.3GB,4K,Text,c74b04a2513f,1 year ago,granite\granite3-dense.csv,4.3
granite4.1:8b-q3_K_M,4.3GB,128K,Text,11ec0ebc2697,4 months ago,ibm\granite4.1.csv,4.3
qwen3-vl:2b-thinking-bf16,4.3GB,256K,"Text, Image",0d2c70920874,10 months ago,qwen\qwen3-vl.csv,4.3
granite3.3:8b-base-q3_K_L,4.3GB,128K,Text,7ba316d22b0b,1 year ago,ibm\granite3.3.csv,4.3
gemma4:e2b-it-qat,4.3GB,128K,"Text, Image",07ea59a47401,3 months ago,gemma\gemma4.csv,4.3
llama3-chatqa:8b-v1.5-q3_K_L,4.3GB,8K,Text,748c33a3a51f,2 years ago,llama\llama3-chatqa.csv,4.3
llama3:8b-text-q3_K_L,4.3GB,8K,Text,c8a0b2fe8826,2 years ago,llama\llama3.csv,4.3
granite3.1-dense:8b-base-q3_K_L,4.3GB,128K,Text,6778e8021ee7,1 year ago,ibm\granite3.1-dense.csv,4.3
llama3.1:8b-text-q3_K_L,4.3GB,128K,Text,4d9a56f79245,2 years ago,llama\llama3.1.csv,4.3
llama3-groq-tool-use:8b-q3_K_L,4.3GB,8K,Text,57fbbf9656ef,2 years ago,llama\llama3-groq-tool-use.csv,4.3
granite4.2:8b-q3_K_M,4.3GB,128K,Text,de31561a84c0,1 week ago,granite\granite4.2.csv,4.3
granite4.1:8b-q3_K_M,4.3GB,128K,Text,11ec0ebc2697,4 months ago,granite\granite4.1.csv,4.3
llama3-gradient:8b-instruct-1048k-q3_K_L,4.3GB,1M,Text,5a2ea82ad056,2 years ago,llama\llama3-gradient.csv,4.3
qwen3:4b-instruct-2507-q8_0,4.3GB,256K,Text,aa7252f68dda,11 months ago,qwen\qwen3.csv,4.3
gemma2:9b-instruct-q3_K_S,4.3GB,8K,Text,1c8775e10b1c,2 years ago,gemma\gemma2.csv,4.3
qwen3:4b-thinking-2507-q8_0,4.3GB,256K,Text,446474631042,11 months ago,qwen\qwen3.csv,4.3
gemma2:9b-text-q3_K_S,4.3GB,8K,Text,021fbe1dc58b,2 years ago,gemma\gemma2.csv,4.3
llama-guard3:8b-q3_K_L,4.3GB,128K,Text,bea5c2385dc2,1 year ago,llama\llama-guard3.csv,4.3
granite3.2:8b-instruct-q3_K_L,4.3GB,128K,Text,bf3068be1581,1 year ago,ibm\granite3.2.csv,4.3
qwen3-embedding:4b-q8_0,4.3GB,40K,Text,357d756ba8e5,11 months ago,qwen\qwen3-embedding.csv,4.3
qwen:7b-q3_K_L,4.3GB,32K,Text,2a971f9c4019,2 years ago,qwen\qwen.csv,4.3
qwen3-vl:2b-instruct-bf16,4.3GB,256K,"Text, Image",fc3633fe6782,10 months ago,qwen\qwen3-vl.csv,4.3
qwen:7b-chat-q3_K_L,4.3GB,32K,Text,6c760e557c98,2 years ago,qwen\qwen.csv,4.3
llama3:8b-instruct-q3_K_L,4.3GB,8K,Text,df7624806f55,2 years ago,llama\llama3.csv,4.3
mathstral:7b-v0.1-q4_K_M,4.4GB,32K,Text,8cf37cd9128d,2 years ago,mistral\mathstral.csv,4.4
mistral:7b,4.4GB,32K,Text,6577803aa9a0,1 year ago,mistral\mistral.csv,4.4
dolphin-mistral:7b-v2.6-q4_K_M,4.4GB,32K,Text,de97d7427c36,2 years ago,mistral\dolphin-mistral.csv,4.4
codegemma:7b-code-q3_K_M,4.4GB,8K,Text,,,gemma\codegemma.csv,4.4
dolphin-mistral:7b-v2.8-q4_K_M,4.4GB,32K,Text,9664319c8300,2 years ago,mistral\dolphin-mistral.csv,4.4
qwen2.5-coder:7b-base-q4_0,4.4GB,32K,Text,a1ef3d25fea3,1 year ago,qwen\qwen2.5-coder.csv,4.4
gemma:7b-instruct-v1.1-q3_K_M,4.4GB,8K,Text,e71bd8c16242,2 years ago,gemma\gemma.csv,4.4
granite4:tiny-h-q4_1,4.4GB,1M,Text,672cf5e6bb8a,11 months ago,ibm\granite4.csv,4.4
qwen2:7b-instruct-q4_0,4.4GB,32K,Text,dd314f039b9d,1 year ago,qwen\qwen2.csv,4.4
dolphin-mistral:7b-v2.2.1-q4_K_M,4.4GB,32K,Text,5e3337ccc282,2 years ago,mistral\dolphin-mistral.csv,4.4
qwen2.5:7b-instruct-q4_0,4.4GB,32K,Text,2e92ac0dd3a8,1 year ago,qwen\qwen2.5.csv,4.4
codegemma:7b-instruct-q3_K_M,4.4GB,8K,Text,,,gemma\codegemma.csv,4.4
mistral:7b-instruct-v0.2-q4_K_M,4.4GB,32K,Text,eb14864c7427,2 years ago,mistral\mistral.csv,4.4
dolphin-mistral:7b-v2.1-q4_K_M,4.4GB,32K,Text,42d3af2ff5bc,2 years ago,mistral\dolphin-mistral.csv,4.4
mistral:latest,4.4GB,32K,Text,6577803aa9a0,1 year ago,mistral\mistral.csv,4.4
qwen2.5-coder:7b-instruct-q4_0,4.4GB,32K,Text,8d7f257337d3,1 year ago,qwen\qwen2.5-coder.csv,4.4
mistral:7b-instruct,4.4GB,32K,Text,6577803aa9a0,1 year ago,mistral\mistral.csv,4.4
mistral:v0.3,4.4GB,32K,Text,6577803aa9a0,1 year ago,mistral\mistral.csv,4.4
mistral:7b-text-v0.2-q4_K_M,4.4GB,16K,Text,33518cc91a4d,2 years ago,mistral\mistral.csv,4.4
qwen2:latest,4.4GB,32K,Text,dd314f039b9d,1 year ago,qwen\qwen2.csv,4.4
qwen3.5:2b-mlx-bf16,MLX 4.4GB,256K,"Text, Image",1bd0618256e3,5 months ago,qwen\qwen3.5.csv,4.4
qwen2:7b-text-q4_0,4.4GB,128K,Text,5c0af9e4500d,2 years ago,qwen\qwen2.csv,4.4
qwen2:7b,4.4GB,32K,Text,dd314f039b9d,1 year ago,qwen\qwen2.csv,4.4
dolphin-mistral:7b-v2.6-dpo-laser-q4_K_M,4.4GB,32K,Text,4637e8c97e50,2 years ago,mistral\dolphin-mistral.csv,4.4
codegemma:7b-instruct-v1.1-q3_K_M,4.4GB,8K,Text,,,gemma\codegemma.csv,4.4
dolphin-mistral:7b-v2.2-q4_K_M,4.4GB,32K,Text,5f5bc8a7f6c0,2 years ago,mistral\dolphin-mistral.csv,4.4
yarn-mistral:7b-64k-q4_K_M,4.4GB,32K,Text,f9434e5ec017,2 years ago,mistral\yarn-mistral.csv,4.4
qwen2:7b-instruct,4.4GB,32K,Text,dd314f039b9d,1 year ago,qwen\qwen2.csv,4.4
yarn-mistral:7b-128k-q4_K_M,4.4GB,128K,Text,b29d79d2f3ef,2 years ago,mistral\yarn-mistral.csv,4.4
qwen3:4b-q8_0,4.4GB,40K,Text,6461746fd6b5,1 year ago,qwen\qwen3.csv,4.4
mistral:7b-instruct-q4_K_M,4.4GB,32K,Text,1a85656b534f,2 years ago,mistral\mistral.csv,4.4
mistral:7b-instruct-v0.3-q4_K_M,4.4GB,32K,Text,6577803aa9a0,1 year ago,mistral\mistral.csv,4.4
mistrallite:7b-v0.1-q4_K_M,4.4GB,32K,Text,d73bbd6b49d1,2 years ago,mistral\mistrallite.csv,4.4
mistral-openorca:7b-q4_K_M,4.4GB,32K,Text,d4fd6870e8eb,2 years ago,mistral\mistral-openorca.csv,4.4
dolphin-mistral:7b-v2-q4_K_M,4.4GB,32K,Text,8151671578cc,2 years ago,mistral\dolphin-mistral.csv,4.4
granite4:tiny-h-base-q4_1,4.4GB,1M,Text,0787685175ac,11 months ago,ibm\granite4.csv,4.4
granite3.1-dense:8b-instruct-q3_K_L,4.4GB,128K,Text,8f28ec28aafc,1 year ago,granite\granite3.1-dense.csv,4.4
mistral:7b-text-q4_K_M,4.4GB,32K,Text,60eca258468e,2 years ago,mistral\mistral.csv,4.4
qwen2:7b-text,4.4GB,128K,Text,5c0af9e4500d,2 years ago,qwen\qwen2.csv,4.4
qwen:7b-chat-v1.5-q4_0,4.5GB,32K,Text,2091ee8c8d8f,2 years ago,qwen\qwen.csv,4.5
nemotron-mini:4b-instruct-q8_0,4.5GB,4K,Text,fe86a4d04f9f,1 year ago,nemotron\nemotron-mini.csv,4.5
qwen:7b-chat-q4_K_S,4.5GB,32K,Text,670c5afa68d5,2 years ago,qwen\qwen.csv,4.5
qwen:7b-text-v1.5-q4_0,4.5GB,32K,Text,952dc7c77fea,2 years ago,qwen\qwen.csv,4.5
ministral-3:3b-instruct-2512-q8_0,4.5GB,256K,"Text, Image",c269e5748d11,8 months ago,mistral\ministral-3.csv,4.5
qwen2:7b-instruct-q4_K_S,4.5GB,32K,Text,47d94758e9c1,1 year ago,qwen\qwen2.csv,4.5
llama-pro:8b-text-q3_K_L,4.5GB,4K,Text,,,llama\llama-pro.csv,4.5
gemma:2b-instruct-fp16,4.5GB,8K,Text,1cca4a1914b8,2 years ago,gemma\gemma.csv,4.5
qwen2.5-coder:7b-base-q4_K_S,4.5GB,32K,Text,d31c13ff6e03,1 year ago,qwen\qwen2.5-coder.csv,4.5
qwen2.5-coder:7b-instruct-q4_K_S,4.5GB,32K,Text,37ff7e52b958,1 year ago,qwen\qwen2.5-coder.csv,4.5
gemma:2b-text-fp16,4.5GB,8K,Text,bced1b198253,2 years ago,gemma\gemma.csv,4.5
llama-pro:8b-instruct-q3_K_L,4.5GB,4K,Text,,,llama\llama-pro.csv,4.5
qwen:7b-q4_0,4.5GB,32K,Text,a602ed3d295f,2 years ago,qwen\qwen.csv,4.5
qwen:7b-chat,4.5GB,32K,Text,2091ee8c8d8f,2 years ago,qwen\qwen.csv,4.5
qwen:7b-q4_K_S,4.5GB,32K,Text,13660ea6e426,2 years ago,qwen\qwen.csv,4.5
qwen2.5:7b-instruct-q4_K_S,4.5GB,32K,Text,d572758f0ffe,1 year ago,qwen\qwen2.5.csv,4.5
qwen:7b-text-v1.5-q4_K_S,4.5GB,32K,Text,05bb240791f0,2 years ago,qwen\qwen.csv,4.5
qwen:7b-chat-q4_0,4.5GB,32K,Text,8a759e224c54,2 years ago,qwen\qwen.csv,4.5
qwen:7b-chat-v1.5-q4_K_S,4.5GB,32K,Text,1b769918d6f3,2 years ago,qwen\qwen.csv,4.5
qwen:7b,4.5GB,32K,Text,2091ee8c8d8f,2 years ago,qwen\qwen.csv,4.5
qwen:7b-text,4.5GB,32K,Text,952dc7c77fea,2 years ago,qwen\qwen.csv,4.5
granite4.1-guardian:8b-q3_K_L,4.5GB,128K,Text,364832eedf35,2 months ago,ibm\granite4.1-guardian.csv,4.5
qwen2:7b-text-q4_K_S,4.5GB,128K,Text,5cfe6a2793de,2 years ago,qwen\qwen2.csv,4.5
dolphin-mistral:7b-v2.2.1-q4_1,4.6GB,32K,Text,c76cd3b5beee,2 years ago,mistral\dolphin-mistral.csv,4.6
mistral:7b-instruct-v0.2-q4_1,4.6GB,32K,Text,658e1f4c66cc,2 years ago,mistral\mistral.csv,4.6
dolphin-mistral:7b-v2.1-q4_1,4.6GB,32K,Text,bccbfbb66c22,2 years ago,mistral\dolphin-mistral.csv,4.6
yarn-mistral:7b-64k-q4_1,4.6GB,32K,Text,0b1ddb2af722,2 years ago,mistral\yarn-mistral.csv,4.6
mistrallite:7b-v0.1-q4_1,4.6GB,32K,Text,00a4a71eee8f,2 years ago,mistral\mistrallite.csv,4.6
granite4.0-preview:tiny-instruct-q5_0,4.6GB,1M,Text,0748274e15fa,11 months ago,ibm\granite4.0-preview.csv,4.6
granite4.0-preview:tiny-base-q5_0,4.6GB,1M,Text,75017279b232,11 months ago,ibm\granite4.0-preview.csv,4.6
granite4.0-preview:tiny-base-q5_K_S,4.6GB,1M,Text,6fbbb348159c,11 months ago,ibm\granite4.0-preview.csv,4.6
mistral-openorca:7b-q4_1,4.6GB,32K,Text,185461182e00,2 years ago,mistral\mistral-openorca.csv,4.6
mistral:7b-instruct-v0.3-q4_1,4.6GB,32K,Text,571250ebd2d9,1 year ago,mistral\mistral.csv,4.6
gemma:7b-instruct-q3_K_M,4.6GB,8K,Text,92dd270cb673,2 years ago,gemma\gemma.csv,4.6
yarn-mistral:7b-128k-q4_1,4.6GB,128K,Text,2f2460d79fe1,2 years ago,mistral\yarn-mistral.csv,4.6
dolphin-mistral:7b-v2-q4_1,4.6GB,32K,Text,963a8962e5cb,2 years ago,mistral\dolphin-mistral.csv,4.6
granite4.0-preview:tiny-instruct-q5_K_S,4.6GB,1M,Text,377173acb171,11 months ago,ibm\granite4.0-preview.csv,4.6
mistral:7b-instruct-q4_1,4.6GB,32K,Text,4455f2ee0189,2 years ago,mistral\mistral.csv,4.6
qwen3.5:2b-bf16,4.6GB,256K,"Text, Image",64148169aba8,5 months ago,qwen\qwen3.5.csv,4.6
dolphin-mistral:7b-v2.2-q4_1,4.6GB,32K,Text,1f764be54847,2 years ago,mistral\dolphin-mistral.csv,4.6
phi4-mini-reasoning:3.8b-q8_0,4.6GB,4K,Text,e3fffa9f7d91,1 year ago,phi\phi4-mini-reasoning.csv,4.6
gemma:7b-text-q3_K_M,4.6GB,8K,Text,ffd8ea66cf1f,2 years ago,gemma\gemma.csv,4.6
dolphin-mistral:7b-v2.6-q4_1,4.6GB,32K,Text,75979198bd96,2 years ago,mistral\dolphin-mistral.csv,4.6
dolphin-mistral:7b-v2.6-dpo-laser-q4_1,4.6GB,32K,Text,dcda7ed9d1ea,2 years ago,mistral\dolphin-mistral.csv,4.6
qwen2.5vl:3b-q8_0,4.6GB,125K,"Text, Image",21858d9f5230,1 year ago,qwen\qwen2.5vl.csv,4.6
dolphin-mistral:7b-v2.8-q4_1,4.6GB,32K,Text,8a3536853f0c,2 years ago,mistral\dolphin-mistral.csv,4.6
mistral:7b-text-q4_1,4.6GB,32K,Text,14d146cb57dc,2 years ago,mistral\mistral.csv,4.6
mistral:7b-text-v0.2-q4_1,4.6GB,16K,Text,fae6ab253307,2 years ago,mistral\mistral.csv,4.6
mathstral:7b-v0.1-q4_1,4.6GB,32K,Text,7d1005348e61,2 years ago,mistral\mathstral.csv,4.6
deepseek-coder:6.7b-instruct-q5_0,4.7GB,16K,Text,24c6f279a2a3,2 years ago,deepseek\deepseek-coder.csv,4.7
deepseek-coder:6.7b-instruct-q5_K_S,4.7GB,16K,Text,fa9d8a78ef0d,2 years ago,deepseek\deepseek-coder.csv,4.7
granite4.0-preview:tiny-base-q5_K_M,4.7GB,1M,Text,92a6fb182cb0,11 months ago,ibm\granite4.0-preview.csv,4.7
llama3-chatqa:8b-v1.5,4.7GB,8K,Text,b37a98d204b2,2 years ago,llama\llama3-chatqa.csv,4.7
llama3-chatqa:8b,4.7GB,8K,Text,b37a98d204b2,2 years ago,llama\llama3-chatqa.csv,4.7
llama3-chatqa:latest,4.7GB,8K,Text,b37a98d204b2,2 years ago,llama\llama3-chatqa.csv,4.7
llama3-chatqa:8b-v1.5-q4_K_S,4.7GB,8K,Text,c4c5c98e11c6,2 years ago,llama\llama3-chatqa.csv,4.7
granite4.0-preview:tiny-instruct-q5_K_M,4.7GB,1M,Text,7d65562c3f16,11 months ago,ibm\granite4.0-preview.csv,4.7
llama3:text,4.7GB,8K,Text,870a5d02cfaf,2 years ago,llama\llama3.csv,4.7
deepseek-r1:7b,4.7GB,128K,Text,755ced02ce7b,1 year ago,deepseek\deepseek-r1.csv,4.7
llama3:8b-instruct-q4_K_S,4.7GB,8K,Text,469db3d82576,2 years ago,llama\llama3.csv,4.7
llama3:8b,4.7GB,8K,Text,365c0bd3c000,2 years ago,llama\llama3.csv,4.7
granite3-dense:8b-instruct-q4_0,4.7GB,4K,Text,16473222519f,1 year ago,granite\granite3-dense.csv,4.7
llama3:8b-instruct-q4_0,4.7GB,8K,Text,365c0bd3c000,2 years ago,llama\llama3.csv,4.7
qwen2.5-coder:7b-base,4.7GB,32K,Text,bd8755145f1c,1 year ago,qwen\qwen2.5-coder.csv,4.7
llama2-uncensored:7b-chat-q5_0,4.7GB,2K,Text,48c918f41b91,2 years ago,llama\llama2-uncensored.csv,4.7
llama3:8b-text-q4_0,4.7GB,8K,Text,870a5d02cfaf,2 years ago,llama\llama3.csv,4.7
llama2:7b-chat-q5_K_S,4.7GB,4K,Text,4f771b179264,2 years ago,llama\llama2.csv,4.7
llama3-gradient:8b-instruct-1048k-q4_0,4.7GB,1M,Text,5d1398df5b8b,2 years ago,llama\llama3-gradient.csv,4.7
llama2:7b-chat-q5_0,4.7GB,4K,Text,68cf22a36a37,2 years ago,llama\llama2.csv,4.7
llama3-gradient:8b,4.7GB,1M,Text,5d1398df5b8b,2 years ago,llama\llama3-gradient.csv,4.7
llama3-gradient:1048k,4.7GB,1M,Text,5d1398df5b8b,2 years ago,llama\llama3-gradient.csv,4.7
llama3-chatqa:8b-v1.5-q4_0,4.7GB,8K,Text,b37a98d204b2,2 years ago,llama\llama3-chatqa.csv,4.7
llama2:7b-text-q5_K_S,4.7GB,4K,Text,6dd64259f527,2 years ago,llama\llama2.csv,4.7
llama3-gradient:instruct,4.7GB,1M,Text,5d1398df5b8b,2 years ago,llama\llama3-gradient.csv,4.7
qwen2.5-coder:latest,4.7GB,32K,Text,dae161e27b0e,1 year ago,qwen\qwen2.5-coder.csv,4.7
qwen2.5-coder:7b,4.7GB,32K,Text,dae161e27b0e,1 year ago,qwen\qwen2.5-coder.csv,4.7
llama3-gradient:latest,4.7GB,1M,Text,5d1398df5b8b,2 years ago,llama\llama3-gradient.csv,4.7
llama3:8b-text,4.7GB,8K,Text,870a5d02cfaf,2 years ago,llama\llama3.csv,4.7
llama3:8b-text-q4_K_S,4.7GB,8K,Text,9a26d72d3e16,2 years ago,llama\llama3.csv,4.7
granite3-dense:8b-instruct-q4_K_S,4.7GB,4K,Text,8fc1ce76b8f2,1 year ago,granite\granite3-dense.csv,4.7
deepseek-r1:7b-qwen-distill-q4_K_M,4.7GB,128K,Text,755ced02ce7b,1 year ago,deepseek\deepseek-r1.csv,4.7
llama3-groq-tool-use:8b,4.7GB,8K,Text,36211dad2b15,2 years ago,llama\llama3-groq-tool-use.csv,4.7
llama2:7b-text-q5_0,4.7GB,4K,Text,7377932417e0,2 years ago,llama\llama2.csv,4.7
llama-guard3:8b-q4_K_S,4.7GB,128K,Text,7e8d75f07310,1 year ago,llama\llama-guard3.csv,4.7
gemma:7b-instruct-v1.1-q3_K_L,4.7GB,8K,Text,567c802627ea,2 years ago,gemma\gemma.csv,4.7
llama3:latest,4.7GB,8K,Text,365c0bd3c000,2 years ago,llama\llama3.csv,4.7
llama3:instruct,4.7GB,8K,Text,365c0bd3c000,2 years ago,llama\llama3.csv,4.7
qwen2.5-coder:7b-instruct-q4_K_M,4.7GB,32K,Text,dae161e27b0e,1 year ago,qwen\qwen2.5-coder.csv,4.7
qwen2:7b-text-q4_K_M,4.7GB,128K,Text,37dee31a1b72,2 years ago,qwen\qwen2.csv,4.7
qwen2.5-coder:7b-base-q4_K_M,4.7GB,32K,Text,bd8755145f1c,1 year ago,qwen\qwen2.5-coder.csv,4.7
llama-pro:instruct,4.7GB,4K,Text,,,llama\llama-pro.csv,4.7
llama-pro:text,4.7GB,4K,Text,,,llama\llama-pro.csv,4.7
llama3.1:8b-instruct-q4_0,4.7GB,128K,Text,42182419e950,1 year ago,llama\llama3.1.csv,4.7
llama3.1:8b-instruct-q4_K_S,4.7GB,128K,Text,778e1e675704,1 year ago,llama\llama3.1.csv,4.7
qwen2.5:7b,4.7GB,32K,Text,845dbda0ea48,1 year ago,qwen\qwen2.5.csv,4.7
granite3.1-dense:8b-instruct-q4_0,4.7GB,128K,Text,fc2c18155205,1 year ago,granite\granite3.1-dense.csv,4.7
granite3.1-dense:8b-instruct-q4_K_S,4.7GB,128K,Text,4707086b3bed,1 year ago,granite\granite3.1-dense.csv,4.7
llama-pro:latest,4.7GB,4K,Text,,,llama\llama-pro.csv,4.7
llama-guard3:8b-q4_0,4.7GB,128K,Text,d8d7fb8dfa56,1 year ago,llama\llama-guard3.csv,4.7
llama3-gradient:8b-instruct-1048k-q4_K_S,4.7GB,1M,Text,419da1c2bc33,2 years ago,llama\llama3-gradient.csv,4.7
llama3-groq-tool-use:latest,4.7GB,8K,Text,36211dad2b15,2 years ago,llama\llama3-groq-tool-use.csv,4.7
llama3-groq-tool-use:8b-q4_0,4.7GB,8K,Text,36211dad2b15,2 years ago,llama\llama3-groq-tool-use.csv,4.7
qwen2:7b-instruct-q4_K_M,4.7GB,32K,Text,f10f702d139e,1 year ago,qwen\qwen2.csv,4.7
llama-pro:8b-text-q4_0,4.7GB,4K,Text,,,llama\llama-pro.csv,4.7
llama2-uncensored:7b-chat-q5_K_S,4.7GB,2K,Text,f2f04ee3b17e,2 years ago,llama\llama2-uncensored.csv,4.7
llama-pro:8b-instruct-q4_0,4.7GB,4K,Text,,,llama\llama-pro.csv,4.7
llama3-groq-tool-use:8b-q4_K_S,4.7GB,8K,Text,9dc66563ded8,2 years ago,llama\llama3-groq-tool-use.csv,4.7
llama3.1:8b-text-q4_0,4.7GB,128K,Text,025059e83055,2 years ago,llama\llama3.1.csv,4.7
qwen2.5:latest,4.7GB,32K,Text,845dbda0ea48,1 year ago,qwen\qwen2.5.csv,4.7
granite4.2:8b-q3_K_L,4.7GB,128K,Text,418c3ffbe5f7,1 week ago,granite\granite4.2.csv,4.7
llama3.1:8b-text-q4_K_S,4.7GB,128K,Text,d1a421604a57,2 years ago,llama\llama3.1.csv,4.7
qwen2.5:7b-instruct-q4_K_M,4.7GB,32K,Text,845dbda0ea48,1 year ago,qwen\qwen2.5.csv,4.7
granite4.1:8b-q3_K_L,4.7GB,128K,Text,d780c2e519e8,4 months ago,granite\granite4.1.csv,4.7
granite3.2:8b-instruct-q4_0,4.7GB,128K,Text,7680f21822da,1 year ago,ibm\granite3.2.csv,4.7
granite3.2:8b-instruct-q4_K_S,4.7GB,128K,Text,f80ab17b6c1a,1 year ago,ibm\granite3.2.csv,4.7
granite4.1:8b-q3_K_L,4.7GB,128K,Text,d780c2e519e8,4 months ago,ibm\granite4.1.csv,4.7
granite4.2:8b-q3_K_L,4.7GB,128K,Text,84181ef35707,1 week ago,ibm\granite4.2.csv,4.7
granite3.3:8b-instruct-q4_K_S,4.7GB,128K,Text,a148a74a9d83,1 year ago,ibm\granite3.3.csv,4.7
granite3.3:8b-instruct-q4_0,4.7GB,128K,Text,00b60d797185,1 year ago,ibm\granite3.3.csv,4.7
granite3.3:8b-base-q4_K_S,4.7GB,128K,Text,89abbed3f1cb,1 year ago,ibm\granite3.3.csv,4.7
granite3.3:8b-base-q4_0,4.7GB,128K,Text,e9d7f84dc6d8,1 year ago,ibm\granite3.3.csv,4.7
deepseek-coder:6.7b-base-q5_0,4.7GB,16K,Text,bcea528a2f2f,2 years ago,deepseek\deepseek-coder.csv,4.7
deepseek-coder:6.7b-base-q5_K_S,4.7GB,16K,Text,dcff193117f4,2 years ago,deepseek\deepseek-coder.csv,4.7
granite3.2-guardian:5b-q6_K,4.7GB,128K,Text,6946343626e0,1 year ago,ibm\granite3.2-guardian.csv,4.7
qwen2.5-coder:7b-instruct,4.7GB,32K,Text,dae161e27b0e,1 year ago,qwen\qwen2.5-coder.csv,4.7
qwen3-embedding:8b,4.7GB,40K,Text,64b933495768,11 months ago,qwen\qwen3-embedding.csv,4.7
qwen3-embedding:8b-q4_K_M,4.7GB,40K,Text,64b933495768,11 months ago,qwen\qwen3-embedding.csv,4.7
qwen3-embedding:latest,4.7GB,40K,Text,64b933495768,11 months ago,qwen\qwen3-embedding.csv,4.7
granite3.2-guardian:5b,4.7GB,128K,Text,6946343626e0,1 year ago,ibm\granite3.2-guardian.csv,4.7
codegemma:7b-code-q3_K_L,4.7GB,8K,Text,,,gemma\codegemma.csv,4.7
granite3.1-dense:8b-instruct-q4_K_S,4.7GB,128K,Text,c810f9f87239,1 year ago,ibm\granite3.1-dense.csv,4.7
granite3.1-dense:8b-instruct-q4_0,4.7GB,128K,Text,ae4ec03ce4d2,1 year ago,ibm\granite3.1-dense.csv,4.7
granite3-dense:8b-instruct-q4_0,4.7GB,4K,Text,9c8d487501fc,1 year ago,ibm\granite3-dense.csv,4.7
granite3.1-dense:8b-base-q4_K_S,4.7GB,128K,Text,15fd07f32d63,1 year ago,ibm\granite3.1-dense.csv,4.7
granite3.1-dense:8b-base-q4_0,4.7GB,128K,Text,34adea260aff,1 year ago,ibm\granite3.1-dense.csv,4.7
codegemma:7b-instruct-v1.1-q3_K_L,4.7GB,8K,Text,,,gemma\codegemma.csv,4.7
codegemma:7b-instruct-q3_K_L,4.7GB,8K,Text,,,gemma\codegemma.csv,4.7
granite3-dense:8b-instruct-q4_K_S,4.7GB,4K,Text,b3303d14e882,1 year ago,ibm\granite3-dense.csv,4.7
qwen2.5:7b-instruct,4.7GB,32K,Text,845dbda0ea48,1 year ago,qwen\qwen2.5.csv,4.7
deepseek-coder:6.7b-instruct-q5_K_M,4.8GB,16K,Text,d6a1221fb5ff,2 years ago,deepseek\deepseek-coder.csv,4.8
llama2:7b-text-q5_K_M,4.8GB,4K,Text,eaa320e04479,2 years ago,llama\llama2.csv,4.8
llama2:7b-chat-q5_K_M,4.8GB,4K,Text,5918a2e3bb37,2 years ago,llama\llama2.csv,4.8
qwen:7b-chat-v1.5-q4_K_M,4.8GB,32K,Text,315448cc7b99,2 years ago,qwen\qwen.csv,4.8
qwen:7b-text-v1.5-q4_K_M,4.8GB,32K,Text,a2e8ed289a56,2 years ago,qwen\qwen.csv,4.8
granite4.1-guardian:8b-q4_0,4.8GB,128K,Text,a10286f69b99,2 months ago,ibm\granite4.1-guardian.csv,4.8
granite4:tiny-h-q5_K_S,4.8GB,1M,Text,6b3166523d78,11 months ago,ibm\granite4.csv,4.8
granite4:tiny-h-q5_0,4.8GB,1M,Text,308342303824,11 months ago,ibm\granite4.csv,4.8
granite4:tiny-h-base-q5_K_S,4.8GB,1M,Text,123bd7a81e3c,11 months ago,ibm\granite4.csv,4.8
gemma2:9b-instruct-q3_K_M,4.8GB,8K,Text,7461deaf5540,2 years ago,gemma\gemma2.csv,4.8
mistral-nemo:12b-instruct-2407-q2_K,4.8GB,1000K,Text,868f6ba4dbda,1 year ago,mistral\mistral-nemo.csv,4.8
shieldgemma:9b-q3_K_M,4.8GB,8K,Text,1ee83e818fb1,1 year ago,gemma\shieldgemma.csv,4.8
granite4:tiny-h-base-q5_0,4.8GB,1M,Text,ce648d39a07b,11 months ago,ibm\granite4.csv,4.8
llama2-uncensored:7b-chat-q5_K_M,4.8GB,2K,Text,db0d5a17b770,2 years ago,llama\llama2-uncensored.csv,4.8
gemma2:9b-text-q3_K_M,4.8GB,8K,Text,e224c0ba8c7c,2 years ago,gemma\gemma2.csv,4.8
deepseek-coder:6.7b-base-q5_K_M,4.8GB,16K,Text,5d67f76f7c57,2 years ago,deepseek\deepseek-coder.csv,4.8
llama-pro:8b-instruct-q4_K_S,4.8GB,4K,Text,,,llama\llama-pro.csv,4.8
llama-pro:8b-text-q4_K_S,4.8GB,4K,Text,,,llama\llama-pro.csv,4.8
granite4:tiny-h-base-q5_K_M,4.9GB,1M,Text,4b1099cd8e60,11 months ago,ibm\granite4.csv,4.9
llama3-gradient:8b-instruct-1048k-q4_K_M,4.9GB,1M,Text,3ba4af54f02f,2 years ago,llama\llama3-gradient.csv,4.9
llama3-groq-tool-use:8b-q4_K_M,4.9GB,8K,Text,5fa325bad307,2 years ago,llama\llama3-groq-tool-use.csv,4.9
llama-guard3:8b,4.9GB,128K,Text,46f211c3d866,1 year ago,llama\llama-guard3.csv,4.9
granite3-dense:8b,4.9GB,4K,Text,199456d876ee,1 year ago,granite\granite3-dense.csv,4.9
llama3:8b-instruct-q4_K_M,4.9GB,8K,Text,9b8f3f3385bf,2 years ago,llama\llama3.csv,4.9
qwen2.5-coder:7b-instruct-q4_1,4.9GB,32K,Text,b0a7459186aa,1 year ago,qwen\qwen2.5-coder.csv,4.9
deepseek-r1:8b-llama-distill-q4_K_M,4.9GB,128K,Text,9e54bf95550c,1 year ago,deepseek\deepseek-r1.csv,4.9
llama3-chatqa:8b-v1.5-q4_K_M,4.9GB,8K,Text,07e385a3991b,2 years ago,llama\llama3-chatqa.csv,4.9
granite3.3:8b-instruct-q4_K_M,4.9GB,128K,Text,840c9066413c,1 year ago,ibm\granite3.3.csv,4.9
qwen2:7b-text-q4_1,4.9GB,128K,Text,b765b8677fb7,2 years ago,qwen\qwen2.csv,4.9
translategemma:4b-it-q8_0,4.9GB,128K,"Text, Image",69729cbbfd35,7 months ago,gemma\translategemma.csv,4.9
granite3-dense:8b-instruct-q4_K_M,4.9GB,4K,Text,199456d876ee,1 year ago,granite\granite3-dense.csv,4.9
llama3:8b-text-q4_K_M,4.9GB,8K,Text,92666a9c24c8,2 years ago,llama\llama3.csv,4.9
qwen:7b-q4_K_M,4.9GB,32K,Text,e6124c271f88,2 years ago,qwen\qwen.csv,4.9
qwen2:7b-instruct-q4_1,4.9GB,32K,Text,6cbf8f4e11ba,1 year ago,qwen\qwen2.csv,4.9
llama-guard3:8b-q4_K_M,4.9GB,128K,Text,46f211c3d866,1 year ago,llama\llama-guard3.csv,4.9
llama3.1:8b-instruct-q4_K_M,4.9GB,128K,Text,46e0c10c039e,1 year ago,llama\llama3.1.csv,4.9
granite4:tiny-h-q5_K_M,4.9GB,1M,Text,6e95eab3f770,11 months ago,ibm\granite4.csv,4.9
llama-guard3:latest,4.9GB,128K,Text,46f211c3d866,1 year ago,llama\llama-guard3.csv,4.9
gemma:7b-instruct-q3_K_L,4.9GB,8K,Text,1fa1f8e1a003,2 years ago,gemma\gemma.csv,4.9
llama3.1:latest,4.9GB,128K,Text,46e0c10c039e,1 year ago,llama\llama3.1.csv,4.9
qwen2.5-coder:7b-base-q4_1,4.9GB,32K,Text,bcfe87323815,1 year ago,qwen\qwen2.5-coder.csv,4.9
granite3.1-guardian:8b-q4_K_M,4.9GB,128K,Text,decc5db26b8e,1 year ago,ibm\granite3.1-guardian.csv,4.9
granite3.1-dense:8b-instruct-q4_K_M,4.9GB,128K,Text,5b66ee12e3e1,1 year ago,ibm\granite3.1-dense.csv,4.9
granite3-dense:8b-instruct-q4_K_M,4.9GB,4K,Text,721bb52663a1,1 year ago,ibm\granite3-dense.csv,4.9
qwen:7b-chat-q4_K_M,4.9GB,32K,Text,6c6f9fb7cb7b,2 years ago,qwen\qwen.csv,4.9
granite3.2:8b-instruct-q4_K_M,4.9GB,128K,Text,9bcb3335083f,1 year ago,granite\granite3.2.csv,4.9
granite3.1-dense:8b,4.9GB,128K,Text,5b66ee12e3e1,1 year ago,ibm\granite3.1-dense.csv,4.9
granite3-guardian:8b-q4_K_M,4.9GB,8K,Text,cb30605f5616,1 year ago,ibm\granite3-guardian.csv,4.9
granite3-dense:8b,4.9GB,4K,Text,721bb52663a1,1 year ago,ibm\granite3-dense.csv,4.9
qwen2.5:7b-instruct-q4_1,4.9GB,32K,Text,840e00017aa6,1 year ago,qwen\qwen2.5.csv,4.9
granite3.3:latest,4.9GB,128K,Text,fd429f23b909,1 year ago,granite\granite3.3.csv,4.9
granite3.3:8b,4.9GB,128K,Text,fd429f23b909,1 year ago,granite\granite3.3.csv,4.9
granite3.3:8b-base-q4_K_M,4.9GB,128K,Text,da87502f532b,1 year ago,ibm\granite3.3.csv,4.9
granite4.1-guardian:8b-q4_K_S,4.9GB,128K,Text,a8736da3fe78,2 months ago,ibm\granite4.1-guardian.csv,4.9
granite3.3-guardian:8b-q4_K_M,4.9GB,128K,Text,204e1025a57a,1 year ago,ibm\granite3.3-guardian.csv,4.9
granite3.2:8b-instruct-q4_K_M,4.9GB,128K,Text,a2e818b0be20,1 year ago,ibm\granite3.2.csv,4.9
granite3.3:8b,4.9GB,128K,Text,840c9066413c,1 year ago,ibm\granite3.3.csv,4.9
granite3.3:8b-base,4.9GB,128K,Text,7686cd1189f9,1 year ago,ibm\granite3.3.csv,4.9
granite3.2:8b,4.9GB,128K,Text,a2e818b0be20,1 year ago,ibm\granite3.2.csv,4.9
granite3.1-dense:8b-base-q4_K_M,4.9GB,128K,Text,bb109c975f34,1 year ago,ibm\granite3.1-dense.csv,4.9
gemma:7b-text-q3_K_L,4.9GB,8K,Text,1676d1f86165,2 years ago,gemma\gemma.csv,4.9
granite3.2:latest,4.9GB,128K,Text,9bcb3335083f,1 year ago,granite\granite3.2.csv,4.9
granite3.2:8b,4.9GB,128K,Text,9bcb3335083f,1 year ago,granite\granite3.2.csv,4.9
llama3.1:8b,4.9GB,128K,Text,46e0c10c039e,1 year ago,llama\llama3.1.csv,4.9
llama3.1:8b-text-q4_K_M,4.9GB,128K,Text,6f98b5a6e4b7,2 years ago,llama\llama3.1.csv,4.9
mistral:7b-instruct-q5_K_S,5.0GB,32K,Text,6e47e694bb5c,2 years ago,mistral\mistral.csv,5.0
codegemma:7b-v1.1,5.0GB,8K,Text,,,gemma\codegemma.csv,5.0
gemma:7b,5.0GB,8K,Text,a72c7f4d0a15,2 years ago,gemma\gemma.csv,5.0
mistral:7b-text-q5_K_S,5.0GB,32K,Text,be6784da326c,2 years ago,mistral\mistral.csv,5.0
gemma:v1.1,5.0GB,8K,Text,a72c7f4d0a15,2 years ago,gemma\gemma.csv,5.0
gemma:7b-instruct,5.0GB,8K,Text,a72c7f4d0a15,2 years ago,gemma\gemma.csv,5.0
gemma:2b-instruct-v1.1-fp16,5.0GB,8K,Text,fa8ddc50dcc2,2 years ago,gemma\gemma.csv,5.0
mistral-openorca:7b-q5_K_S,5.0GB,32K,Text,dc071e3647c7,2 years ago,mistral\mistral-openorca.csv,5.0
mistral-openorca:7b-q5_0,5.0GB,32K,Text,da128676aa71,2 years ago,mistral\mistral-openorca.csv,5.0
granite3.1-dense:latest,5.0GB,128K,Text,34d3be74ec54,1 year ago,granite\granite3.1-dense.csv,5.0
granite3.1-dense:8b,5.0GB,128K,Text,34d3be74ec54,1 year ago,granite\granite3.1-dense.csv,5.0
granite3.1-dense:8b-instruct-q4_K_M,5.0GB,128K,Text,34d3be74ec54,1 year ago,granite\granite3.1-dense.csv,5.0
mistral:7b-instruct-v0.3-q5_0,5.0GB,32K,Text,78fdb100e03d,1 year ago,mistral\mistral.csv,5.0
mistrallite:7b-v0.1-q5_K_S,5.0GB,32K,Text,6b71023e7195,2 years ago,mistral\mistrallite.csv,5.0
mistrallite:7b-v0.1-q5_0,5.0GB,32K,Text,751a158ec222,2 years ago,mistral\mistrallite.csv,5.0
qwen:7b-q4_1,5.0GB,32K,Text,aced3b622251,2 years ago,qwen\qwen.csv,5.0
gemma3:4b-it-q8_0,5.0GB,128K,"Text, Image",2376388dec16,1 year ago,gemma\gemma3.csv,5.0
mistral:7b-instruct-q5_0,5.0GB,32K,Text,69b94d2f2086,2 years ago,mistral\mistral.csv,5.0
dolphin-mistral:7b-v2-q5_0,5.0GB,32K,Text,f233b1631e2e,2 years ago,mistral\dolphin-mistral.csv,5.0
gemma:latest,5.0GB,8K,Text,a72c7f4d0a15,2 years ago,gemma\gemma.csv,5.0
gemma:instruct,5.0GB,8K,Text,a72c7f4d0a15,2 years ago,gemma\gemma.csv,5.0
gemma:7b-v1.1,5.0GB,8K,Text,a72c7f4d0a15,2 years ago,gemma\gemma.csv,5.0
codegemma:instruct,5.0GB,8K,Text,,,gemma\codegemma.csv,5.0
mistral:7b-text-q5_0,5.0GB,32K,Text,efb1aa205985,2 years ago,mistral\mistral.csv,5.0
mistral:7b-text-v0.2-q5_0,5.0GB,16K,Text,de4b5d95fa55,2 years ago,mistral\mistral.csv,5.0
granite4.0-preview:tiny-instruct-q5_1,5.0GB,1M,Text,767219393fb6,11 months ago,ibm\granite4.0-preview.csv,5.0
granite4.0-preview:tiny-base-q5_1,5.0GB,1M,Text,b2f66f70d3ae,11 months ago,ibm\granite4.0-preview.csv,5.0
codegemma:latest,5.0GB,8K,Text,,,gemma\codegemma.csv,5.0
mistral:7b-text-v0.2-q5_K_S,5.0GB,16K,Text,d419d7d9e74a,2 years ago,mistral\mistral.csv,5.0
mistral:7b-instruct-v0.3-q5_K_S,5.0GB,32K,Text,13690c9631b6,1 year ago,mistral\mistral.csv,5.0
codegemma:7b-instruct-q4_0,5.0GB,8K,Text,,,gemma\codegemma.csv,5.0
dolphin-mistral:7b-v2.1-q5_0,5.0GB,32K,Text,7577f2a6ea36,2 years ago,mistral\dolphin-mistral.csv,5.0
yarn-mistral:7b-128k-q5_K_S,5.0GB,128K,Text,48e075e27562,2 years ago,mistral\yarn-mistral.csv,5.0
yarn-mistral:7b-128k-q5_0,5.0GB,128K,Text,f6e752bb89ba,2 years ago,mistral\yarn-mistral.csv,5.0
dolphin-mistral:7b-v2-q5_K_S,5.0GB,32K,Text,3d1193db8247,2 years ago,mistral\dolphin-mistral.csv,5.0
dolphin-mistral:7b-v2.2-q5_0,5.0GB,32K,Text,05ef3ead3f63,2 years ago,mistral\dolphin-mistral.csv,5.0
codegemma:7b-instruct-v1.1-q4_0,5.0GB,8K,Text,,,gemma\codegemma.csv,5.0
codegemma:2b-code-v1.1-fp16,5.0GB,8K,Text,,,gemma\codegemma.csv,5.0
codegemma:7b-code,5.0GB,8K,Text,,,gemma\codegemma.csv,5.0
codegemma:7b,5.0GB,8K,Text,,,gemma\codegemma.csv,5.0
codegemma:2b-code-fp16,5.0GB,8K,Text,,,gemma\codegemma.csv,5.0
dolphin-mistral:7b-v2.2-q5_K_S,5.0GB,32K,Text,8cb5befe96d0,2 years ago,mistral\dolphin-mistral.csv,5.0
qwen:7b-chat-v1.5-q4_1,5.0GB,32K,Text,3dc4f8204e32,2 years ago,qwen\qwen.csv,5.0
dolphin-mistral:7b-v2.1-q5_K_S,5.0GB,32K,Text,fafa4121da53,2 years ago,mistral\dolphin-mistral.csv,5.0
dolphin-mistral:7b-v2.2.1-q5_0,5.0GB,32K,Text,a22f80a3ea5d,2 years ago,mistral\dolphin-mistral.csv,5.0
codegemma:7b-code-q4_K_S,5.0GB,8K,Text,,,gemma\codegemma.csv,5.0
codegemma:7b-code-q4_0,5.0GB,8K,Text,,,gemma\codegemma.csv,5.0
yarn-mistral:7b-64k-q5_K_S,5.0GB,32K,Text,1fb11cbfb6ad,2 years ago,mistral\yarn-mistral.csv,5.0
yarn-mistral:7b-64k-q5_0,5.0GB,32K,Text,917060ebb0d8,2 years ago,mistral\yarn-mistral.csv,5.0
codegemma:7b-instruct,5.0GB,8K,Text,,,gemma\codegemma.csv,5.0
medgemma1.5:4b-it-q8_0,5.0GB,128K,"Text, Image",d6ae3cddb663,4 months ago,gemma\medgemma1.5.csv,5.0
medgemma:4b-it-q8_0,5.0GB,128K,"Text, Image",fd0b43b1d0ef,4 months ago,gemma\medgemma.csv,5.0
qwen:7b-chat-q4_1,5.0GB,32K,Text,e70d79f49f09,2 years ago,qwen\qwen.csv,5.0
mistral:7b-instruct-v0.2-q5_0,5.0GB,32K,Text,0e6b5e504307,2 years ago,mistral\mistral.csv,5.0
mistral:7b-instruct-v0.2-q5_K_S,5.0GB,32K,Text,db882a87043d,2 years ago,mistral\mistral.csv,5.0
gemma:7b-instruct-v1.1-q4_0,5.0GB,8K,Text,a72c7f4d0a15,2 years ago,gemma\gemma.csv,5.0
dolphin-mistral:7b-v2.8-q5_0,5.0GB,32K,Text,4b957d0f8184,2 years ago,mistral\dolphin-mistral.csv,5.0
dolphin-mistral:7b-v2.6-dpo-laser-q5_0,5.0GB,32K,Text,09bce0353761,2 years ago,mistral\dolphin-mistral.csv,5.0
dolphin-mistral:7b-v2.6-q5_0,5.0GB,32K,Text,e8f5e1669039,2 years ago,mistral\dolphin-mistral.csv,5.0
dolphin-mistral:7b-v2.6-dpo-laser-q5_K_S,5.0GB,32K,Text,c6a7fdc04e62,2 years ago,mistral\dolphin-mistral.csv,5.0
dolphin-mistral:7b-v2.6-q5_K_S,5.0GB,32K,Text,5ce09aea680f,2 years ago,mistral\dolphin-mistral.csv,5.0
gemma:7b-instruct-v1.1-q4_K_S,5.0GB,8K,Text,2c55699e04d0,2 years ago,gemma\gemma.csv,5.0
dolphin-mistral:7b-v2.2.1-q5_K_S,5.0GB,32K,Text,03945b375e86,2 years ago,mistral\dolphin-mistral.csv,5.0
qwen:7b-text-v1.5-q4_1,5.0GB,32K,Text,1c67239d76ac,2 years ago,qwen\qwen.csv,5.0
dolphin-mistral:7b-v2.8-q5_K_S,5.0GB,32K,Text,a9699d013b92,2 years ago,mistral\dolphin-mistral.csv,5.0
codegemma:7b-instruct-q4_K_S,5.0GB,8K,Text,,,gemma\codegemma.csv,5.0
codegemma:7b-instruct-v1.1-q4_K_S,5.0GB,8K,Text,,,gemma\codegemma.csv,5.0
mathstral:7b-v0.1-q5_K_S,5.0GB,32K,Text,e37cf555b2ed,2 years ago,mistral\mathstral.csv,5.0
mathstral:7b-v0.1-q5_0,5.0GB,32K,Text,c766c6cbd32e,2 years ago,mistral\mathstral.csv,5.0
deepseek-coder:6.7b-instruct-q5_1,5.1GB,16K,Text,e13a2f5b13e6,2 years ago,deepseek\deepseek-coder.csv,5.1
llama3.1:8b-instruct-q4_1,5.1GB,128K,Text,e129e608a752,1 year ago,llama\llama3.1.csv,5.1
llama3.1:8b-text-q4_1,5.1GB,128K,Text,4b32d52187b4,2 years ago,llama\llama3.1.csv,5.1
qwen3-vl:4b-thinking-q8_0,5.1GB,256K,"Text, Image",5b16d3ac6a65,10 months ago,qwen\qwen3-vl.csv,5.1
mistral-openorca:7b-q5_K_M,5.1GB,32K,Text,30b5e000fa20,2 years ago,mistral\mistral-openorca.csv,5.1
granite3.3:2b-instruct-f16,5.1GB,128K,Text,83931073e157,1 year ago,ibm\granite3.3.csv,5.1
granite3.3:8b-base-q4_1,5.1GB,128K,Text,6f1a5ae058eb,1 year ago,ibm\granite3.3.csv,5.1
granite4.1:8b-q4_K_S,5.1GB,128K,Text,f7082ba9a6e7,4 months ago,ibm\granite4.1.csv,5.1
granite3.3:2b-base-f16,5.1GB,128K,Text,8ad281da8dd2,1 year ago,ibm\granite3.3.csv,5.1
dolphin-mistral:7b-v2.8-q5_K_M,5.1GB,32K,Text,89cd0f3499d5,2 years ago,mistral\dolphin-mistral.csv,5.1
shieldgemma:9b-q3_K_L,5.1GB,8K,Text,02637dc40252,1 year ago,gemma\shieldgemma.csv,5.1
granite4.1-guardian:8b-q4_K_M,5.1GB,128K,Text,c84f3ddf98bb,2 months ago,ibm\granite4.1-guardian.csv,5.1
llama3-gradient:8b-instruct-1048k-q4_1,5.1GB,1M,Text,1e76a7e4e55b,2 years ago,llama\llama3-gradient.csv,5.1
mistral:7b-instruct-q5_K_M,5.1GB,32K,Text,8397c99c426f,2 years ago,mistral\mistral.csv,5.1
llama3-groq-tool-use:8b-q4_1,5.1GB,8K,Text,b927899ecb62,2 years ago,llama\llama3-groq-tool-use.csv,5.1
granite4.2:8b-q4_K_S,5.1GB,128K,Text,b58135edd0a8,1 week ago,ibm\granite4.2.csv,5.1
granite4.2:8b-q4_0,5.1GB,128K,Text,f50b12c2f6a4,1 week ago,ibm\granite4.2.csv,5.1
llama3:8b-instruct-q4_1,5.1GB,8K,Text,ec0a6ea1fb9b,2 years ago,llama\llama3.csv,5.1
mistral:7b-instruct-v0.3-q5_K_M,5.1GB,32K,Text,e6968ec1decc,1 year ago,mistral\mistral.csv,5.1
granite3.2:2b-instruct-f16,5.1GB,128K,Text,8d5453fc9cc6,1 year ago,ibm\granite3.2.csv,5.1
granite3.2:8b-instruct-q4_1,5.1GB,128K,Text,f59010081b21,1 year ago,ibm\granite3.2.csv,5.1
dolphin-mistral:7b-v2.6-dpo-laser-q5_K_M,5.1GB,32K,Text,89ac2026188b,2 years ago,mistral\dolphin-mistral.csv,5.1
dolphin-mistral:7b-v2.2.1-q5_K_M,5.1GB,32K,Text,e4b72a87ab51,2 years ago,mistral\dolphin-mistral.csv,5.1
dolphin-mistral:7b-v2.6-q5_K_M,5.1GB,32K,Text,24b9c375e0bc,2 years ago,mistral\dolphin-mistral.csv,5.1
llama3-chatqa:8b-v1.5-q4_1,5.1GB,8K,Text,598e30318446,2 years ago,llama\llama3-chatqa.csv,5.1
granite4.1:8b-q4_0,5.1GB,128K,Text,d1ca2294e93a,4 months ago,ibm\granite4.1.csv,5.1
granite3-guardian:2b-fp16,5.1GB,8K,Text,2bf55927dd85,1 year ago,granite\granite3-guardian.csv,5.1
granite3.1-guardian:2b-f16,5.1GB,128K,Text,0518d289bb8e,1 year ago,ibm\granite3.1-guardian.csv,5.1
dolphin-mistral:7b-v2.2-q5_K_M,5.1GB,32K,Text,e9ac7f8b1b41,2 years ago,mistral\dolphin-mistral.csv,5.1
granite3.1-dense:8b-instruct-q4_1,5.1GB,128K,Text,2742c361fad9,1 year ago,ibm\granite3.1-dense.csv,5.1
phi3:14b-medium-128k-instruct-q2_K,5.1GB,4K,Text,94ce47285859,2 years ago,phi\phi3.csv,5.1
granite3-dense:8b-instruct-q4_1,5.1GB,4K,Text,8a47472a11f2,1 year ago,granite\granite3-dense.csv,5.1
llama3:8b-text-q4_1,5.1GB,8K,Text,6b5617036d84,2 years ago,llama\llama3.csv,5.1
llama2:7b-text-q5_1,5.1GB,4K,Text,1a5e521c1e5c,2 years ago,llama\llama2.csv,5.1
granite3.1-dense:2b-base-f16,5.1GB,128K,Text,96c71b4448df,1 year ago,ibm\granite3.1-dense.csv,5.1
granite3-guardian:2b-f16,5.1GB,8K,Text,5742bc2bb98f,1 year ago,ibm\granite3-guardian.csv,5.1
dolphin-mistral:7b-v2-q5_K_M,5.1GB,32K,Text,483a8c29490a,2 years ago,mistral\dolphin-mistral.csv,5.1
granite3-dense:2b-base-f16,5.1GB,4K,Text,5ed129afd07b,1 year ago,ibm\granite3-dense.csv,5.1
llama2:7b-chat-q5_1,5.1GB,4K,Text,ae646aad1ac9,2 years ago,llama\llama2.csv,5.1
granite4.2:8b-q4_0,5.1GB,128K,Text,d4259880557c,1 week ago,granite\granite4.2.csv,5.1
phi3:14b-medium-4k-instruct-q2_K,5.1GB,4K,Text,1d0b237ac0c0,2 years ago,phi\phi3.csv,5.1
llama-pro:8b-text-q4_K_M,5.1GB,4K,Text,,,llama\llama-pro.csv,5.1
mistrallite:7b-v0.1-q5_K_M,5.1GB,32K,Text,7a3f8c87136f,2 years ago,mistral\mistrallite.csv,5.1
llama-pro:8b-instruct-q4_K_M,5.1GB,4K,Text,,,llama\llama-pro.csv,5.1
granite3-dense:8b-instruct-q4_1,5.1GB,4K,Text,fc251bdb41c5,1 year ago,ibm\granite3-dense.csv,5.1
llama2-uncensored:7b-chat-q5_1,5.1GB,2K,Text,4ba18e066719,2 years ago,llama\llama2-uncensored.csv,5.1
granite4.2:8b-q4_K_S,5.1GB,128K,Text,b6db325bf3af,1 week ago,granite\granite4.2.csv,5.1
yarn-mistral:7b-128k-q5_K_M,5.1GB,128K,Text,e73d718076ea,2 years ago,mistral\yarn-mistral.csv,5.1
mistral:7b-text-q5_K_M,5.1GB,32K,Text,71cd339e522c,2 years ago,mistral\mistral.csv,5.1
mistral:7b-text-v0.2-q5_K_M,5.1GB,16K,Text,d4e74c03817c,2 years ago,mistral\mistral.csv,5.1
yarn-mistral:7b-64k-q5_K_M,5.1GB,32K,Text,1ac045b0f86f,2 years ago,mistral\yarn-mistral.csv,5.1
dolphin-mistral:7b-v2.1-q5_K_M,5.1GB,32K,Text,1792bb2a4dad,2 years ago,mistral\dolphin-mistral.csv,5.1
granite3.1-dense:2b-instruct-f16,5.1GB,128K,Text,55ecd3f2da49,1 year ago,ibm\granite3.1-dense.csv,5.1
granite3.1-dense:8b-base-q4_1,5.1GB,128K,Text,5704663ff178,1 year ago,ibm\granite3.1-dense.csv,5.1
deepseek-coder:6.7b-base-q5_1,5.1GB,16K,Text,c5ee75dc71c8,2 years ago,deepseek\deepseek-coder.csv,5.1
mistral:7b-instruct-v0.2-q5_K_M,5.1GB,32K,Text,bec2cbe92b28,2 years ago,mistral\mistral.csv,5.1
granite3.1-dense:2b-instruct-fp16,5.1GB,128K,Text,1f64b4541957,1 year ago,granite\granite3.1-dense.csv,5.1
gemma2:9b-instruct-q3_K_L,5.1GB,8K,Text,d714823ae8ef,2 years ago,gemma\gemma2.csv,5.1
qwen3-vl:4b-instruct-q8_0,5.1GB,256K,"Text, Image",3c4e71051a81,10 months ago,qwen\qwen3-vl.csv,5.1
granite4.1:8b-q4_K_S,5.1GB,128K,Text,f7082ba9a6e7,4 months ago,granite\granite4.1.csv,5.1
granite3.2:2b-instruct-fp16,5.1GB,128K,Text,c86bd0b2f0bd,1 year ago,granite\granite3.2.csv,5.1
granite4.1:8b-q4_0,5.1GB,128K,Text,d1ca2294e93a,4 months ago,granite\granite4.1.csv,5.1
gemma2:9b-text-q3_K_L,5.1GB,8K,Text,5cb6a0b99634,2 years ago,gemma\gemma2.csv,5.1
llama-guard3:8b-q4_1,5.1GB,128K,Text,dbdbb468940f,1 year ago,llama\llama-guard3.csv,5.1
granite3.3:8b-instruct-q4_1,5.1GB,128K,Text,36c0886b6971,1 year ago,ibm\granite3.3.csv,5.1
mathstral:7b-v0.1-q5_K_M,5.1GB,32K,Text,562985e7a5a8,2 years ago,mistral\mathstral.csv,5.1
granite3.1-dense:8b-instruct-q4_1,5.2GB,128K,Text,a94882d992cf,1 year ago,granite\granite3.1-dense.csv,5.2
deepseek-r1:latest,5.2GB,128K,Text,6995872bfe4c,1 year ago,deepseek\deepseek-r1.csv,5.2
gemma2:2b-text-fp16,5.2GB,8K,Text,230266e59979,2 years ago,gemma\gemma2.csv,5.2
qwen3:latest,5.2GB,40K,Text,500a1f067a9f,1 year ago,qwen\qwen3.csv,5.2
gemma:7b-text-q4_K_S,5.2GB,8K,Text,51854f1241b3,2 years ago,gemma\gemma.csv,5.2
gemma:text,5.2GB,8K,Text,af57093b878e,2 years ago,gemma\gemma.csv,5.2
deepseek-r1:8b,5.2GB,128K,Text,6995872bfe4c,1 year ago,deepseek\deepseek-r1.csv,5.2
deepseek-r1:8b-0528-qwen3-q4_K_M,5.2GB,128K,Text,6995872bfe4c,1 year ago,deepseek\deepseek-r1.csv,5.2
qwen3:8b-q4_K_M,5.2GB,40K,Text,500a1f067a9f,1 year ago,qwen\qwen3.csv,5.2
gemma:7b-instruct-q4_0,5.2GB,8K,Text,430ed3535049,2 years ago,gemma\gemma.csv,5.2
gemma2:2b-instruct-fp16,5.2GB,8K,Text,ca5f76641a2a,2 years ago,gemma\gemma2.csv,5.2
granite4:tiny-h-base-q5_1,5.2GB,1M,Text,c8a2ae21fead,11 months ago,ibm\granite4.csv,5.2
granite4:tiny-h-q5_1,5.2GB,1M,Text,cb72bcbb3207,11 months ago,ibm\granite4.csv,5.2
qwen3:8b,5.2GB,40K,Text,500a1f067a9f,1 year ago,qwen\qwen3.csv,5.2
shieldgemma:2b-fp16,5.2GB,8K,Text,edaf3b7bd2ea,1 year ago,gemma\shieldgemma.csv,5.2
gemma:7b-text-q4_0,5.2GB,8K,Text,af57093b878e,2 years ago,gemma\gemma.csv,5.2
gemma:7b-instruct-q4_K_S,5.2GB,8K,Text,bb7b8325814d,2 years ago,gemma\gemma.csv,5.2
gemma:7b-text,5.2GB,8K,Text,af57093b878e,2 years ago,gemma\gemma.csv,5.2
qwen2.5-coder:7b-base-q5_0,5.3GB,32K,Text,149f852482c9,1 year ago,qwen\qwen2.5-coder.csv,5.3
llama-pro:8b-instruct-q4_1,5.3GB,4K,Text,,,llama\llama-pro.csv,5.3
granite4.2:8b-q4_K_M,5.3GB,128K,Text,f586c02fdecd,1 week ago,granite\granite4.2.csv,5.3
qwen2:7b-instruct-q5_K_S,5.3GB,32K,Text,6879a027e0ab,1 year ago,qwen\qwen2.csv,5.3
granite4.2:8b,5.3GB,128K,Text,f586c02fdecd,1 week ago,granite\granite4.2.csv,5.3
granite4.2:8b,5.3GB,128K,Text,efbf7a204b67,1 week ago,ibm\granite4.2.csv,5.3
granite3-dense:2b-instruct-f16,5.3GB,4K,Text,3ad0d337d938,1 year ago,ibm\granite3-dense.csv,5.3
llama-pro:8b-text-q4_1,5.3GB,4K,Text,,,llama\llama-pro.csv,5.3
granite4.2:latest,5.3GB,128K,Text,f586c02fdecd,1 week ago,granite\granite4.2.csv,5.3
qwen2:7b-instruct-q5_0,5.3GB,32K,Text,383487c3b3c4,1 year ago,qwen\qwen2.csv,5.3
codegemma:7b-instruct-v1.1-q4_K_M,5.3GB,8K,Text,,,gemma\codegemma.csv,5.3
codegemma:7b-instruct-q4_K_M,5.3GB,8K,Text,,,gemma\codegemma.csv,5.3
gemma:7b-instruct-v1.1-q4_K_M,5.3GB,8K,Text,81c8c66b7df1,2 years ago,gemma\gemma.csv,5.3
granite4.1-guardian:8b-q4_1,5.3GB,128K,Text,1be4061519d1,2 months ago,ibm\granite4.1-guardian.csv,5.3
granite4.1:8b-q4_K_M,5.3GB,128K,Text,444af1c4b2fe,4 months ago,ibm\granite4.1.csv,5.3
granite4.1:8b,5.3GB,128K,Text,444af1c4b2fe,4 months ago,ibm\granite4.1.csv,5.3
granite4.1:8b-q4_K_M,5.3GB,128K,Text,444af1c4b2fe,4 months ago,granite\granite4.1.csv,5.3
qwen2.5:7b-instruct-q5_0,5.3GB,32K,Text,16c4cf552635,1 year ago,qwen\qwen2.5.csv,5.3
granite4.1:8b,5.3GB,128K,Text,444af1c4b2fe,4 months ago,granite\granite4.1.csv,5.3
qwen2.5:7b-instruct-q5_K_S,5.3GB,32K,Text,1a3492b0a1dc,1 year ago,qwen\qwen2.5.csv,5.3
codegemma:7b-code-q4_K_M,5.3GB,8K,Text,,,gemma\codegemma.csv,5.3
qwen2.5-coder:7b-base-q5_K_S,5.3GB,32K,Text,4b75c6a0075d,1 year ago,qwen\qwen2.5-coder.csv,5.3
qwen2:7b-text-q5_0,5.3GB,128K,Text,b8336b2174d3,2 years ago,qwen\qwen2.csv,5.3
granite4.2:8b-q4_K_M,5.3GB,128K,Text,efbf7a204b67,1 week ago,ibm\granite4.2.csv,5.3
qwen3.5:4b-q8_0,5.3GB,256K,"Text, Image",8722f47c2791,6 months ago,qwen\qwen3.5.csv,5.3
granite3-dense:2b-instruct-fp16,5.3GB,4K,Text,24e5c0a35f78,1 year ago,granite\granite3-dense.csv,5.3
qwen2.5-coder:7b-instruct-q5_0,5.3GB,32K,Text,3d0c545719ac,1 year ago,qwen\qwen2.5-coder.csv,5.3
qwen2.5-coder:7b-instruct-q5_K_S,5.3GB,32K,Text,6a191775f37b,1 year ago,qwen\qwen2.5-coder.csv,5.3
gemma2:9b,5.4GB,8K,Text,ff02c3702f32,2 years ago,gemma\gemma2.csv,5.4
yarn-mistral:7b-128k-q5_1,5.4GB,128K,Text,27a21ac0ee02,2 years ago,mistral\yarn-mistral.csv,5.4
gemma2:latest,5.4GB,8K,Text,ff02c3702f32,2 years ago,gemma\gemma2.csv,5.4
mistrallite:7b-v0.1-q5_1,5.4GB,32K,Text,e09d24104dd5,2 years ago,mistral\mistrallite.csv,5.4
qwen:7b-chat-v1.5-q5_K_S,5.4GB,32K,Text,94f4b35970c7,2 years ago,qwen\qwen.csv,5.4
qwen:7b-text-v1.5-q5_K_S,5.4GB,32K,Text,6d3df3af15c9,2 years ago,qwen\qwen.csv,5.4
qwen:7b-text-v1.5-q5_0,5.4GB,32K,Text,2074857a59f8,2 years ago,qwen\qwen.csv,5.4
mistral-openorca:7b-q5_1,5.4GB,32K,Text,864f8be0fd03,2 years ago,mistral\mistral-openorca.csv,5.4
qwen:7b-chat-q5_K_S,5.4GB,32K,Text,82f7b355c834,2 years ago,qwen\qwen.csv,5.4
mistral:7b-instruct-q5_1,5.4GB,32K,Text,0aeff8418eda,2 years ago,mistral\mistral.csv,5.4
mistral:7b-instruct-v0.3-q5_1,5.4GB,32K,Text,8b786c3ade1f,1 year ago,mistral\mistral.csv,5.4
dolphin-mistral:7b-v2.8-q5_1,5.4GB,32K,Text,2d9d3f2fc319,2 years ago,mistral\dolphin-mistral.csv,5.4
qwen2.5-coder:7b-instruct-q5_K_M,5.4GB,32K,Text,771d6745a8b6,1 year ago,qwen\qwen2.5-coder.csv,5.4
dolphin-mistral:7b-v2.2.1-q5_1,5.4GB,32K,Text,62d4ace3645c,2 years ago,mistral\dolphin-mistral.csv,5.4
dolphin-mistral:7b-v2.6-dpo-laser-q5_1,5.4GB,32K,Text,a40a97e78596,2 years ago,mistral\dolphin-mistral.csv,5.4
dolphin-mistral:7b-v2.6-q5_1,5.4GB,32K,Text,b2f2f3609ccd,2 years ago,mistral\dolphin-mistral.csv,5.4
mathstral:7b-v0.1-q5_1,5.4GB,32K,Text,f0082439d2ba,2 years ago,mistral\mathstral.csv,5.4
mistral:7b-instruct-v0.2-q5_1,5.4GB,32K,Text,ff048d9b25be,2 years ago,mistral\mistral.csv,5.4
dolphin-mistral:7b-v2.2-q5_1,5.4GB,32K,Text,35a9966c852b,2 years ago,mistral\dolphin-mistral.csv,5.4
llama2:13b-text-q2_K,5.4GB,4K,Text,64ace2ba0375,2 years ago,llama\llama2.csv,5.4
qwen:7b-chat-q5_0,5.4GB,32K,Text,940f9af7bba7,2 years ago,qwen\qwen.csv,5.4
mistral:7b-text-v0.2-q5_1,5.4GB,16K,Text,719e139683a3,2 years ago,mistral\mistral.csv,5.4
qwen:7b-chat-v1.5-q5_0,5.4GB,32K,Text,76b41a9e206c,2 years ago,qwen\qwen.csv,5.4
shieldgemma:9b-q4_0,5.4GB,8K,Text,672a383489f4,1 year ago,gemma\shieldgemma.csv,5.4
mistral:7b-text-q5_1,5.4GB,32K,Text,05b86a2ea9de,2 years ago,mistral\mistral.csv,5.4
qwen2:7b-instruct-q5_K_M,5.4GB,32K,Text,11803450872c,1 year ago,qwen\qwen2.csv,5.4
yarn-mistral:7b-64k-q5_1,5.4GB,32K,Text,5efec29a0821,2 years ago,mistral\yarn-mistral.csv,5.4
dolphin-mistral:7b-v2.1-q5_1,5.4GB,32K,Text,d2d013e73bbb,2 years ago,mistral\dolphin-mistral.csv,5.4
qwen2.5-coder:7b-base-q5_K_M,5.4GB,32K,Text,0785cbeb9bcb,1 year ago,qwen\qwen2.5-coder.csv,5.4
qwen2.5:7b-instruct-q5_K_M,5.4GB,32K,Text,a1040ddd2b49,1 year ago,qwen\qwen2.5.csv,5.4
dolphin-mistral:7b-v2-q5_1,5.4GB,32K,Text,caa3000a6607,2 years ago,mistral\dolphin-mistral.csv,5.4
qwen:7b-q5_0,5.4GB,32K,Text,82a77b5d2839,2 years ago,qwen\qwen.csv,5.4
qwen:7b-q5_K_S,5.4GB,32K,Text,48ac7dcf12ec,2 years ago,qwen\qwen.csv,5.4
llama2:13b-chat-q2_K,5.4GB,4K,Text,14d3396d4e1b,2 years ago,llama\llama2.csv,5.4
gemma2:9b-text-q4_0,5.4GB,8K,Text,dedd536d2868,2 years ago,gemma\gemma2.csv,5.4
gemma2:9b-instruct-q4_0,5.4GB,8K,Text,ff02c3702f32,2 years ago,gemma\gemma2.csv,5.4
codegemma:7b-instruct-q4_1,5.5GB,8K,Text,,,gemma\codegemma.csv,5.5
gemma:7b-text-q4_K_M,5.5GB,8K,Text,5ec372e05241,2 years ago,gemma\gemma.csv,5.5
llama2:7b-chat-q6_K,5.5GB,4K,Text,7eabddae7b75,2 years ago,llama\llama2.csv,5.5
llama2:7b-text-q6_K,5.5GB,4K,Text,7e54061a4751,2 years ago,llama\llama2.csv,5.5
shieldgemma:9b-q4_K_S,5.5GB,8K,Text,c4b9ac85349c,1 year ago,gemma\shieldgemma.csv,5.5
granite4.0-preview:tiny-instruct-q6_K,5.5GB,1M,Text,8af3d4ecc85c,11 months ago,ibm\granite4.0-preview.csv,5.5
deepseek-coder:6.7b-instruct-q6_K,5.5GB,16K,Text,5b1241961817,2 years ago,deepseek\deepseek-coder.csv,5.5
mistral-nemo:12b-instruct-2407-q3_K_S,5.5GB,1000K,Text,5bba7a13afef,1 year ago,mistral\mistral-nemo.csv,5.5
qwen:7b-chat-v1.5-q5_K_M,5.5GB,32K,Text,44ca6b3fda9d,2 years ago,qwen\qwen.csv,5.5
gemma:7b-instruct-v1.1-q4_1,5.5GB,8K,Text,a65ceace358f,2 years ago,gemma\gemma.csv,5.5
codegemma:7b-instruct-v1.1-q4_1,5.5GB,8K,Text,,,gemma\codegemma.csv,5.5
gemma:7b-instruct-q4_K_M,5.5GB,8K,Text,d9c26a968eb4,2 years ago,gemma\gemma.csv,5.5
llama2-uncensored:7b-chat-q6_K,5.5GB,2K,Text,f3040de79519,2 years ago,llama\llama2-uncensored.csv,5.5
qwen:7b-text-v1.5-q5_K_M,5.5GB,32K,Text,4bf2de545437,2 years ago,qwen\qwen.csv,5.5
gemma2:9b-text-q4_K_S,5.5GB,8K,Text,89a237d62c43,2 years ago,gemma\gemma2.csv,5.5
gemma2:9b-instruct-q4_K_S,5.5GB,8K,Text,3d812e007d80,2 years ago,gemma\gemma2.csv,5.5
codegemma:7b-code-q4_1,5.5GB,8K,Text,,,gemma\codegemma.csv,5.5
granite4.0-preview:tiny-base-q6_K,5.5GB,1M,Text,d1f954008218,11 months ago,ibm\granite4.0-preview.csv,5.5
deepseek-coder:6.7b-base-q6_K,5.5GB,16K,Text,b91bf20f5a3c,2 years ago,deepseek\deepseek-coder.csv,5.5
granite3.3:8b-instruct-q5_0,5.6GB,128K,Text,8164fbcc33c1,1 year ago,ibm\granite3.3.csv,5.6
granite3.3:8b-instruct-q5_K_S,5.6GB,128K,Text,e0be1baa8524,1 year ago,ibm\granite3.3.csv,5.6
gemma3n:e2b-it-q4_K_M,5.6GB,32K,Text,719372f8c7de,1 year ago,gemma\gemma3n.csv,5.6
phi:2.7b-chat-v2-fp16,5.6GB,2K,Text,,,phi\phi.csv,5.6
llama-guard3:8b-q5_K_S,5.6GB,128K,Text,adfedf090c4a,1 year ago,llama\llama-guard3.csv,5.6
granite4.1:8b-q4_1,5.6GB,128K,Text,d2eb1c61fdae,4 months ago,granite\granite4.1.csv,5.6
granite4.2:8b-q4_1,5.6GB,128K,Text,187fee927aa0,1 week ago,granite\granite4.2.csv,5.6
llama-guard3:8b-q5_0,5.6GB,128K,Text,d3622397e2ce,1 year ago,llama\llama-guard3.csv,5.6
granite3.1-dense:8b-base-q5_K_S,5.6GB,128K,Text,899e469578cb,1 year ago,ibm\granite3.1-dense.csv,5.6
granite3-dense:8b-instruct-q5_0,5.6GB,4K,Text,83e524d9e91c,1 year ago,ibm\granite3-dense.csv,5.6
granite3-dense:8b-instruct-q5_K_S,5.6GB,4K,Text,5b0ed5a79f50,1 year ago,ibm\granite3-dense.csv,5.6
granite3.1-dense:8b-base-q5_0,5.6GB,128K,Text,a2a5b68bfc6f,1 year ago,ibm\granite3.1-dense.csv,5.6
llama3.1:8b-instruct-q5_K_S,5.6GB,128K,Text,2d79e69bc236,1 year ago,llama\llama3.1.csv,5.6
granite4.2:8b-q4_1,5.6GB,128K,Text,c7aa2029ef6d,1 week ago,ibm\granite4.2.csv,5.6
llama3-groq-tool-use:8b-q5_0,5.6GB,8K,Text,0482e45a0517,2 years ago,llama\llama3-groq-tool-use.csv,5.6
granite3.3:8b-base-q5_K_S,5.6GB,128K,Text,b872842e153d,1 year ago,ibm\granite3.3.csv,5.6
qwen3.5:4b-mxfp8,MLX 5.6GB,256K,"Text, Image",77653d4d1b88,2 days ago,qwen\qwen3.5.csv,5.6
llama3-gradient:8b-instruct-1048k-q5_K_S,5.6GB,1M,Text,a2a68d63519c,2 years ago,llama\llama3-gradient.csv,5.6
llama3-groq-tool-use:8b-q5_K_S,5.6GB,8K,Text,6a1775abde02,2 years ago,llama\llama3-groq-tool-use.csv,5.6
llama3-chatqa:8b-v1.5-q5_K_S,5.6GB,8K,Text,3eab2a2fa684,2 years ago,llama\llama3-chatqa.csv,5.6
llama3-chatqa:8b-v1.5-q5_0,5.6GB,8K,Text,7775bf791816,2 years ago,llama\llama3-chatqa.csv,5.6
llama3:8b-instruct-q5_0,5.6GB,8K,Text,a13deb0590c7,2 years ago,llama\llama3.csv,5.6
granite3.2:8b-instruct-q5_0,5.6GB,128K,Text,73382b9cd639,1 year ago,ibm\granite3.2.csv,5.6
granite3.2:8b-instruct-q5_K_S,5.6GB,128K,Text,703a8ca59f3c,1 year ago,ibm\granite3.2.csv,5.6
granite3-dense:8b-instruct-q5_0,5.6GB,4K,Text,449cddb1864d,1 year ago,granite\granite3-dense.csv,5.6
granite3.1-dense:8b-instruct-q5_K_S,5.6GB,128K,Text,4d2a19260feb,1 year ago,ibm\granite3.1-dense.csv,5.6
granite3-dense:8b-instruct-q5_K_S,5.6GB,4K,Text,49055e666925,1 year ago,granite\granite3-dense.csv,5.6
granite3.1-dense:8b-instruct-q5_0,5.6GB,128K,Text,1a274dd6e5c8,1 year ago,ibm\granite3.1-dense.csv,5.6
llama3:8b-text-q5_0,5.6GB,8K,Text,fcf1eef68171,2 years ago,llama\llama3.csv,5.6
granite3-guardian:8b-q5_K_S,5.6GB,8K,Text,edeec72aa741,1 year ago,granite\granite3-guardian.csv,5.6
llama3:8b-text-q5_K_S,5.6GB,8K,Text,248acc1da82b,2 years ago,llama\llama3.csv,5.6
llama3:8b-instruct-q5_K_S,5.6GB,8K,Text,7eae3176f5b5,2 years ago,llama\llama3.csv,5.6
llama3.1:8b-text-q5_K_S,5.6GB,128K,Text,a7562b693302,2 years ago,llama\llama3.1.csv,5.6
granite4.1:8b-q4_1,5.6GB,128K,Text,d2eb1c61fdae,4 months ago,ibm\granite4.1.csv,5.6
granite3.3:8b-base-q5_0,5.6GB,128K,Text,5bf89764965e,1 year ago,ibm\granite3.3.csv,5.6
llama3.1:8b-instruct-q5_0,5.6GB,128K,Text,26bc223a1709,1 year ago,llama\llama3.1.csv,5.6
gemma3n:e2b,5.6GB,32K,Text,719372f8c7de,1 year ago,gemma\gemma3n.csv,5.6
llama3-gradient:8b-instruct-1048k-q5_0,5.6GB,1M,Text,fcab91d085ad,2 years ago,llama\llama3-gradient.csv,5.6
llama3.1:8b-text-q5_0,5.6GB,128K,Text,ee0f9a2ffa00,2 years ago,llama\llama3.1.csv,5.6
llama3-gradient:8b-instruct-1048k-q5_K_M,5.7GB,1M,Text,279429844582,2 years ago,llama\llama3-gradient.csv,5.7
llama3:8b-text-q5_K_M,5.7GB,8K,Text,f8dbc557876f,2 years ago,llama\llama3.csv,5.7
llama3:8b-instruct-q5_K_M,5.7GB,8K,Text,af3083b17cd4,2 years ago,llama\llama3.csv,5.7
gemma:7b-text-q4_1,5.7GB,8K,Text,a7adb7322d8b,2 years ago,gemma\gemma.csv,5.7
llama3-chatqa:8b-v1.5-q5_K_M,5.7GB,8K,Text,d0e9675cf775,2 years ago,llama\llama3-chatqa.csv,5.7
llama-guard3:8b-q5_K_M,5.7GB,128K,Text,38e0f1d13795,1 year ago,llama\llama-guard3.csv,5.7
granite4:tiny-h-q6_K,5.7GB,1M,Text,709a03f6c6e6,11 months ago,ibm\granite4.csv,5.7
granite3.1-dense:8b-instruct-q5_K_S,5.7GB,128K,Text,8c98cd3dd70e,1 year ago,granite\granite3.1-dense.csv,5.7
gemma:7b-instruct-q4_1,5.7GB,8K,Text,e1e4a2e0c8ee,2 years ago,gemma\gemma.csv,5.7
llama2:13b-text-q3_K_S,5.7GB,4K,Text,959925e1415d,2 years ago,llama\llama2.csv,5.7
qwen:7b-q5_K_M,5.7GB,32K,Text,ee14f131c864,2 years ago,qwen\qwen.csv,5.7
granite3.1-dense:8b-instruct-q5_0,5.7GB,128K,Text,3ec7544ebcb8,1 year ago,granite\granite3.1-dense.csv,5.7
llama2:13b-chat-q3_K_S,5.7GB,4K,Text,224005fe00d3,2 years ago,llama\llama2.csv,5.7
llama3-groq-tool-use:8b-q5_K_M,5.7GB,8K,Text,50c9c554ddd4,2 years ago,llama\llama3-groq-tool-use.csv,5.7
llama3.1:8b-text-q5_K_M,5.7GB,128K,Text,e0b14a625560,2 years ago,llama\llama3.1.csv,5.7
llama3.1:8b-instruct-q5_K_M,5.7GB,128K,Text,27fe1b0ab52c,1 year ago,llama\llama3.1.csv,5.7
granite4:tiny-h-base-q6_K,5.7GB,1M,Text,d1c67590e90b,11 months ago,ibm\granite4.csv,5.7
qwen:7b-chat-q5_K_M,5.7GB,32K,Text,eb70368f4555,2 years ago,qwen\qwen.csv,5.7
qwen:7b-chat-v1.5-q5_1,5.8GB,32K,Text,80b5a8dd99a2,2 years ago,qwen\qwen.csv,5.8
granite3.1-dense:8b-instruct-q5_K_M,5.8GB,128K,Text,4ae40e965ca7,1 year ago,granite\granite3.1-dense.csv,5.8
qwen:7b-chat-q5_1,5.8GB,32K,Text,71556ed81da3,2 years ago,qwen\qwen.csv,5.8
shieldgemma:latest,5.8GB,8K,Text,c82cacd5af5e,1 year ago,gemma\shieldgemma.csv,5.8
qwen2.5-coder:14b-instruct-q2_K,5.8GB,32K,Text,dfeff73b234d,1 year ago,qwen\qwen2.5-coder.csv,5.8
qwen2.5-coder:14b-base-q2_K,5.8GB,32K,Text,336a7203708b,1 year ago,qwen\qwen2.5-coder.csv,5.8
qwen2.5:7b-instruct-q5_1,5.8GB,32K,Text,0f1627cf5764,1 year ago,qwen\qwen2.5.csv,5.8
granite3.3:8b-instruct-q5_K_M,5.8GB,128K,Text,fb44f6015dcb,1 year ago,ibm\granite3.3.csv,5.8
granite4.1-guardian:8b-q5_K_S,5.8GB,128K,Text,eabbd076be52,2 months ago,ibm\granite4.1-guardian.csv,5.8
qwen2.5-coder:7b-instruct-q5_1,5.8GB,32K,Text,3ea28eb602de,1 year ago,qwen\qwen2.5-coder.csv,5.8
shieldgemma:9b-q4_K_M,5.8GB,8K,Text,c82cacd5af5e,1 year ago,gemma\shieldgemma.csv,5.8
qwen2.5-coder:7b-base-q5_1,5.8GB,32K,Text,91c4eefa305c,1 year ago,qwen\qwen2.5-coder.csv,5.8
qwen2:7b-text-q5_1,5.8GB,128K,Text,0899d84212a8,2 years ago,qwen\qwen2.csv,5.8
granite3.2:8b-instruct-q5_K_M,5.8GB,128K,Text,a588d4dc8620,1 year ago,ibm\granite3.2.csv,5.8
granite4.1-guardian:8b-q5_0,5.8GB,128K,Text,0c7c74ffa2b8,2 months ago,ibm\granite4.1-guardian.csv,5.8
granite3-dense:8b-instruct-q5_K_M,5.8GB,4K,Text,e85361d1973c,1 year ago,granite\granite3-dense.csv,5.8
granite3.3-guardian:8b-q5_K_M,5.8GB,128K,Text,e2d225c80112,1 year ago,ibm\granite3.3-guardian.csv,5.8
granite3-guardian:8b,5.8GB,8K,Text,c8d7d5c76685,1 year ago,granite\granite3-guardian.csv,5.8
granite3.1-dense:8b-instruct-q5_K_M,5.8GB,128K,Text,7ae30acfb98d,1 year ago,ibm\granite3.1-dense.csv,5.8
granite3.1-guardian:8b-q5_K_M,5.8GB,128K,Text,5fa4ebe9d684,1 year ago,ibm\granite3.1-guardian.csv,5.8
qwen:7b-q5_1,5.8GB,32K,Text,3a554a4eca23,2 years ago,qwen\qwen.csv,5.8
granite3-guardian:8b-q5_K_M,5.8GB,8K,Text,c8d7d5c76685,1 year ago,granite\granite3-guardian.csv,5.8
granite3-dense:8b-instruct-q5_K_M,5.8GB,4K,Text,5ba51cd3fb50,1 year ago,ibm\granite3-dense.csv,5.8
llama-pro:8b-instruct-q5_K_S,5.8GB,4K,Text,,,llama\llama-pro.csv,5.8
llama-pro:8b-text-q5_K_S,5.8GB,4K,Text,,,llama\llama-pro.csv,5.8
qwen2:7b-instruct-q5_1,5.8GB,32K,Text,1dbbe91baa3c,1 year ago,qwen\qwen2.csv,5.8
granite3.1-dense:8b-base-q5_K_M,5.8GB,128K,Text,bed365284cb2,1 year ago,ibm\granite3.1-dense.csv,5.8
granite3-guardian:8b-q5_K_M,5.8GB,8K,Text,b01caf41f702,1 year ago,ibm\granite3-guardian.csv,5.8
gemma2:9b-text-q4_K_M,5.8GB,8K,Text,f4da9dd04c19,2 years ago,gemma\gemma2.csv,5.8
qwen2.5:14b-instruct-q2_K,5.8GB,32K,Text,9caf6424b5f9,1 year ago,qwen\qwen2.5.csv,5.8
llama-pro:8b-instruct-q5_0,5.8GB,4K,Text,,,llama\llama-pro.csv,5.8
qwen:7b-text-v1.5-q5_1,5.8GB,32K,Text,0945490c2698,2 years ago,qwen\qwen.csv,5.8
shieldgemma:9b,5.8GB,8K,Text,c82cacd5af5e,1 year ago,gemma\shieldgemma.csv,5.8
llama-pro:8b-text-q5_0,5.8GB,4K,Text,,,llama\llama-pro.csv,5.8
granite3.3:8b-base-q5_K_M,5.8GB,128K,Text,7f52cb9e34c1,1 year ago,ibm\granite3.3.csv,5.8
gemma2:9b-instruct-q4_K_M,5.8GB,8K,Text,c20bec88025f,2 years ago,gemma\gemma2.csv,5.8
llama-pro:8b-instruct-q5_K_M,5.9GB,4K,Text,,,llama\llama-pro.csv,5.9
llama-pro:8b-text-q5_K_M,5.9GB,4K,Text,,,llama\llama-pro.csv,5.9
yarn-mistral:7b-128k-q6_K,5.9GB,128K,Text,d2efb1f4a053,2 years ago,mistral\yarn-mistral.csv,5.9
dolphin-mistral:7b-v2.8-q6_K,5.9GB,32K,Text,abbbabedf4f5,2 years ago,mistral\dolphin-mistral.csv,5.9
mistral-openorca:7b-q6_K,5.9GB,32K,Text,74e3eb59f041,2 years ago,mistral\mistral-openorca.csv,5.9
dolphin-mistral:7b-v2.6-dpo-laser-q6_K,5.9GB,32K,Text,3383c1e1a3a3,2 years ago,mistral\dolphin-mistral.csv,5.9
dolphin-mistral:7b-v2.6-q6_K,5.9GB,32K,Text,d1c90221f843,2 years ago,mistral\dolphin-mistral.csv,5.9
mistral:7b-instruct-v0.2-q6_K,5.9GB,32K,Text,1019a5160773,2 years ago,mistral\mistral.csv,5.9
mistral:7b-instruct-v0.3-q6_K,5.9GB,32K,Text,80cca373bdb2,1 year ago,mistral\mistral.csv,5.9
mistral:7b-instruct-q6_K,5.9GB,32K,Text,bb307cbab5aa,2 years ago,mistral\mistral.csv,5.9
yarn-mistral:7b-64k-q6_K,5.9GB,32K,Text,c3108d901ef7,2 years ago,mistral\yarn-mistral.csv,5.9
dolphin-mistral:7b-v2-q6_K,5.9GB,32K,Text,0abc7e93ace9,2 years ago,mistral\dolphin-mistral.csv,5.9
dolphin-mistral:7b-v2.2.1-q6_K,5.9GB,32K,Text,b5df8e083d3d,2 years ago,mistral\dolphin-mistral.csv,5.9
dolphin-mistral:7b-v2.2-q6_K,5.9GB,32K,Text,fbd48b25b103,2 years ago,mistral\dolphin-mistral.csv,5.9
mistral:7b-text-v0.2-q6_K,5.9GB,16K,Text,017da36fcc18,2 years ago,mistral\mistral.csv,5.9
mathstral:7b-v0.1-q6_K,5.9GB,32K,Text,696c00e5bba0,2 years ago,mistral\mathstral.csv,5.9
mistrallite:7b-v0.1-q6_K,5.9GB,32K,Text,c63d67539934,2 years ago,mistral\mistrallite.csv,5.9
dolphin-mistral:7b-v2.1-q6_K,5.9GB,32K,Text,d7fc42d0c941,2 years ago,mistral\dolphin-mistral.csv,5.9
mistral:7b-text-q6_K,5.9GB,32K,Text,08f5c2f86290,2 years ago,mistral\mistral.csv,5.9
qwen:14b-text-q2_K,6.0GB,8K,Text,490383e818bc,2 years ago,qwen\qwen.csv,6.0
qwen:14b-chat-q2_K,6.0GB,8K,Text,fd1a3ccd26ec,2 years ago,qwen\qwen.csv,6.0
gemma2:9b-text-q4_1,6.0GB,8K,Text,39d615163f3c,2 years ago,gemma\gemma2.csv,6.0
codegemma:7b-code-q5_K_S,6.0GB,8K,Text,,,gemma\codegemma.csv,6.0
ministral-3:latest,6.0GB,256K,"Text, Image",1922accd5827,8 months ago,mistral\ministral-3.csv,6.0
ministral-3:8b,6.0GB,256K,"Text, Image",1922accd5827,8 months ago,mistral\ministral-3.csv,6.0
gemma2:9b-instruct-q4_1,6.0GB,8K,Text,5bfc4cf059e2,2 years ago,gemma\gemma2.csv,6.0
qwen2.5vl:latest,6.0GB,125K,"Text, Image",5ced39dfa4ba,1 year ago,qwen\qwen2.5vl.csv,6.0
granite3.2-vision:2b-f16,6.0GB,128K,"Text, Image",b7e42bf74cdf,1 year ago,ibm\granite3.2-vision.csv,6.0
qwen2.5vl:7b-q4_K_M,6.0GB,125K,"Text, Image",5ced39dfa4ba,1 year ago,qwen\qwen2.5vl.csv,6.0
qwen2.5vl:7b,6.0GB,125K,"Text, Image",5ced39dfa4ba,1 year ago,qwen\qwen2.5vl.csv,6.0
codegemma:7b-instruct-v1.1-q5_0,6.0GB,8K,Text,,,gemma\codegemma.csv,6.0
codegemma:7b-instruct-q5_K_S,6.0GB,8K,Text,,,gemma\codegemma.csv,6.0
codegemma:7b-instruct-v1.1-q5_K_S,6.0GB,8K,Text,,,gemma\codegemma.csv,6.0
codegemma:7b-code-q5_0,6.0GB,8K,Text,,,gemma\codegemma.csv,6.0
granite4.1-guardian:8b-q5_K_M,6.0GB,128K,Text,b06b03b262f4,2 months ago,ibm\granite4.1-guardian.csv,6.0
shieldgemma:9b-q4_1,6.0GB,8K,Text,423d2aeca52c,1 year ago,gemma\shieldgemma.csv,6.0
ministral-3:8b-instruct-2512-q4_K_M,6.0GB,256K,"Text, Image",1922accd5827,8 months ago,mistral\ministral-3.csv,6.0
gemma:7b-instruct-v1.1-q5_K_S,6.0GB,8K,Text,31eb523ac3df,2 years ago,gemma\gemma.csv,6.0
gemma:7b-instruct-v1.1-q5_0,6.0GB,8K,Text,800d99beee5d,2 years ago,gemma\gemma.csv,6.0
granite3.3-vision:2b-f16,6.0GB,128K,"Text, Image",d2cf46ed1560,1 year ago,ibm\granite3.3-vision.csv,6.0
codegemma:7b-instruct-q5_0,6.0GB,8K,Text,,,gemma\codegemma.csv,6.0
phi3:14b-medium-4k-instruct-q3_K_S,6.1GB,4K,Text,1d8e8b16704d,2 years ago,phi\phi3.csv,6.1
granite4.2:8b-q5_0,6.1GB,128K,Text,086b9907dbf7,1 week ago,ibm\granite4.2.csv,6.1
granite4.2:8b-q5_K_S,6.1GB,128K,Text,9e39fbfdf923,1 week ago,ibm\granite4.2.csv,6.1
llama3:8b-instruct-q5_1,6.1GB,8K,Text,662158bc9277,2 years ago,llama\llama3.csv,6.1
granite3.2:8b-instruct-q5_1,6.1GB,128K,Text,09288a9125c5,1 year ago,ibm\granite3.2.csv,6.1
granite3.2-guardian:5b-q8_0,6.1GB,128K,Text,82695e42222c,1 year ago,ibm\granite3.2-guardian.csv,6.1
llama3:8b-text-q5_1,6.1GB,8K,Text,3c3ab90050f5,2 years ago,llama\llama3.csv,6.1
granite3.1-dense:8b-instruct-q5_1,6.1GB,128K,Text,12d8f499f602,1 year ago,ibm\granite3.1-dense.csv,6.1
granite3.1-dense:8b-base-q5_1,6.1GB,128K,Text,ecdf5d381340,1 year ago,ibm\granite3.1-dense.csv,6.1
granite4.2:8b-q5_K_S,6.1GB,128K,Text,5556fb04e233,1 week ago,granite\granite4.2.csv,6.1
granite4.2:8b-q5_0,6.1GB,128K,Text,df9cf32e33b0,1 week ago,granite\granite4.2.csv,6.1
mistral-nemo:12b-instruct-2407-q3_K_M,6.1GB,1000K,Text,0549a17f596f,1 year ago,mistral\mistral-nemo.csv,6.1
phi3:14b-medium-128k-instruct-q3_K_S,6.1GB,4K,Text,2538a4dd560c,2 years ago,phi\phi3.csv,6.1
granite4.1:8b-q5_0,6.1GB,128K,Text,4ac8c864384e,4 months ago,granite\granite4.1.csv,6.1
llama3-groq-tool-use:8b-q5_1,6.1GB,8K,Text,45984ff6d001,2 years ago,llama\llama3-groq-tool-use.csv,6.1
llama3-chatqa:8b-v1.5-q5_1,6.1GB,8K,Text,233019c7a259,2 years ago,llama\llama3-chatqa.csv,6.1
qwen3-vl:latest,6.1GB,256K,"Text, Image",901cae732162,10 months ago,qwen\qwen3-vl.csv,6.1
codegemma:7b-instruct-q5_K_M,6.1GB,8K,Text,,,gemma\codegemma.csv,6.1
codegemma:7b-instruct-v1.1-q5_K_M,6.1GB,8K,Text,,,gemma\codegemma.csv,6.1
granite3-dense:8b-instruct-q5_1,6.1GB,4K,Text,ae4ab94be005,1 year ago,granite\granite3-dense.csv,6.1
qwen3-vl:8b-thinking,6.1GB,256K,"Text, Image",901cae732162,10 months ago,qwen\qwen3-vl.csv,6.1
qwen3-vl:8b-thinking-q4_K_M,6.1GB,256K,"Text, Image",901cae732162,10 months ago,qwen\qwen3-vl.csv,6.1
qwen3-vl:8b,6.1GB,256K,"Text, Image",901cae732162,10 months ago,qwen\qwen3-vl.csv,6.1
qwen:14b-text-v1.5-q2_K,6.1GB,32K,Text,b29e82a9291d,2 years ago,qwen\qwen.csv,6.1
llama3-gradient:8b-instruct-1048k-q5_1,6.1GB,1M,Text,778b4e9deda3,2 years ago,llama\llama3-gradient.csv,6.1
granite4.1:8b-q5_K_S,6.1GB,128K,Text,3f290aa8867b,4 months ago,granite\granite4.1.csv,6.1
llama-guard3:8b-q5_1,6.1GB,128K,Text,f32c583fc2dd,1 year ago,llama\llama-guard3.csv,6.1
gemma4:e4b-it-qat,6.1GB,128K,"Text, Image",ee6656371218,3 months ago,gemma\gemma4.csv,6.1
codegemma:7b-code-q5_K_M,6.1GB,8K,Text,,,gemma\codegemma.csv,6.1
qwen:14b-chat-v1.5-q2_K,6.1GB,32K,Text,42f07244d30a,2 years ago,qwen\qwen.csv,6.1
granite3-dense:8b-instruct-q5_1,6.1GB,4K,Text,7aabcf5e7ea2,1 year ago,ibm\granite3-dense.csv,6.1
qwen3-vl:8b-instruct,6.1GB,256K,"Text, Image",0533d74300e4,10 months ago,qwen\qwen3-vl.csv,6.1
gemma:7b-instruct-v1.1-q5_K_M,6.1GB,8K,Text,adf00ced5519,2 years ago,gemma\gemma.csv,6.1
granite4.1:8b-q5_0,6.1GB,128K,Text,4ac8c864384e,4 months ago,ibm\granite4.1.csv,6.1
granite3.3:8b-base-q5_1,6.1GB,128K,Text,41cd3f25462d,1 year ago,ibm\granite3.3.csv,6.1
granite4.1:8b-q5_K_S,6.1GB,128K,Text,3f290aa8867b,4 months ago,ibm\granite4.1.csv,6.1
llama3.1:8b-text-q5_1,6.1GB,128K,Text,ad68371dbd08,2 years ago,llama\llama3.1.csv,6.1
llama3.1:8b-instruct-q5_1,6.1GB,128K,Text,8faaa53f9cda,1 year ago,llama\llama3.1.csv,6.1
qwen3-vl:8b-instruct-q4_K_M,6.1GB,256K,"Text, Image",0533d74300e4,10 months ago,qwen\qwen3-vl.csv,6.1
granite3.3:8b-instruct-q5_1,6.1GB,128K,Text,b37daddecf33,1 year ago,ibm\granite3.3.csv,6.1
gemma:7b-text-q5_0,6.2GB,8K,Text,fd6dc849a9f8,2 years ago,gemma\gemma.csv,6.2
qwen2.5:3b-instruct-fp16,6.2GB,32K,Text,de47f806df14,1 year ago,qwen\qwen2.5.csv,6.2
gemma:7b-instruct-q5_K_S,6.2GB,8K,Text,42630cbe71a2,2 years ago,gemma\gemma.csv,6.2
qwen2.5-coder:3b-instruct-fp16,6.2GB,32K,Text,6691c4d4410e,1 year ago,qwen\qwen2.5-coder.csv,6.2
qwen2.5-coder:3b-base-fp16,6.2GB,32K,Text,47f26db97419,1 year ago,qwen\qwen2.5-coder.csv,6.2
granite3.1-dense:8b-instruct-q5_1,6.2GB,128K,Text,5f3faea362a7,1 year ago,granite\granite3.1-dense.csv,6.2
gemma:7b-instruct-q5_0,6.2GB,8K,Text,de923fde2f26,2 years ago,gemma\gemma.csv,6.2
gemma:7b-text-q5_K_S,6.2GB,8K,Text,df449b30e2e1,2 years ago,gemma\gemma.csv,6.2
qwen:7b-chat-q6_K,6.3GB,32K,Text,be7c8c5aee85,2 years ago,qwen\qwen.csv,6.3
granite4.2:8b-q5_K_M,6.3GB,128K,Text,95568d24ff0d,1 week ago,granite\granite4.2.csv,6.3
gemma:7b-instruct-q5_K_M,6.3GB,8K,Text,556abeb39bfd,2 years ago,gemma\gemma.csv,6.3
granite4.2:8b-q5_K_M,6.3GB,128K,Text,8f7e0014f25a,1 week ago,ibm\granite4.2.csv,6.3
qwen:7b-chat-v1.5-q6_K,6.3GB,32K,Text,6b5b161d1076,2 years ago,qwen\qwen.csv,6.3
qwen:7b-text-v1.5-q6_K,6.3GB,32K,Text,989f69b773a3,2 years ago,qwen\qwen.csv,6.3
gemma:7b-text-q5_K_M,6.3GB,8K,Text,dc8f812e49c7,2 years ago,gemma\gemma.csv,6.3
qwen2.5-coder:7b-base-q6_K,6.3GB,32K,Text,7a4f1acbac2d,1 year ago,qwen\qwen2.5-coder.csv,6.3
llama2:13b-text-q3_K_M,6.3GB,4K,Text,ff280395c1b4,2 years ago,llama\llama2.csv,6.3
llama2:13b-chat-q3_K_M,6.3GB,4K,Text,7a39765cf206,2 years ago,llama\llama2.csv,6.3
qwen2.5-coder:7b-instruct-q6_K,6.3GB,32K,Text,764353927508,1 year ago,qwen\qwen2.5-coder.csv,6.3
qwen:7b-q6_K,6.3GB,32K,Text,733a6dcda35a,2 years ago,qwen\qwen.csv,6.3
llama-pro:8b-text-q5_1,6.3GB,4K,Text,,,llama\llama-pro.csv,6.3
llama-pro:8b-instruct-q5_1,6.3GB,4K,Text,,,llama\llama-pro.csv,6.3
qwen2.5:7b-instruct-q6_K,6.3GB,32K,Text,a7e494737d58,1 year ago,qwen\qwen2.5.csv,6.3
granite4.1:8b-q5_K_M,6.3GB,128K,Text,a15a247eea85,4 months ago,granite\granite4.1.csv,6.3
granite4.1:8b-q5_K_M,6.3GB,128K,Text,a15a247eea85,4 months ago,ibm\granite4.1.csv,6.3
granite4.1-guardian:8b-q5_1,6.3GB,128K,Text,083543c1944b,2 months ago,ibm\granite4.1-guardian.csv,6.3
qwen2:7b-instruct-q6_K,6.3GB,32K,Text,43f1d6679e17,1 year ago,qwen\qwen2.csv,6.3
granite4:micro-h-base-f16,6.4GB,1M,Text,c7176571c526,11 months ago,ibm\granite4.csv,6.4
llama3.2:3b-instruct-fp16,6.4GB,128K,Text,195a8c01d91e,1 year ago,llama\llama3.2.csv,6.4
llama3.2:3b-text-fp16,6.4GB,128K,Text,,,llama\llama3.2.csv,6.4
granite4:micro-h-f16,6.4GB,1M,Text,97c4da93d2b3,11 months ago,ibm\granite4.csv,6.4
gemma2:9b-instruct-q5_0,6.5GB,8K,Text,ad7303695a24,2 years ago,gemma\gemma2.csv,6.5
codegemma:7b-instruct-q5_1,6.5GB,8K,Text,,,gemma\codegemma.csv,6.5
codegemma:7b-instruct-v1.1-q5_1,6.5GB,8K,Text,,,gemma\codegemma.csv,6.5
gemma2:9b-instruct-q5_K_S,6.5GB,8K,Text,6995ad07422a,2 years ago,gemma\gemma2.csv,6.5
shieldgemma:9b-q5_K_S,6.5GB,8K,Text,577538bd20f5,1 year ago,gemma\shieldgemma.csv,6.5
gemma2:9b-text-q5_0,6.5GB,8K,Text,3d1c595d93ad,2 years ago,gemma\gemma2.csv,6.5
gemma:7b-instruct-v1.1-q5_1,6.5GB,8K,Text,cdf1dca21036,2 years ago,gemma\gemma.csv,6.5
codegemma:7b-code-q5_1,6.5GB,8K,Text,,,gemma\codegemma.csv,6.5
gemma2:9b-text-q5_K_S,6.5GB,8K,Text,d569833b0000,2 years ago,gemma\gemma2.csv,6.5
shieldgemma:9b-q5_0,6.5GB,8K,Text,75f32f5d1b35,1 year ago,gemma\shieldgemma.csv,6.5
granite4.2:8b-q5_1,6.6GB,128K,Text,aee3affdbd31,1 week ago,granite\granite4.2.csv,6.6
llama3:8b-text-q6_K,6.6GB,8K,Text,e8210b245747,2 years ago,llama\llama3.csv,6.6
granite3.2-guardian:3b-f16,6.6GB,128K,Text,a0bec1a2ecf7,1 year ago,ibm\granite3.2-guardian.csv,6.6
qwen3.5:9b-q4_K_M,6.6GB,256K,"Text, Image",6488c96fa5fa,6 months ago,qwen\qwen3.5.csv,6.6
llama3-groq-tool-use:8b-q6_K,6.6GB,8K,Text,7ec6fd768fe0,2 years ago,llama\llama3-groq-tool-use.csv,6.6
llama3.1:8b-text-q6_K,6.6GB,128K,Text,40e61b3c96cc,2 years ago,llama\llama3.1.csv,6.6
llama3-chatqa:8b-v1.5-q6_K,6.6GB,8K,Text,576770c27967,2 years ago,llama\llama3-chatqa.csv,6.6
llama-guard3:8b-q6_K,6.6GB,128K,Text,ca512b2c0abf,1 year ago,llama\llama-guard3.csv,6.6
granite3.1-moe:3b-instruct-fp16,6.6GB,128K,Text,cdedb7e7b102,1 year ago,granite\granite3.1-moe.csv,6.6
granite4.1:8b-q5_1,6.6GB,128K,Text,88e9f3963ec8,4 months ago,granite\granite4.1.csv,6.6
gemma3n:e2b-it-q8_0,6.6GB,32K,Text,11d9a1ddb266,1 year ago,gemma\gemma3n.csv,6.6
gemma2:9b-text-q5_K_M,6.6GB,8K,Text,cb5cdf64cd6a,2 years ago,gemma\gemma2.csv,6.6
granite4.2:8b-q5_1,6.6GB,128K,Text,8df237f87bfa,1 week ago,ibm\granite4.2.csv,6.6
llama3:8b-instruct-q6_K,6.6GB,8K,Text,e4a3943fcd76,2 years ago,llama\llama3.csv,6.6
granite3.1-moe:3b-base-f16,6.6GB,128K,Text,164017e0246f,1 year ago,ibm\granite3.1-moe.csv,6.6
qwen3.5:9b,6.6GB,256K,"Text, Image",6488c96fa5fa,6 months ago,qwen\qwen3.5.csv,6.6
granite3.1-moe:3b-instruct-f16,6.6GB,128K,Text,940c9a86de8f,1 year ago,ibm\granite3.1-moe.csv,6.6
mistral-nemo:12b-instruct-2407-q3_K_L,6.6GB,1000K,Text,8dc575f2f1d9,1 year ago,mistral\mistral-nemo.csv,6.6
qwen3.5:latest,6.6GB,256K,"Text, Image",6488c96fa5fa,6 months ago,qwen\qwen3.5.csv,6.6
gemma2:9b-instruct-q5_K_M,6.6GB,8K,Text,272e1f3a41a6,2 years ago,gemma\gemma2.csv,6.6
shieldgemma:9b-q5_K_M,6.6GB,8K,Text,cbfb3b3b1cd1,1 year ago,gemma\shieldgemma.csv,6.6
llama3-gradient:8b-instruct-1048k-q6_K,6.6GB,1M,Text,9851a7dbda92,2 years ago,llama\llama3-gradient.csv,6.6
llama3.1:8b-instruct-q6_K,6.6GB,128K,Text,81e7664fda9c,1 year ago,llama\llama3.1.csv,6.6
granite4.1:8b-q5_1,6.6GB,128K,Text,88e9f3963ec8,4 months ago,ibm\granite4.1.csv,6.6
granite3.3-guardian:8b,6.7GB,128K,Text,90a8aabc98eb,1 year ago,ibm\granite3.3-guardian.csv,6.7
gemma:7b-instruct-q5_1,6.7GB,8K,Text,2e51588baf45,2 years ago,gemma\gemma.csv,6.7
gemma:7b-text-q5_1,6.7GB,8K,Text,938308342124,2 years ago,gemma\gemma.csv,6.7
qwen2.5-coder:14b-instruct-q3_K_S,6.7GB,32K,Text,ff7e2b2086f7,1 year ago,qwen\qwen2.5-coder.csv,6.7
granite3-guardian:8b-q6_K,6.7GB,8K,Text,200f63c67d98,1 year ago,granite\granite3-guardian.csv,6.7
granite3-guardian:8b,6.7GB,8K,Text,5d726a9a29bc,1 year ago,ibm\granite3-guardian.csv,6.7
granite3.3-guardian:8b-q6_K,6.7GB,128K,Text,90a8aabc98eb,1 year ago,ibm\granite3.3-guardian.csv,6.7
qwen2.5:14b-instruct-q3_K_S,6.7GB,32K,Text,c8f457c1f8f5,1 year ago,qwen\qwen2.5.csv,6.7
qwen2.5-coder:14b-base-q3_K_S,6.7GB,32K,Text,1e806311530b,1 year ago,qwen\qwen2.5-coder.csv,6.7
granite3-dense:8b-instruct-q6_K,6.7GB,4K,Text,ec258d53940b,1 year ago,granite\granite3-dense.csv,6.7
granite3.1-dense:8b-instruct-q6_K,6.7GB,128K,Text,f52a120cf57f,1 year ago,ibm\granite3.1-dense.csv,6.7
granite3.2:8b-instruct-q6_K,6.7GB,128K,Text,2edfe8c60277,1 year ago,ibm\granite3.2.csv,6.7
granite3.1-dense:8b-base-q6_K,6.7GB,128K,Text,71d7d5aeb629,1 year ago,ibm\granite3.1-dense.csv,6.7
granite3-dense:8b-instruct-q6_K,6.7GB,4K,Text,f268ad324dc9,1 year ago,ibm\granite3-dense.csv,6.7
granite3.1-guardian:8b,6.7GB,128K,Text,6d1ec1a36326,1 year ago,ibm\granite3.1-guardian.csv,6.7
granite3-guardian:8b-q6_K,6.7GB,8K,Text,5d726a9a29bc,1 year ago,ibm\granite3-guardian.csv,6.7
granite3.1-guardian:8b-q6_K,6.7GB,128K,Text,6d1ec1a36326,1 year ago,ibm\granite3.1-guardian.csv,6.7
granite3.3:8b-base-q6_K,6.7GB,128K,Text,58aacfeb3db1,1 year ago,ibm\granite3.3.csv,6.7
granite3.3:8b-instruct-q6_K,6.7GB,128K,Text,e37176017e4f,1 year ago,ibm\granite3.3.csv,6.7
granite4.1:3b-bf16,6.8GB,128K,Text,517250fafa06,3 months ago,granite\granite4.1.csv,6.8
granite3-moe:3b-instruct-f16,6.8GB,4K,Text,e68da6a5fd09,1 year ago,ibm\granite3-moe.csv,6.8
granite3-moe:3b-instruct-fp16,6.8GB,4K,Text,9433d98bf426,1 year ago,granite\granite3-moe.csv,6.8
granite4:micro-f16,6.8GB,128K,Text,7e480cdc084b,11 months ago,ibm\granite4.csv,6.8
granite3.1-dense:8b-instruct-q6_K,6.8GB,128K,Text,8e5691d17175,1 year ago,granite\granite3.1-dense.csv,6.8
granite3-moe:3b-base-f16,6.8GB,4K,Text,16c5bf9838c4,1 year ago,ibm\granite3-moe.csv,6.8
granite4.1:3b-bf16,6.8GB,128K,Text,517250fafa06,3 months ago,ibm\granite4.1.csv,6.8
granite4:micro-base-f16,6.8GB,128K,Text,f579a1cd85db,11 months ago,ibm\granite4.csv,6.8
qwen:14b-chat-v1.5-q3_K_S,6.9GB,32K,Text,3ad40beca67d,2 years ago,qwen\qwen.csv,6.9
phi3:14b-medium-128k-instruct-q3_K_M,6.9GB,4K,Text,b0a6824d6ba9,2 years ago,phi\phi3.csv,6.9
phi3:14b-medium-4k-instruct-q3_K_M,6.9GB,4K,Text,b44869982901,2 years ago,phi\phi3.csv,6.9
granite4.1-guardian:8b-q6_K,6.9GB,128K,Text,f82c0882cec1,2 months ago,ibm\granite4.1-guardian.csv,6.9
granite4.1-guardian:8b,6.9GB,128K,Text,f82c0882cec1,2 months ago,ibm\granite4.1-guardian.csv,6.9
qwen:14b-chat-q3_K_S,6.9GB,8K,Text,79c06fc56da4,2 years ago,qwen\qwen.csv,6.9
llama-pro:8b-text-q6_K,6.9GB,4K,Text,,,llama\llama-pro.csv,6.9
qwen:14b-text-v1.5-q3_K_S,6.9GB,32K,Text,79262f8761eb,2 years ago,qwen\qwen.csv,6.9
llama2:13b-chat-q3_K_L,6.9GB,4K,Text,d0a4d669c0b5,2 years ago,llama\llama2.csv,6.9
llama2:13b-text-q3_K_L,6.9GB,4K,Text,cc161efc495b,2 years ago,llama\llama2.csv,6.9
llama-pro:8b-instruct-q6_K,6.9GB,4K,Text,,,llama\llama-pro.csv,6.9
qwen:14b-text-q3_K_S,6.9GB,8K,Text,7b6da3dbc02c,2 years ago,qwen\qwen.csv,6.9
gemma:7b-instruct-v1.1-q6_K,7.0GB,8K,Text,ad2f1a0dacb5,2 years ago,gemma\gemma.csv,7.0
shieldgemma:9b-q5_1,7.0GB,8K,Text,43e40f2b8a24,1 year ago,gemma\shieldgemma.csv,7.0
gemma2:9b-instruct-q5_1,7.0GB,8K,Text,11404375df45,2 years ago,gemma\gemma2.csv,7.0
gemma2:9b-text-q5_1,7.0GB,8K,Text,2c8271d50a2c,2 years ago,gemma\gemma2.csv,7.0
codegemma:7b-instruct-q6_K,7.0GB,8K,Text,,,gemma\codegemma.csv,7.0
codegemma:7b-instruct-v1.1-q6_K,7.0GB,8K,Text,,,gemma\codegemma.csv,7.0
codegemma:7b-code-q6_K,7.0GB,8K,Text,,,gemma\codegemma.csv,7.0
mistral-nemo:12b-instruct-2407-q4_0,7.1GB,1000K,Text,e7e06d107c6c,1 year ago,mistral\mistral-nemo.csv,7.1
mistral-nemo:12b,7.1GB,1000K,Text,e7e06d107c6c,1 year ago,mistral\mistral-nemo.csv,7.1
mistral-nemo:latest,7.1GB,1000K,Text,e7e06d107c6c,1 year ago,mistral\mistral-nemo.csv,7.1
mistral-nemo:12b-instruct-2407-q4_K_S,7.1GB,1000K,Text,fe6fcaf0d26f,1 year ago,mistral\mistral-nemo.csv,7.1
granite4.0-preview:tiny-instruct-q8_0,7.1GB,1M,Text,bf8d998b583f,11 months ago,ibm\granite4.0-preview.csv,7.1
granite4.0-preview:tiny-base-q8_0,7.1GB,1M,Text,672ec12976cd,11 months ago,ibm\granite4.0-preview.csv,7.1
granite4.1:8b-q6_K,7.2GB,128K,Text,cc47b04956a8,4 months ago,ibm\granite4.1.csv,7.2
gemma4:12b-it-qat,7.2GB,256K,"Text, Image",38044be4f923,3 months ago,gemma\gemma4.csv,7.2
llama2-uncensored:7b-chat-q8_0,7.2GB,2K,Text,a3a460233379,2 years ago,llama\llama2-uncensored.csv,7.2
llama2:7b-text-q8_0,7.2GB,4K,Text,fd701415200a,2 years ago,llama\llama2.csv,7.2
llama2:7b-chat-q8_0,7.2GB,4K,Text,fc35dd6c8370,2 years ago,llama\llama2.csv,7.2
granite4.1:8b-q6_K,7.2GB,128K,Text,cc47b04956a8,4 months ago,granite\granite4.1.csv,7.2
gemma4:e2b-it-q4_K_M,7.2GB,128K,"Text, Image",7fbdbf8f5e45,5 months ago,gemma\gemma4.csv,7.2
deepseek-coder:6.7b-instruct-q8_0,7.2GB,16K,Text,54b58e32d587,2 years ago,deepseek\deepseek-coder.csv,7.2
gemma:7b-text-q6_K,7.2GB,8K,Text,9e7cfd3fab5b,2 years ago,gemma\gemma.csv,7.2
gemma:7b-instruct-q6_K,7.2GB,8K,Text,5c7aded0b8bd,2 years ago,gemma\gemma.csv,7.2
deepseek-coder:6.7b-base-q8_0,7.2GB,16K,Text,570c490f997d,2 years ago,deepseek\deepseek-coder.csv,7.2
granite4.2:8b-q6_K,7.2GB,128K,Text,18bc6f885e1e,1 week ago,ibm\granite4.2.csv,7.2
granite4.2:8b-q6_K,7.2GB,128K,Text,cec7d398953f,1 week ago,granite\granite4.2.csv,7.2
gemma4:e2b,7.2GB,128K,"Text, Image",7fbdbf8f5e45,5 months ago,gemma\gemma4.csv,7.2
qwen2.5-coder:14b-base-q3_K_M,7.3GB,32K,Text,758b2a555be0,1 year ago,qwen\qwen2.5-coder.csv,7.3
qwen2.5:14b-instruct-q3_K_M,7.3GB,32K,Text,4d8dbee0507f,1 year ago,qwen\qwen2.5.csv,7.3
qwen2.5-coder:14b-instruct-q3_K_M,7.3GB,32K,Text,e00d09afd55a,1 year ago,qwen\qwen2.5-coder.csv,7.3
granite4.2:3b-bf16,7.3GB,128K,Text,0e0a538a0f21,1 week ago,ibm\granite4.2.csv,7.3
granite4.2:3b-bf16,7.3GB,128K,Text,a3001cc8a64f,1 week ago,granite\granite4.2.csv,7.3
qwen:14b-chat-v1.5-q3_K_M,7.4GB,32K,Text,319f64f95f85,2 years ago,qwen\qwen.csv,7.4
llama2:13b-text-q4_K_S,7.4GB,4K,Text,2fadc16207a6,2 years ago,llama\llama2.csv,7.4
llama2:13b-chat-q4_K_S,7.4GB,4K,Text,c9bc1759c3b8,2 years ago,llama\llama2.csv,7.4
llama2:13b,7.4GB,4K,Text,d475bf4c50bc,2 years ago,llama\llama2.csv,7.4
llama2:13b-text,7.4GB,4K,Text,d9ecf5544188,2 years ago,llama\llama2.csv,7.4
llama2:13b-chat,7.4GB,4K,Text,d475bf4c50bc,2 years ago,llama\llama2.csv,7.4
llama2:13b-text-q4_0,7.4GB,4K,Text,d9ecf5544188,2 years ago,llama\llama2.csv,7.4
qwen:14b-text-v1.5-q3_K_M,7.4GB,32K,Text,8ba10671f72c,2 years ago,qwen\qwen.csv,7.4
granite4:tiny-h-q8_0,7.4GB,1M,Text,ec6fe932050f,11 months ago,ibm\granite4.csv,7.4
granite4:tiny-h-base-q8_0,7.4GB,1M,Text,6dfba0908e12,11 months ago,ibm\granite4.csv,7.4
llama2:13b-chat-q4_0,7.4GB,4K,Text,d475bf4c50bc,2 years ago,llama\llama2.csv,7.4
gemma3n:e4b-it-q4_K_M,7.5GB,32K,Text,15cb39fd9394,1 year ago,gemma\gemma3n.csv,7.5
gemma4:e2b-mlx,MLX 7.5GB,128K,"Text, Image",f4a8449d1781,1 week ago,gemma\gemma4.csv,7.5
gemma4:e2b-nvfp4,MLX 7.5GB,128K,"Text, Image",f4a8449d1781,1 week ago,gemma\gemma4.csv,7.5
gemma3n:latest,7.5GB,32K,Text,15cb39fd9394,1 year ago,gemma\gemma3n.csv,7.5
phi3:14b-medium-4k-instruct-q3_K_L,7.5GB,4K,Text,8c89f02e74e7,2 years ago,phi\phi3.csv,7.5
qwen2.5vl:3b-fp16,7.5GB,125K,"Text, Image",0aeee3542efe,1 year ago,qwen\qwen2.5vl.csv,7.5
mistral-nemo:12b-instruct-2407-q4_K_M,7.5GB,1000K,Text,daf673741712,1 year ago,mistral\mistral-nemo.csv,7.5
phi3:14b-medium-128k-instruct-q3_K_L,7.5GB,4K,Text,214c9ceb5140,2 years ago,phi\phi3.csv,7.5
gemma3n:e4b,7.5GB,32K,Text,15cb39fd9394,1 year ago,gemma\gemma3n.csv,7.5
phi3.5:3.8b-mini-instruct-fp16,7.6GB,4K,Text,4611ed13d496,1 year ago,phi\phi3.5.csv,7.6
phi3:3.8b-mini-4k-instruct-fp16,7.6GB,4K,Text,d2a1bcb6ea9d,2 years ago,phi\phi3.csv,7.6
gemma2:9b-text-q6_K,7.6GB,8K,Text,eecb7df81861,2 years ago,gemma\gemma2.csv,7.6
gemma4:12b-it-q4_K_M,7.6GB,256K,"Text, Image",4eb23ef187e2,3 months ago,gemma\gemma4.csv,7.6
shieldgemma:9b-q6_K,7.6GB,8K,Text,3fe88a5a8730,1 year ago,gemma\shieldgemma.csv,7.6
phi3:3.8b-mini-128k-instruct-fp16,7.6GB,4K,Text,40010fd60dc7,2 years ago,phi\phi3.csv,7.6
gemma2:9b-instruct-q6_K,7.6GB,8K,Text,3827bab50424,2 years ago,gemma\gemma2.csv,7.6
gemma4:12b,7.6GB,256K,"Text, Image",4eb23ef187e2,3 months ago,gemma\gemma4.csv,7.6
mistral:7b-instruct-v0.3-q8_0,7.7GB,32K,Text,7aae4c4eed11,1 year ago,mistral\mistral.csv,7.7
qwen:14b-text-q3_K_M,7.7GB,8K,Text,35babf7c6752,2 years ago,qwen\qwen.csv,7.7
mistral:7b-text-v0.2-q8_0,7.7GB,16K,Text,e844517e7eaf,2 years ago,mistral\mistral.csv,7.7
mistral:7b-text-q8_0,7.7GB,32K,Text,3197b6e23271,2 years ago,mistral\mistral.csv,7.7
gemma4:12b-nvfp4,MLX 7.7GB,256K,"Text, Image",ded7a2735003,1 week ago,gemma\gemma4.csv,7.7
gemma4:12b-mlx,MLX 7.7GB,256K,"Text, Image",ded7a2735003,1 week ago,gemma\gemma4.csv,7.7
dolphin-mistral:7b-v2.2.1-q8_0,7.7GB,32K,Text,62e41c882df2,2 years ago,mistral\dolphin-mistral.csv,7.7
dolphin-mistral:7b-v2.1-q8_0,7.7GB,32K,Text,3c364693b3c5,2 years ago,mistral\dolphin-mistral.csv,7.7
dolphin-mistral:7b-v2.2-q8_0,7.7GB,32K,Text,f12f440dd443,2 years ago,mistral\dolphin-mistral.csv,7.7
mathstral:7b-v0.1-q8_0,7.7GB,32K,Text,939f2d6f06c5,2 years ago,mistral\mathstral.csv,7.7
ministral-3:3b-instruct-2512-fp16,7.7GB,256K,"Text, Image",c3575e1e54be,8 months ago,mistral\ministral-3.csv,7.7
mistral:7b-instruct-q8_0,7.7GB,32K,Text,2162e081e7f0,2 years ago,mistral\mistral.csv,7.7
dolphin-mistral:7b-v2.6-q8_0,7.7GB,32K,Text,43ea31e60f41,2 years ago,mistral\dolphin-mistral.csv,7.7
mistral:7b-instruct-v0.2-q8_0,7.7GB,32K,Text,3f321fd2a1c3,2 years ago,mistral\mistral.csv,7.7
dolphin-mistral:7b-v2.8-q8_0,7.7GB,32K,Text,c42fc14057d2,2 years ago,mistral\dolphin-mistral.csv,7.7
dolphin-mistral:7b-v2.6-dpo-laser-q8_0,7.7GB,32K,Text,805ca6fc04df,2 years ago,mistral\dolphin-mistral.csv,7.7
dolphin-mistral:7b-v2-q8_0,7.7GB,32K,Text,af57ab7e2f42,2 years ago,mistral\dolphin-mistral.csv,7.7
yarn-mistral:7b-64k-q8_0,7.7GB,32K,Text,236ce568b73c,2 years ago,mistral\yarn-mistral.csv,7.7
yarn-mistral:7b-128k-q8_0,7.7GB,128K,Text,c7d7fcc635b3,2 years ago,mistral\yarn-mistral.csv,7.7
mistral-openorca:7b-q8_0,7.7GB,32K,Text,d7fd37191d96,2 years ago,mistral\mistral-openorca.csv,7.7
qwen:14b-chat-q3_K_M,7.7GB,8K,Text,f3e7aa8567ed,2 years ago,qwen\qwen.csv,7.7
phi4-mini:3.8b-fp16,7.7GB,4K,Text,bd71721a0e80,1 year ago,phi\phi4-mini.csv,7.7
mistrallite:7b-v0.1-q8_0,7.7GB,32K,Text,8856fb347897,2 years ago,mistral\mistrallite.csv,7.7
phi4-mini-reasoning:3.8b-fp16,7.7GB,4K,Text,591788476176,1 year ago,phi\phi4-mini-reasoning.csv,7.7
llama3.2-vision:11b,7.8GB,128K,"Text, Image",6f2f9757ae97,1 year ago,llama\llama3.2-vision.csv,7.8
qwen:14b-text-v1.5-q3_K_L,7.8GB,32K,Text,e5feaa6b570f,2 years ago,qwen\qwen.csv,7.8
llama3.2-vision:11b-instruct-q4_K_M,7.8GB,128K,"Text, Image",6f2f9757ae97,1 year ago,llama\llama3.2-vision.csv,7.8
qwen:14b-chat-v1.5-q3_K_L,7.8GB,32K,Text,0eca84ada344,2 years ago,qwen\qwen.csv,7.8
llama3.2-vision:latest,7.8GB,128K,"Text, Image",6f2f9757ae97,1 year ago,llama\llama3.2-vision.csv,7.8
mistral-nemo:12b-instruct-2407-q4_1,7.8GB,1000K,Text,243f0861c69b,1 year ago,mistral\mistral-nemo.csv,7.8
qwen2.5-coder:14b-instruct-q3_K_L,7.9GB,32K,Text,93a65e662efb,1 year ago,qwen\qwen2.5-coder.csv,7.9
llama2:13b-chat-q4_K_M,7.9GB,4K,Text,87727269f62c,2 years ago,llama\llama2.csv,7.9
qwen2.5:14b-instruct-q3_K_L,7.9GB,32K,Text,0ab75160d333,1 year ago,qwen\qwen2.5.csv,7.9
qwen2.5-coder:14b-base-q3_K_L,7.9GB,32K,Text,b0053e4e7dd8,1 year ago,qwen\qwen2.5-coder.csv,7.9
phi3:14b-medium-128k-instruct-q4_0,7.9GB,128K,Text,cf611a26b048,2 years ago,phi\phi3.csv,7.9
qwen:4b-text-v1.5-fp16,7.9GB,32K,Text,bd8bb0558fba,2 years ago,qwen\qwen.csv,7.9
phi3:14b,7.9GB,128K,Text,cf611a26b048,2 years ago,phi\phi3.csv,7.9
phi3:14b-medium-4k-instruct-q4_0,7.9GB,4K,Text,325e47441f3f,2 years ago,phi\phi3.csv,7.9
phi3:medium-4k,7.9GB,4K,Text,325e47441f3f,2 years ago,phi\phi3.csv,7.9
phi3:14b-instruct,7.9GB,128K,Text,cf611a26b048,2 years ago,phi\phi3.csv,7.9
phi3:medium-128k,7.9GB,128K,Text,cf611a26b048,2 years ago,phi\phi3.csv,7.9
qwen:4b-chat-v1.5-fp16,7.9GB,32K,Text,86621ca225c4,2 years ago,qwen\qwen.csv,7.9
phi3:medium,7.9GB,128K,Text,cf611a26b048,2 years ago,phi\phi3.csv,7.9
llama2:13b-text-q4_K_M,7.9GB,4K,Text,74b8a493a98e,2 years ago,llama\llama2.csv,7.9
qwen:14b-chat-q3_K_L,8.0GB,8K,Text,8b5eb6ea106d,2 years ago,qwen\qwen.csv,8.0
phi3:14b-medium-128k-instruct-q4_K_S,8.0GB,4K,Text,7a0ee8ddd91b,2 years ago,phi\phi3.csv,8.0
nemotron-3-nano:4b-bf16,8.0GB,256K,Text,4bc6e34d03fb,5 months ago,nemotron\nemotron-3-nano.csv,8.0
phi3:14b-medium-4k-instruct-q4_K_S,8.0GB,4K,Text,98b4f4a2f662,2 years ago,phi\phi3.csv,8.0
qwen3-embedding:8b-q8_0,8.0GB,40K,Text,9704fd987c12,11 months ago,qwen\qwen3-embedding.csv,8.0
qwen3-embedding:4b-fp16,8.0GB,40K,Text,3c93b6415795,11 months ago,qwen\qwen3-embedding.csv,8.0
qwen:14b-text-q3_K_L,8.0GB,8K,Text,e706cfc43d67,2 years ago,qwen\qwen.csv,8.0
qwen2.5:7b-instruct-q8_0,8.1GB,32K,Text,2d9500c94841,1 year ago,qwen\qwen2.5.csv,8.1
qwen3:4b-fp16,8.1GB,40K,Text,c2a4b6294479,1 year ago,qwen\qwen3.csv,8.1
qwen2.5-coder:7b-instruct-q8_0,8.1GB,32K,Text,7e480bd46127,1 year ago,qwen\qwen2.5-coder.csv,8.1
translategemma:12b,8.1GB,128K,"Text, Image",c2f9a9ca1ec7,7 months ago,gemma\translategemma.csv,8.1
translategemma:12b-it-q4_K_M,8.1GB,128K,"Text, Image",c2f9a9ca1ec7,7 months ago,gemma\translategemma.csv,8.1
deepseek-r1:7b-qwen-distill-q8_0,8.1GB,128K,Text,1b1708b22a5f,1 year ago,deepseek\deepseek-r1.csv,8.1
qwen3:4b-instruct-2507-fp16,8.1GB,256K,Text,259cbeb0f33b,11 months ago,qwen\qwen3.csv,8.1
qwen3:4b-thinking-2507-fp16,8.1GB,256K,Text,c0b9500a47bb,11 months ago,qwen\qwen3.csv,8.1
qwen2:7b-instruct-q8_0,8.1GB,32K,Text,5f579402cc6c,1 year ago,qwen\qwen2.csv,8.1
gemma4:e2b-it-q8_0,8.1GB,128K,"Text, Image",95e5aad2e60a,5 months ago,gemma\gemma4.csv,8.1
gemma3:12b,8.1GB,128K,"Text, Image",f4031aab637d,1 year ago,gemma\gemma3.csv,8.1
gemma3:12b-it-q4_K_M,8.1GB,128K,"Text, Image",f4031aab637d,1 year ago,gemma\gemma3.csv,8.1
qwen2:7b-text-q8_0,8.1GB,128K,Text,1ad9e7ef89a6,2 years ago,qwen\qwen2.csv,8.1
qwen2.5-coder:7b-base-q8_0,8.1GB,32K,Text,a7b028fab948,1 year ago,qwen\qwen2.5-coder.csv,8.1
qwen:7b-chat-v1.5-q8_0,8.2GB,32K,Text,3985a6e61dfa,2 years ago,qwen\qwen.csv,8.2
qwen:14b-chat-v1.5-q4_0,8.2GB,32K,Text,80362ced6553,2 years ago,qwen\qwen.csv,8.2
gemma4:e2b-mxfp8,MLX 8.2GB,128K,"Text, Image",035e18b64c9f,3 days ago,gemma\gemma4.csv,8.2
qwen:7b-text-v1.5-q8_0,8.2GB,32K,Text,968572e9757d,2 years ago,qwen\qwen.csv,8.2
qwen:14b-chat-q4_0,8.2GB,8K,Text,e5a75212c4d4,2 years ago,qwen\qwen.csv,8.2
qwen:14b,8.2GB,32K,Text,80362ced6553,2 years ago,qwen\qwen.csv,8.2
qwen:7b-q8_0,8.2GB,32K,Text,ea380ed299dd,2 years ago,qwen\qwen.csv,8.2
qwen:14b-chat,8.2GB,32K,Text,80362ced6553,2 years ago,qwen\qwen.csv,8.2
llama2:13b-chat-q4_1,8.2GB,4K,Text,8da45bab53a7,2 years ago,llama\llama2.csv,8.2
qwen:7b-chat-q8_0,8.2GB,32K,Text,75224d9ec839,2 years ago,qwen\qwen.csv,8.2
qwen:14b-text,8.2GB,32K,Text,06e198d562c8,2 years ago,qwen\qwen.csv,8.2
qwen:14b-text-q4_0,8.2GB,8K,Text,856ff95ace9a,2 years ago,qwen\qwen.csv,8.2
qwen:14b-text-v1.5-q4_0,8.2GB,32K,Text,06e198d562c8,2 years ago,qwen\qwen.csv,8.2
llama2:13b-text-q4_1,8.2GB,4K,Text,ff9b7e23cab5,2 years ago,llama\llama2.csv,8.2
mistral-small:22b-instruct-2409-q2_K,8.3GB,128K,Text,8ec9babc3847,1 year ago,mistral\mistral-small.csv,8.3
nemotron-mini:4b-instruct-fp16,8.4GB,4K,Text,d0d806e9853c,1 year ago,nemotron\nemotron-mini.csv,8.4
deepseek-r1:8b-llama-distill-q8_0,8.5GB,128K,Text,744d1ee47c3d,1 year ago,deepseek\deepseek-r1.csv,8.5
mistral-nemo:12b-instruct-2407-q5_K_S,8.5GB,1000K,Text,40374746451f,1 year ago,mistral\mistral-nemo.csv,8.5
mistral-nemo:12b-instruct-2407-q5_0,8.5GB,1000K,Text,dab3cfa34f38,1 year ago,mistral\mistral-nemo.csv,8.5
qwen2.5-coder:14b-base-q4_0,8.5GB,32K,Text,6850c57047b9,1 year ago,qwen\qwen2.5-coder.csv,8.5
llama3:8b-text-q8_0,8.5GB,8K,Text,7a0307e073ae,2 years ago,llama\llama3.csv,8.5
llama3:8b-instruct-q8_0,8.5GB,8K,Text,1b8e49cece7f,2 years ago,llama\llama3.csv,8.5
llama3.1:8b-instruct-q8_0,8.5GB,128K,Text,b158ded76fa0,1 year ago,llama\llama3.1.csv,8.5
llama3-gradient:8b-instruct-1048k-q8_0,8.5GB,1M,Text,543168ef36be,2 years ago,llama\llama3-gradient.csv,8.5
llama3-chatqa:8b-v1.5-q8_0,8.5GB,8K,Text,4b48f929dc16,2 years ago,llama\llama3-chatqa.csv,8.5
llama3.1:8b-text-q8_0,8.5GB,128K,Text,56fd90f1aa19,2 years ago,llama\llama3.1.csv,8.5
qwen2.5-coder:14b-instruct-q4_0,8.5GB,32K,Text,4463d4082ea3,1 year ago,qwen\qwen2.5-coder.csv,8.5
qwen2.5:14b-instruct-q4_0,8.5GB,32K,Text,5449194ff803,1 year ago,qwen\qwen2.5.csv,8.5
llama-guard3:8b-q8_0,8.5GB,128K,Text,5cc118047fb2,1 year ago,llama\llama-guard3.csv,8.5
llama3-groq-tool-use:8b-q8_0,8.5GB,8K,Text,58ab12b11127,2 years ago,llama\llama3-groq-tool-use.csv,8.5
qwen2.5-coder:14b-base-q4_K_S,8.6GB,32K,Text,5e43c1525d54,1 year ago,qwen\qwen2.5-coder.csv,8.6
phi3:14b-medium-4k-instruct-q4_K_M,8.6GB,4K,Text,4de15128ef23,2 years ago,phi\phi3.csv,8.6
qwen2.5:14b-instruct-q4_K_S,8.6GB,32K,Text,927254c04779,1 year ago,qwen\qwen2.5.csv,8.6
gemma3:4b-it-fp16,8.6GB,128K,"Text, Image",c4da438ae756,1 year ago,gemma\gemma3.csv,8.6
qwen:14b-chat-q4_K_S,8.6GB,8K,Text,dc341a2db63b,2 years ago,qwen\qwen.csv,8.6
translategemma:4b-it-bf16,8.6GB,128K,"Text, Image",ff7a6d70870f,7 months ago,gemma\translategemma.csv,8.6
medgemma:4b-it-bf16,8.6GB,128K,"Text, Image",38229e514edc,4 months ago,gemma\medgemma.csv,8.6
qwen:14b-chat-v1.5-q4_K_S,8.6GB,32K,Text,e6c0570ce501,2 years ago,qwen\qwen.csv,8.6
medgemma1.5:4b-it-bf16,8.6GB,128K,"Text, Image",32f17fbd85fe,4 months ago,gemma\medgemma1.5.csv,8.6
qwen:14b-text-q4_K_S,8.6GB,8K,Text,074ac9031894,2 years ago,qwen\qwen.csv,8.6
qwen2.5-coder:14b-instruct-q4_K_S,8.6GB,32K,Text,9214d9fd3ff9,1 year ago,qwen\qwen2.5-coder.csv,8.6
qwen:14b-text-v1.5-q4_K_S,8.6GB,32K,Text,ab6680a741b8,2 years ago,qwen\qwen.csv,8.6
phi3:14b-medium-128k-instruct-q4_K_M,8.6GB,4K,Text,1372226c9b0b,2 years ago,phi\phi3.csv,8.6
granite3.1-dense:8b-instruct-q8_0,8.7GB,128K,Text,3685eb86c6bc,1 year ago,ibm\granite3.1-dense.csv,8.7
granite3.1-dense:8b-base-q8_0,8.7GB,128K,Text,1143d829882a,1 year ago,ibm\granite3.1-dense.csv,8.7
granite3.2:8b-instruct-q8_0,8.7GB,128K,Text,639d9bdbb614,1 year ago,ibm\granite3.2.csv,8.7
granite3.3:8b-instruct-q8_0,8.7GB,128K,Text,f8d0e1f4ac48,1 year ago,ibm\granite3.3.csv,8.7
granite3-guardian:8b-q8_0,8.7GB,8K,Text,42d8012e0358,1 year ago,ibm\granite3-guardian.csv,8.7
granite3.1-dense:8b-instruct-q8_0,8.7GB,128K,Text,fd5499afc361,1 year ago,granite\granite3.1-dense.csv,8.7
granite3-guardian:8b-q8_0,8.7GB,8K,Text,a91578a591d2,1 year ago,granite\granite3-guardian.csv,8.7
granite3-dense:8b-instruct-q8_0,8.7GB,4K,Text,af7c68abaeda,1 year ago,ibm\granite3-dense.csv,8.7
granite3.1-guardian:8b-q8_0,8.7GB,128K,Text,5dcfab01a231,1 year ago,ibm\granite3.1-guardian.csv,8.7
granite3.2:8b-instruct-q8_0,8.7GB,128K,Text,1b54499df0ff,1 year ago,granite\granite3.2.csv,8.7
mistral-nemo:12b-instruct-2407-q5_K_M,8.7GB,1000K,Text,cf4d8cc50281,1 year ago,mistral\mistral-nemo.csv,8.7
granite3.3-guardian:8b-q8_0,8.7GB,128K,Text,35a98eaaeb10,1 year ago,ibm\granite3.3-guardian.csv,8.7
granite3.3:8b-base-q8_0,8.7GB,128K,Text,eb9a87ca0d61,1 year ago,ibm\granite3.3.csv,8.7
granite3-dense:8b-instruct-q8_0,8.7GB,4K,Text,f1466e70a7be,1 year ago,granite\granite3-dense.csv,8.7
phi3:14b-medium-128k-instruct-q4_1,8.8GB,4K,Text,92a08305e23f,2 years ago,phi\phi3.csv,8.8
phi3:14b-medium-4k-instruct-q4_1,8.8GB,4K,Text,7e56b73c5446,2 years ago,phi\phi3.csv,8.8
qwen3-vl:4b-thinking-bf16,8.9GB,256K,"Text, Image",b04bc96a3a84,10 months ago,qwen\qwen3-vl.csv,8.9
qwen3.5:9b-mlx,MLX 8.9GB,256K,"Text, Image",203e30078279,3 months ago,qwen\qwen3.5.csv,8.9
deepseek-r1:8b-0528-qwen3-q8_0,8.9GB,128K,Text,cade62fd2850,1 year ago,deepseek\deepseek-r1.csv,8.9
granite4.1-guardian:8b-q8_0,8.9GB,128K,Text,3697077f3aa1,2 months ago,ibm\granite4.1-guardian.csv,8.9
qwen3-vl:4b-instruct-bf16,8.9GB,256K,"Text, Image",a074ff293a12,10 months ago,qwen\qwen3-vl.csv,8.9
qwen3.5:9b-nvfp4,MLX 8.9GB,256K,"Text, Image",203e30078279,5 months ago,qwen\qwen3.5.csv,8.9
gemma3n:e2b-it-fp16,8.9GB,32K,Text,c202cf857d68,1 year ago,gemma\gemma3n.csv,8.9
gemma3:12b-it-qat,8.9GB,128K,"Text, Image",5d4fa005e7bb,1 year ago,gemma\gemma3.csv,8.9
llama-pro:8b-text-q8_0,8.9GB,4K,Text,,,llama\llama-pro.csv,8.9
qwen3:8b-q8_0,8.9GB,40K,Text,e56358ca25dd,1 year ago,qwen\qwen3.csv,8.9
llama-pro:8b-instruct-q8_0,8.9GB,4K,Text,,,llama\llama-pro.csv,8.9
qwen2.5:14b,9.0GB,32K,Text,7cdf5a0187d5,1 year ago,qwen\qwen2.5.csv,9.0
qwen2.5-coder:14b-base,9.0GB,32K,Text,8221e52a9c29,1 year ago,qwen\qwen2.5-coder.csv,9.0
deepseek-r1:14b,9.0GB,128K,Text,c333b7232bdb,1 year ago,deepseek\deepseek-r1.csv,9.0
qwen2.5-coder:14b-instruct,9.0GB,32K,Text,9ec8897f747e,1 year ago,qwen\qwen2.5-coder.csv,9.0
llama2:13b-chat-q5_K_S,9.0GB,4K,Text,25324e6a6e04,2 years ago,llama\llama2.csv,9.0
deepseek-r1:14b-qwen-distill-q4_K_M,9.0GB,128K,Text,c333b7232bdb,1 year ago,deepseek\deepseek-r1.csv,9.0
llama2:13b-chat-q5_0,9.0GB,4K,Text,2ceaa73b479a,2 years ago,llama\llama2.csv,9.0
qwen2.5:14b-instruct,9.0GB,32K,Text,7cdf5a0187d5,1 year ago,qwen\qwen2.5.csv,9.0
qwen2.5:14b-instruct-q4_K_M,9.0GB,32K,Text,7cdf5a0187d5,1 year ago,qwen\qwen2.5.csv,9.0
qwen:14b-text-v1.5-q4_1,9.0GB,32K,Text,3514cc84da3f,2 years ago,qwen\qwen.csv,9.0
llama2:13b-text-q5_0,9.0GB,4K,Text,8f3886efc72d,2 years ago,llama\llama2.csv,9.0
qwen:14b-text-q4_1,9.0GB,8K,Text,fb080c3f9385,2 years ago,qwen\qwen.csv,9.0
llama2:13b-text-q5_K_S,9.0GB,4K,Text,1025495b5ee3,2 years ago,llama\llama2.csv,9.0
qwen2.5-coder:14b-instruct-q4_K_M,9.0GB,32K,Text,9ec8897f747e,1 year ago,qwen\qwen2.5-coder.csv,9.0
qwen:14b-chat-v1.5-q4_1,9.0GB,32K,Text,4f50c5079631,2 years ago,qwen\qwen.csv,9.0
qwen:14b-chat-q4_1,9.0GB,8K,Text,282ce204bb6b,2 years ago,qwen\qwen.csv,9.0
qwen2.5-coder:14b-base-q4_K_M,9.0GB,32K,Text,8221e52a9c29,1 year ago,qwen\qwen2.5-coder.csv,9.0
qwen2.5-coder:14b,9.0GB,32K,Text,9ec8897f747e,1 year ago,qwen\qwen2.5-coder.csv,9.0
phi4:14b,9.1GB,16K,Text,ac896e5b8b34,1 year ago,phi\phi4.csv,9.1
phi4:latest,9.1GB,16K,Text,ac896e5b8b34,1 year ago,phi\phi4.csv,9.1
gemma:7b-instruct-q8_0,9.1GB,8K,Text,61d0f0df3637,2 years ago,gemma\gemma.csv,9.1
gemma:7b-instruct-v1.1-q8_0,9.1GB,8K,Text,f6dee485fe1a,2 years ago,gemma\gemma.csv,9.1
gemma:7b-text-q8_0,9.1GB,8K,Text,1b7b1e5e2f98,2 years ago,gemma\gemma.csv,9.1
phi4:14b-q4_K_M,9.1GB,16K,Text,ac896e5b8b34,1 year ago,phi\phi4.csv,9.1
qwen3.5:4b-mlx-bf16,MLX 9.1GB,256K,"Text, Image",7a3f49fa6b40,5 months ago,qwen\qwen3.5.csv,9.1
codegemma:7b-code-q8_0,9.1GB,8K,Text,,,gemma\codegemma.csv,9.1
ministral-3:14b,9.1GB,256K,"Text, Image",4760c35aeb9d,8 months ago,mistral\ministral-3.csv,9.1
ministral-3:14b-instruct-2512-q4_K_M,9.1GB,256K,"Text, Image",4760c35aeb9d,8 months ago,mistral\ministral-3.csv,9.1
codegemma:7b-instruct-q8_0,9.1GB,8K,Text,,,gemma\codegemma.csv,9.1
codegemma:7b-instruct-v1.1-q8_0,9.1GB,8K,Text,,,gemma\codegemma.csv,9.1
llama2:13b-text-q5_K_M,9.2GB,4K,Text,4be0a0bc5acb,2 years ago,llama\llama2.csv,9.2
llama2:13b-chat-q5_K_M,9.2GB,4K,Text,34471ad29e7c,2 years ago,llama\llama2.csv,9.2
mistral-nemo:12b-instruct-2407-q5_1,9.2GB,1000K,Text,8898d5e38428,1 year ago,mistral\mistral-nemo.csv,9.2
qwen:14b-text-v1.5-q4_K_M,9.2GB,32K,Text,4a22e598c7c9,2 years ago,qwen\qwen.csv,9.2
qwen:14b-chat-v1.5-q4_K_M,9.2GB,32K,Text,128a75c88e2f,2 years ago,qwen\qwen.csv,9.2
granite4.2:8b-q8_0,9.3GB,128K,Text,62837636dd31,1 week ago,granite\granite4.2.csv,9.3
granite4.2:8b-q8_0,9.3GB,128K,Text,129fb7971800,1 week ago,ibm\granite4.2.csv,9.3
granite4.1:8b-q8_0,9.3GB,128K,Text,ee48dfe31954,4 months ago,granite\granite4.1.csv,9.3
qwen3:14b,9.3GB,40K,Text,bdbd181c33f2,1 year ago,qwen\qwen3.csv,9.3
qwen3:14b-q4_K_M,9.3GB,40K,Text,bdbd181c33f2,1 year ago,qwen\qwen3.csv,9.3
qwen3.5:4b-bf16,9.3GB,256K,"Text, Image",d7207ebcf0be,5 months ago,qwen\qwen3.5.csv,9.3
granite4.1:8b-q8_0,9.3GB,128K,Text,ee48dfe31954,4 months ago,ibm\granite4.1.csv,9.3
qwen:14b-chat-q4_K_M,9.4GB,8K,Text,f845925f8d90,2 years ago,qwen\qwen.csv,9.4
qwen2.5-coder:14b-instruct-q4_1,9.4GB,32K,Text,fc7a302d00fd,1 year ago,qwen\qwen2.5-coder.csv,9.4
qwen2.5:14b-instruct-q4_1,9.4GB,32K,Text,4d404313d9cd,1 year ago,qwen\qwen2.5.csv,9.4
qwen2.5-coder:14b-base-q4_1,9.4GB,32K,Text,f9927b6d5824,1 year ago,qwen\qwen2.5-coder.csv,9.4
qwen2.5vl:7b-q8_0,9.4GB,125K,"Text, Image",434c6f75b469,1 year ago,qwen\qwen2.5vl.csv,9.4
qwen:14b-text-q4_K_M,9.4GB,8K,Text,9a20ad8849dc,2 years ago,qwen\qwen.csv,9.4
gemma4:e4b-nvfp4,MLX 9.5GB,128K,"Text, Image",5a08735df03c,1 week ago,gemma\gemma4.csv,9.5
gemma4:e4b-mlx,MLX 9.5GB,128K,"Text, Image",5a08735df03c,1 week ago,gemma\gemma4.csv,9.5
gemma3n:e4b-it-q8_0,9.5GB,32K,Text,8289357f2878,1 year ago,gemma\gemma3n.csv,9.5
phi3:14b-medium-128k-instruct-q5_K_S,9.6GB,4K,Text,85a94efb79c6,2 years ago,phi\phi3.csv,9.6
gemma4:latest,9.6GB,128K,"Text, Image",c6eb396dbd59,5 months ago,gemma\gemma4.csv,9.6
phi3:14b-medium-128k-instruct-q5_0,9.6GB,4K,Text,87d42cf3a64b,2 years ago,phi\phi3.csv,9.6
phi3:14b-medium-4k-instruct-q5_K_S,9.6GB,4K,Text,0efda84af8ae,2 years ago,phi\phi3.csv,9.6
gemma4:e4b-it-q4_K_M,9.6GB,128K,"Text, Image",c6eb396dbd59,5 months ago,gemma\gemma4.csv,9.6
mistral-small:22b-instruct-2409-q3_K_S,9.6GB,128K,Text,dfaf3aefa53f,1 year ago,mistral\mistral-small.csv,9.6
gemma4:e4b,9.6GB,128K,"Text, Image",c6eb396dbd59,5 months ago,gemma\gemma4.csv,9.6
phi3:14b-medium-4k-instruct-q5_0,9.6GB,4K,Text,621f05f2d49e,2 years ago,phi\phi3.csv,9.6
llama2:13b-text-q5_1,9.8GB,4K,Text,2afbee63a3f1,2 years ago,llama\llama2.csv,9.8
qwen3-vl:8b-instruct-q8_0,9.8GB,256K,"Text, Image",eff3eb825b32,10 months ago,qwen\qwen3-vl.csv,9.8
qwen3-vl:8b-thinking-q8_0,9.8GB,256K,"Text, Image",9e9bbfc77186,10 months ago,qwen\qwen3-vl.csv,9.8
shieldgemma:9b-q8_0,9.8GB,8K,Text,14c1959c8e4f,1 year ago,gemma\shieldgemma.csv,9.8
llama2:13b-chat-q5_1,9.8GB,4K,Text,76c91147b201,2 years ago,llama\llama2.csv,9.8
gemma2:9b-text-q8_0,9.8GB,8K,Text,e09381422c99,2 years ago,gemma\gemma2.csv,9.8
gemma2:9b-instruct-q8_0,9.8GB,8K,Text,54faa8324fdf,2 years ago,gemma\gemma2.csv,9.8
qwen:14b-chat-v1.5-q5_0,9.9GB,32K,Text,d06d5137e584,2 years ago,qwen\qwen.csv,9.9
ministral-3:8b-instruct-2512-q8_0,9.9GB,256K,"Text, Image",51a27715a326,8 months ago,mistral\ministral-3.csv,9.9
qwen:14b-text-v1.5-q5_0,9.9GB,32K,Text,c9413c9c81d5,2 years ago,qwen\qwen.csv,9.9
qwen:14b-text-q5_0,9.9GB,8K,Text,7f52ab937912,2 years ago,qwen\qwen.csv,9.9
qwen:14b-chat-q5_0,9.9GB,8K,Text,ee17956b87cc,2 years ago,qwen\qwen.csv,9.9
qwen:14b-chat-q5_K_S,10GB,8K,Text,91f5698531f7,2 years ago,qwen\qwen.csv,10.0
qwen2.5:14b-instruct-q5_0,10GB,32K,Text,e242bafd33eb,1 year ago,qwen\qwen2.5.csv,10.0
qwen:14b-chat-v1.5-q5_K_S,10GB,32K,Text,85650ef588d4,2 years ago,qwen\qwen.csv,10.0
qwen2.5-coder:14b-base-q5_K_S,10GB,32K,Text,d43da79decc7,1 year ago,qwen\qwen2.5-coder.csv,10.0
gemma4:e2b-mlx-bf16,MLX 10GB,128K,"Text, Image",8781e4366f28,2 months ago,gemma\gemma4.csv,10.0
gemma4:e2b-it-bf16,10GB,128K,"Text, Image",850bc7fea32f,5 months ago,gemma\gemma4.csv,10.0
shieldgemma:27b-q2_K,10GB,8K,Text,d8d17ed3cef2,1 year ago,gemma\shieldgemma.csv,10.0
qwen2.5-coder:14b-instruct-q5_0,10GB,32K,Text,10dd53534fbf,1 year ago,qwen\qwen2.5-coder.csv,10.0
qwen2.5-coder:14b-instruct-q5_K_S,10GB,32K,Text,e7c55dc04467,1 year ago,qwen\qwen2.5-coder.csv,10.0
qwen2.5:14b-instruct-q5_K_S,10GB,32K,Text,f766877d708a,1 year ago,qwen\qwen2.5.csv,10.0
qwen:14b-text-q5_K_S,10GB,8K,Text,8c818d039803,2 years ago,qwen\qwen.csv,10.0
phi3:14b-medium-128k-instruct-q5_K_M,10GB,4K,Text,0d45fefe05bb,2 years ago,phi\phi3.csv,10.0
phi3:14b-medium-128k-instruct-q5_1,10GB,4K,Text,06195d5c378a,2 years ago,phi\phi3.csv,10.0
gemma2:27b-instruct-q2_K,10GB,8K,Text,76893265b678,2 years ago,gemma\gemma2.csv,10.0
gemma2:27b-text-q2_K,10GB,8K,Text,b155db00c442,2 years ago,gemma\gemma2.csv,10.0
qwen:14b-text-v1.5-q5_K_S,10GB,32K,Text,a31ed924fdab,2 years ago,qwen\qwen.csv,10.0
phi3:14b-medium-4k-instruct-q5_1,10GB,4K,Text,d7fd9927e592,2 years ago,phi\phi3.csv,10.0
mistral-nemo:12b-instruct-2407-q6_K,10GB,1000K,Text,b6435edbd791,1 year ago,mistral\mistral-nemo.csv,10.0
phi3:14b-medium-4k-instruct-q5_K_M,10GB,4K,Text,44aec5aa964d,2 years ago,phi\phi3.csv,10.0
qwen2.5-coder:14b-base-q5_0,10GB,32K,Text,6223133e20d6,1 year ago,qwen\qwen2.5-coder.csv,10.0
qwen2.5-coder:14b-instruct-q5_1,11GB,32K,Text,32c5de158f9f,1 year ago,qwen\qwen2.5-coder.csv,11.0
granite4.2:30b-q2_K,11GB,128K,Text,21204cafe2a3,1 week ago,ibm\granite4.2.csv,11.0
granite4.2:30b-q2_K,11GB,128K,Text,2780f0bcdfc4,1 week ago,granite\granite4.2.csv,11.0
qwen2.5:14b-instruct-q5_K_M,11GB,32K,Text,7bb3f324cafc,1 year ago,qwen\qwen2.5.csv,11.0
granite4.1:30b-q2_K,11GB,128K,Text,ae1d684487df,4 months ago,granite\granite4.1.csv,11.0
qwen2.5:14b-instruct-q5_1,11GB,32K,Text,43a5486ba383,1 year ago,qwen\qwen2.5.csv,11.0
qwen:14b-chat-v1.5-q5_1,11GB,32K,Text,a16ff3fb4f19,2 years ago,qwen\qwen.csv,11.0
qwen3.5:9b-mxfp8,MLX 11GB,256K,"Text, Image",19c108424cec,2 days ago,qwen\qwen3.5.csv,11.0
qwen2.5-coder:14b-base-q5_1,11GB,32K,Text,f40e9e553b82,1 year ago,qwen\qwen2.5-coder.csv,11.0
qwen2.5-coder:14b-base-q5_K_M,11GB,32K,Text,cef4074e0c1a,1 year ago,qwen\qwen2.5-coder.csv,11.0
qwen3.5:9b-q8_0,11GB,256K,"Text, Image",441ec31e4d2a,6 months ago,qwen\qwen3.5.csv,11.0
qwen:14b-text-q5_K_M,11GB,8K,Text,2acf4c66179b,2 years ago,qwen\qwen.csv,11.0
qwen:14b-text-v1.5-q5_K_M,11GB,32K,Text,1564ba9fc84c,2 years ago,qwen\qwen.csv,11.0
llama2:13b-chat-q6_K,11GB,4K,Text,df2e3c78030b,2 years ago,llama\llama2.csv,11.0
llama2:13b-text-q6_K,11GB,4K,Text,376544bcd2db,2 years ago,llama\llama2.csv,11.0
qwen2.5-coder:14b-instruct-q5_K_M,11GB,32K,Text,05d16c5ac1c1,1 year ago,qwen\qwen2.5-coder.csv,11.0
qwen:14b-chat-q5_K_M,11GB,8K,Text,240a4381badd,2 years ago,qwen\qwen.csv,11.0
qwen:14b-chat-q5_1,11GB,8K,Text,248b0b25c47e,2 years ago,qwen\qwen.csv,11.0
phi4-reasoning:14b-plus-q4_K_M,11GB,32K,Text,f0ad3edce8e4,1 year ago,phi\phi4-reasoning.csv,11.0
mistral-small:22b-instruct-2409-q3_K_M,11GB,128K,Text,eaa764a8f77f,1 year ago,mistral\mistral-small.csv,11.0
qwen:14b-text-v1.5-q5_1,11GB,32K,Text,5f196042dc74,2 years ago,qwen\qwen.csv,11.0
qwen:14b-text-q5_1,11GB,8K,Text,9a711abdb0ca,2 years ago,qwen\qwen.csv,11.0
phi3:14b-medium-128k-instruct-q6_K,11GB,4K,Text,3aa42cb65da9,2 years ago,phi\phi3.csv,11.0
phi4-reasoning:14b,11GB,32K,Text,47e2630ccbcd,1 year ago,phi\phi4-reasoning.csv,11.0
phi4-reasoning:plus,11GB,32K,Text,f0ad3edce8e4,1 year ago,phi\phi4-reasoning.csv,11.0
phi4-reasoning:latest,11GB,32K,Text,47e2630ccbcd,1 year ago,phi\phi4-reasoning.csv,11.0
phi4-reasoning:14b-q4_K_M,11GB,32K,Text,47e2630ccbcd,1 year ago,phi\phi4-reasoning.csv,11.0
phi3:14b-medium-4k-instruct-q6_K,11GB,4K,Text,8d6899ff682b,2 years ago,phi\phi3.csv,11.0
qwen:14b-chat-v1.5-q5_K_M,11GB,32K,Text,ba0e61d66b27,2 years ago,qwen\qwen.csv,11.0
granite4.1:30b-q2_K,11GB,128K,Text,ae1d684487df,4 months ago,ibm\granite4.1.csv,11.0
qwen:14b-chat-v1.5-q6_K,12GB,32K,Text,9378d98cce24,2 years ago,qwen\qwen.csv,12.0
qwen:14b-chat-q6_K,12GB,8K,Text,5967f08cc189,2 years ago,qwen\qwen.csv,12.0
qwen2.5:32b-instruct-q2_K,12GB,32K,Text,ecc53cfdce75,1 year ago,qwen\qwen2.5.csv,12.0
qwen:32b-chat-v1.5-q2_K,12GB,32K,Text,cae8aaeddda8,2 years ago,qwen\qwen.csv,12.0
qwen:32b-text-v1.5-q2_K,12GB,32K,Text,95302f736724,2 years ago,qwen\qwen.csv,12.0
gemma4:e4b-mxfp8,MLX 12GB,128K,"Text, Image",17b5792c1f52,3 days ago,gemma\gemma4.csv,12.0
gemma2:27b-text-q3_K_S,12GB,8K,Text,5005188f3c9f,2 years ago,gemma\gemma2.csv,12.0
gemma2:27b-instruct-q3_K_S,12GB,8K,Text,69280a4e9328,2 years ago,gemma\gemma2.csv,12.0
mistral-small:22b-instruct-2409-q3_K_L,12GB,128K,Text,fe81dad8bbb0,1 year ago,mistral\mistral-small.csv,12.0
llama3.2-vision:11b-instruct-q8_0,12GB,128K,"Text, Image",a5b7471a68aa,1 year ago,llama\llama3.2-vision.csv,12.0
gemma4:e4b-it-q8_0,12GB,128K,"Text, Image",9dcc35808b42,5 months ago,gemma\gemma4.csv,12.0
qwen2.5-coder:32b-instruct-q2_K,12GB,32K,Text,aeea77078359,1 year ago,qwen\qwen2.5-coder.csv,12.0
shieldgemma:27b-q3_K_S,12GB,8K,Text,feca6f60628a,1 year ago,gemma\shieldgemma.csv,12.0
qwen2.5-coder:32b-base-q2_K,12GB,32K,Text,683f75295796,1 year ago,qwen\qwen2.5-coder.csv,12.0
qwen2.5-coder:14b-base-q6_K,12GB,32K,Text,7170ab999364,1 year ago,qwen\qwen2.5-coder.csv,12.0
qwen2.5-coder:14b-instruct-q6_K,12GB,32K,Text,8c4e48ce02e2,1 year ago,qwen\qwen2.5-coder.csv,12.0
granite4:small-h-q2_K,12GB,1M,Text,1558b2e45448,11 months ago,ibm\granite4.csv,12.0
qwen2.5:14b-instruct-q6_K,12GB,32K,Text,4f6861a20c29,1 year ago,qwen\qwen2.5.csv,12.0
qwen:14b-text-v1.5-q6_K,12GB,32K,Text,d65ba73d052f,2 years ago,qwen\qwen.csv,12.0
granite4:small-h-base-q2_K,12GB,1M,Text,d6212aee2d2d,11 months ago,ibm\granite4.csv,12.0
qwen:14b-text-q6_K,12GB,8K,Text,e653065c8329,2 years ago,qwen\qwen.csv,12.0
granite3.2-guardian:5b-f16,12GB,128K,Text,714df1e41f47,1 year ago,ibm\granite3.2-guardian.csv,12.0
mistral-small:22b,13GB,128K,Text,d095cd553b04,1 year ago,mistral\mistral-small.csv,13.0
gemma3:12b-it-q8_0,13GB,128K,"Text, Image",997a7c2c0975,1 year ago,gemma\gemma3.csv,13.0
mistral-small:22b-instruct-2409-q4_K_M,13GB,128K,Text,9f552ae9b883,1 year ago,mistral\mistral-small.csv,13.0
gemma4:12b-mxfp8,MLX 13GB,256K,"Text, Image",de780b6b3434,1 week ago,gemma\gemma4.csv,13.0
gemma4:12b-it-q8_0,13GB,256K,"Text, Image",41c402fdddc2,3 months ago,gemma\gemma4.csv,13.0
gemma2:27b-text-q3_K_M,13GB,8K,Text,a0339d8fbaca,2 years ago,gemma\gemma2.csv,13.0
gemma2:27b-instruct-q3_K_M,13GB,8K,Text,6a5f9669ec46,2 years ago,gemma\gemma2.csv,13.0
granite4.0-preview:tiny-base-f16,13GB,1M,Text,0d859b55f32e,11 months ago,ibm\granite4.0-preview.csv,13.0
granite4.0-preview:tiny-instruct-f16,13GB,1M,Text,8a30cdadd87f,11 months ago,ibm\granite4.0-preview.csv,13.0
deepseek-coder:6.7b-instruct-fp16,13GB,16K,Text,5421a6319130,2 years ago,deepseek\deepseek-coder.csv,13.0
shieldgemma:27b-q3_K_M,13GB,8K,Text,d8f3e2e2f1b2,1 year ago,gemma\shieldgemma.csv,13.0
translategemma:12b-it-q8_0,13GB,128K,"Text, Image",48057379bc4d,7 months ago,gemma\translategemma.csv,13.0
llama2-uncensored:7b-chat-fp16,13GB,2K,Text,b29ffe78e250,2 years ago,llama\llama2-uncensored.csv,13.0
granite4.1:30b-q3_K_S,13GB,128K,Text,a5eeaa67e5fd,4 months ago,granite\granite4.1.csv,13.0
deepseek-coder:6.7b-base-fp16,13GB,16K,Text,bc2d4c7ea23e,2 years ago,deepseek\deepseek-coder.csv,13.0
llama2:7b-text-fp16,13GB,4K,Text,f69718db483a,2 years ago,llama\llama2.csv,13.0
llama2:7b-chat-fp16,13GB,4K,Text,50a12b7ddb9d,2 years ago,llama\llama2.csv,13.0
mistral-small:22b-instruct-2409-q4_0,13GB,128K,Text,d095cd553b04,1 year ago,mistral\mistral-small.csv,13.0
granite4.1:30b-q3_K_S,13GB,128K,Text,a5eeaa67e5fd,4 months ago,ibm\granite4.1.csv,13.0
mistral-nemo:12b-instruct-2407-q8_0,13GB,1000K,Text,e9b8ba00d2a1,1 year ago,mistral\mistral-nemo.csv,13.0
mistral-small:22b-instruct-2409-q4_K_S,13GB,128K,Text,9b3a8280f0c7,1 year ago,mistral\mistral-small.csv,13.0
granite4.2:30b-q3_K_S,13GB,128K,Text,8ff9887e6dcb,1 week ago,ibm\granite4.2.csv,13.0
granite4.2:30b-q3_K_S,13GB,128K,Text,6f2931d568a9,1 week ago,granite\granite4.2.csv,13.0
mistral-small:22b-instruct-2409-q4_1,14GB,128K,Text,565c78387545,1 year ago,mistral\mistral-small.csv,14.0
mistral-small:24b,14GB,32K,Text,8039dd90c113,1 year ago,mistral\mistral-small.csv,14.0
mathstral:7b-v0.1-fp16,14GB,32K,Text,ce1616d5e8c6,2 years ago,mistral\mathstral.csv,14.0
dolphin-mistral:7b-v2.8-fp16,14GB,32K,Text,1e979cf70c05,2 years ago,mistral\dolphin-mistral.csv,14.0
dolphin-mistral:7b-v2.2.1-fp16,14GB,32K,Text,49b48f849296,2 years ago,mistral\dolphin-mistral.csv,14.0
mistral-small:24b-instruct-2501-q4_K_M,14GB,32K,Text,8039dd90c113,1 year ago,mistral\mistral-small.csv,14.0
mistral-openorca:7b-fp16,14GB,32K,Text,c3544390282f,2 years ago,mistral\mistral-openorca.csv,14.0
dolphin-mistral:7b-v2.2-fp16,14GB,32K,Text,02a1321048d5,2 years ago,mistral\dolphin-mistral.csv,14.0
dolphin-mistral:7b-v2.1-fp16,14GB,32K,Text,8a7599e7afb6,2 years ago,mistral\dolphin-mistral.csv,14.0
dolphin-mistral:7b-v2-fp16,14GB,32K,Text,dbea1ee61c91,2 years ago,mistral\dolphin-mistral.csv,14.0
dolphin-mistral:7b-v2.6-fp16,14GB,32K,Text,ee8029835435,2 years ago,mistral\dolphin-mistral.csv,14.0
qwen:32b-chat-v1.5-q3_K_S,14GB,32K,Text,1d172657e5a4,2 years ago,qwen\qwen.csv,14.0
qwen:32b-text-v1.5-q3_K_S,14GB,32K,Text,1d103fa3fd6e,2 years ago,qwen\qwen.csv,14.0
mistral-small:latest,14GB,32K,Text,8039dd90c113,1 year ago,mistral\mistral-small.csv,14.0
dolphin-mistral:7b-v2.6-dpo-laser-fp16,14GB,32K,Text,ef5fb1b4eb40,2 years ago,mistral\dolphin-mistral.csv,14.0
qwen2.5:32b-instruct-q3_K_S,14GB,32K,Text,aefb7287ac72,1 year ago,qwen\qwen2.5.csv,14.0
deepseek-coder:33b-base-q2_K,14GB,16K,Text,c1a84861e5df,2 years ago,deepseek\deepseek-coder.csv,14.0
yarn-mistral:7b-128k-fp16,14GB,128K,Text,24fcccd3ec98,2 years ago,mistral\yarn-mistral.csv,14.0
granite4.1:30b-q3_K_M,14GB,128K,Text,234006e86874,4 months ago,ibm\granite4.1.csv,14.0
mistral:7b-instruct-v0.3-fp16,14GB,32K,Text,b7c44a30bb65,1 year ago,mistral\mistral.csv,14.0
llama2:13b-text-q8_0,14GB,4K,Text,604d6e23f647,2 years ago,llama\llama2.csv,14.0
qwen2.5-coder:32b-base-q3_K_S,14GB,32K,Text,6c379ab949e2,1 year ago,qwen\qwen2.5-coder.csv,14.0
granite4:tiny-h-base-f16,14GB,1M,Text,a5adccc06143,11 months ago,ibm\granite4.csv,14.0
llama2:13b-chat-q8_0,14GB,4K,Text,303a83449a06,2 years ago,llama\llama2.csv,14.0
granite4:tiny-h-f16,14GB,1M,Text,f9f934202f9d,11 months ago,ibm\granite4.csv,14.0
mistral:7b-text-fp16,14GB,32K,Text,0c3d49e38913,2 years ago,mistral\mistral.csv,14.0
deepseek-coder:33b-instruct-q3_K_S,14GB,16K,Text,a97a97b70cb4,2 years ago,deepseek\deepseek-coder.csv,14.0
granite4:small-h-base-q3_K_S,14GB,1M,Text,f7fa3743cd62,11 months ago,ibm\granite4.csv,14.0
granite4.2:30b-q3_K_M,14GB,128K,Text,ac6fd22e76bc,1 week ago,granite\granite4.2.csv,14.0
granite4.2:30b-q3_K_M,14GB,128K,Text,a079936d22cf,1 week ago,ibm\granite4.2.csv,14.0
mistral:7b-text-v0.2-fp16,14GB,16K,Text,06b91ca50a5e,2 years ago,mistral\mistral.csv,14.0
mistral:7b-instruct-v0.2-fp16,14GB,32K,Text,094d67ff087c,2 years ago,mistral\mistral.csv,14.0
mistral:7b-instruct-fp16,14GB,32K,Text,7334da3db4d2,2 years ago,mistral\mistral.csv,14.0
qwen2.5-coder:32b-instruct-q3_K_S,14GB,32K,Text,e0ccc6861bda,1 year ago,qwen\qwen2.5-coder.csv,14.0
gemma3n:e4b-it-fp16,14GB,32K,Text,153df1d47c19,1 year ago,gemma\gemma3n.csv,14.0
deepseek-coder:33b-base-q3_K_S,14GB,16K,Text,29b391c03801,2 years ago,deepseek\deepseek-coder.csv,14.0
granite4:small-h-q3_K_S,14GB,1M,Text,f428aca05795,11 months ago,ibm\granite4.csv,14.0
granite4.1:30b-q3_K_M,14GB,128K,Text,234006e86874,4 months ago,granite\granite4.1.csv,14.0
mistrallite:7b-v0.1-fp16,14GB,32K,Text,a6c59d49e2a9,2 years ago,mistral\mistrallite.csv,14.0
deepseek-coder:33b-instruct-q2_K,14GB,16K,Text,cb08fe026ad3,2 years ago,deepseek\deepseek-coder.csv,14.0
granite4.2:30b-q3_K_L,15GB,128K,Text,a6a02dcbb424,1 week ago,ibm\granite4.2.csv,15.0
granite4.2:30b-q3_K_L,15GB,128K,Text,77c0476600fd,1 week ago,granite\granite4.2.csv,15.0
qwen:7b-chat-fp16,15GB,32K,Text,496130f8bb9c,2 years ago,qwen\qwen.csv,15.0
shieldgemma:27b-q3_K_L,15GB,8K,Text,8f19ca45514c,1 year ago,gemma\shieldgemma.csv,15.0
mistral-small3.1:24b,15GB,128K,"Text, Image",b9aaf0c2586a,1 year ago,mistral\mistral-small3.1.csv,15.0
mistral-small3.1:24b-instruct-2503-q4_K_M,15GB,128K,"Text, Image",b9aaf0c2586a,1 year ago,mistral\mistral-small3.1.csv,15.0
granite4:small-h-q3_K_M,15GB,1M,Text,a0b78ad5e5dd,11 months ago,ibm\granite4.csv,15.0
granite4:small-h-base-q3_K_M,15GB,1M,Text,8dbfffc2b5ac,11 months ago,ibm\granite4.csv,15.0
granite4.1:30b-q3_K_L,15GB,128K,Text,7c55609a16c7,4 months ago,granite\granite4.1.csv,15.0
qwen:7b-chat-v1.5-fp16,15GB,32K,Text,39e2b1482d7d,2 years ago,qwen\qwen.csv,15.0
deepseek-r1:7b-qwen-distill-fp16,15GB,128K,Text,e18c08316744,1 year ago,deepseek\deepseek-r1.csv,15.0
qwen3-embedding:8b-fp16,15GB,40K,Text,aa924958585e,11 months ago,qwen\qwen3-embedding.csv,15.0
mistral-small3.2:24b,15GB,128K,"Text, Image",5a408ab55df5,1 year ago,mistral\mistral-small3.2.csv,15.0
qwen2.5-coder:7b-instruct-fp16,15GB,32K,Text,9bff1b5c46f8,1 year ago,qwen\qwen2.5-coder.csv,15.0
qwen2.5-coder:7b-base-fp16,15GB,32K,Text,f48b27b8de29,1 year ago,qwen\qwen2.5-coder.csv,15.0
phi3:14b-medium-128k-instruct-q8_0,15GB,4K,Text,f1d91573aa38,2 years ago,phi\phi3.csv,15.0
gemma2:27b-text-q3_K_L,15GB,8K,Text,141000b954c5,2 years ago,gemma\gemma2.csv,15.0
gemma2:27b-instruct-q3_K_L,15GB,8K,Text,b4373ced0518,2 years ago,gemma\gemma2.csv,15.0
qwen2:7b-instruct-fp16,15GB,32K,Text,5ad93c6749a1,1 year ago,qwen\qwen2.csv,15.0
ministral-3:14b-instruct-2512-q8_0,15GB,256K,"Text, Image",e189ca022343,8 months ago,mistral\ministral-3.csv,15.0
mistral-small3.2:24b-instruct-2506-q4_K_M,15GB,128K,"Text, Image",5a408ab55df5,1 year ago,mistral\mistral-small3.2.csv,15.0
mistral-small3.2:latest,15GB,128K,"Text, Image",5a408ab55df5,1 year ago,mistral\mistral-small3.2.csv,15.0
qwen:14b-chat-q8_0,15GB,8K,Text,66f562724bd2,2 years ago,qwen\qwen.csv,15.0
qwen2.5:7b-instruct-fp16,15GB,32K,Text,59805ce4a404,1 year ago,qwen\qwen2.5.csv,15.0
qwen:14b-text-v1.5-q8_0,15GB,32K,Text,5cc57127891d,2 years ago,qwen\qwen.csv,15.0
qwen:14b-text-q8_0,15GB,8K,Text,3c3330be50fe,2 years ago,qwen\qwen.csv,15.0
mistral-small3.1:latest,15GB,128K,"Text, Image",b9aaf0c2586a,1 year ago,mistral\mistral-small3.1.csv,15.0
mistral-small:22b-instruct-2409-q5_K_S,15GB,128K,Text,5b4d9855bfa5,1 year ago,mistral\mistral-small.csv,15.0
phi3:14b-medium-4k-instruct-q8_0,15GB,4K,Text,87e27f01007b,2 years ago,phi\phi3.csv,15.0
mistral-small:22b-instruct-2409-q5_0,15GB,128K,Text,04c315f44b8c,1 year ago,mistral\mistral-small.csv,15.0
qwen:7b-fp16,15GB,32K,Text,bdb4603ac3f3,2 years ago,qwen\qwen.csv,15.0
granite4.1:30b-q3_K_L,15GB,128K,Text,7c55609a16c7,4 months ago,ibm\granite4.1.csv,15.0
qwen:14b-chat-v1.5-q8_0,15GB,32K,Text,f1954a35f7ce,2 years ago,qwen\qwen.csv,15.0
qwen:7b-text-v1.5-fp16,15GB,32K,Text,ba1ea7856323,2 years ago,qwen\qwen.csv,15.0
gemma2:27b,16GB,8K,Text,53261bc9c192,2 years ago,gemma\gemma2.csv,16.0
llama3:8b-text-fp16,16GB,8K,Text,1a8e5e89d89c,2 years ago,llama\llama3.csv,16.0
gemma2:27b-text-q4_K_S,16GB,8K,Text,3943c447b4cb,2 years ago,gemma\gemma2.csv,16.0
gemma2:27b-text-q4_0,16GB,8K,Text,7fc57426afcc,2 years ago,gemma\gemma2.csv,16.0
gemma4:e4b-it-bf16,16GB,128K,"Text, Image",d0d10a1b1ddb,5 months ago,gemma\gemma4.csv,16.0
gemma4:26b-a4b-it-qat,16GB,256K,"Text, Image",2dd70431afed,3 months ago,gemma\gemma4.csv,16.0
gemma2:27b-instruct-q4_0,16GB,8K,Text,53261bc9c192,2 years ago,gemma\gemma2.csv,16.0
phi4:14b-q8_0,16GB,16K,Text,310d366232f4,1 year ago,phi\phi4.csv,16.0
qwen2.5-coder:32b-instruct-q3_K_M,16GB,32K,Text,df283619993d,1 year ago,qwen\qwen2.5-coder.csv,16.0
deepseek-coder:33b-base-q3_K_M,16GB,16K,Text,fdb6068cec14,2 years ago,deepseek\deepseek-coder.csv,16.0
granite3.3-guardian:8b-f16,16GB,128K,Text,10b731fe7089,1 year ago,ibm\granite3.3-guardian.csv,16.0
granite3.2:8b-instruct-f16,16GB,128K,Text,362c18dd345d,1 year ago,ibm\granite3.2.csv,16.0
granite3.1-guardian:8b-f16,16GB,128K,Text,9d6fcaba6e56,1 year ago,ibm\granite3.1-guardian.csv,16.0
granite4.1:30b-q4_K_S,16GB,128K,Text,1cab6c5d975d,4 months ago,granite\granite4.1.csv,16.0
llama3-gradient:8b-instruct-1048k-fp16,16GB,1M,Text,839e683046bb,2 years ago,llama\llama3-gradient.csv,16.0
llama3-groq-tool-use:8b-fp16,16GB,8K,Text,be9b2c0775a5,2 years ago,llama\llama3-groq-tool-use.csv,16.0
granite4.1:30b-q4_0,16GB,128K,Text,402200215ef1,4 months ago,granite\granite4.1.csv,16.0
granite3-guardian:8b-f16,16GB,8K,Text,5bc371d48bd0,1 year ago,ibm\granite3-guardian.csv,16.0
granite3.1-dense:8b-base-f16,16GB,128K,Text,14d165864875,1 year ago,ibm\granite3.1-dense.csv,16.0
granite3.1-dense:8b-instruct-f16,16GB,128K,Text,91a051c97553,1 year ago,ibm\granite3.1-dense.csv,16.0
granite3-dense:8b-instruct-f16,16GB,4K,Text,999165dc0ffa,1 year ago,ibm\granite3-dense.csv,16.0
granite3.2:8b-instruct-fp16,16GB,128K,Text,b9679f6ae759,1 year ago,granite\granite3.2.csv,16.0
granite3.1-dense:8b-instruct-fp16,16GB,128K,Text,51d4ae6e2b23,1 year ago,granite\granite3.1-dense.csv,16.0
granite4:small-h-q3_K_L,16GB,1M,Text,11708b1fdf68,11 months ago,ibm\granite4.csv,16.0
granite4:small-h-base-q3_K_L,16GB,1M,Text,9eb3a8a2ae60,11 months ago,ibm\granite4.csv,16.0
qwen2.5-coder:14b-base-q8_0,16GB,32K,Text,95f760beca2d,1 year ago,qwen\qwen2.5-coder.csv,16.0
shieldgemma:27b-q4_K_S,16GB,8K,Text,4eb28893980b,1 year ago,gemma\shieldgemma.csv,16.0
shieldgemma:27b-q4_0,16GB,8K,Text,dd3ba9bf896e,1 year ago,gemma\shieldgemma.csv,16.0
qwen2.5-coder:14b-instruct-q8_0,16GB,32K,Text,bd9a836c38a9,1 year ago,qwen\qwen2.5-coder.csv,16.0
qwen2.5-coder:32b-base-q3_K_M,16GB,32K,Text,b70130470871,1 year ago,qwen\qwen2.5-coder.csv,16.0
granite3-guardian:8b-fp16,16GB,8K,Text,d9ecead6310d,1 year ago,granite\granite3-guardian.csv,16.0
qwen3:14b-q8_0,16GB,40K,Text,304bf7349c71,1 year ago,qwen\qwen3.csv,16.0
qwen3:8b-fp16,16GB,40K,Text,0b358e6e9d8c,1 year ago,qwen\qwen3.csv,16.0
deepseek-coder:33b-instruct-q3_K_M,16GB,16K,Text,e31fcc644c53,2 years ago,deepseek\deepseek-coder.csv,16.0
deepseek-r1:14b-qwen-distill-q8_0,16GB,128K,Text,b3c61716272d,1 year ago,deepseek\deepseek-r1.csv,16.0
deepseek-r1:8b-0528-qwen3-fp16,16GB,128K,Text,a5f168330005,1 year ago,deepseek\deepseek-r1.csv,16.0
granite3-dense:8b-instruct-fp16,16GB,4K,Text,d3a4062e339e,1 year ago,granite\granite3-dense.csv,16.0
deepseek-r1:8b-llama-distill-fp16,16GB,128K,Text,859adef8321e,1 year ago,deepseek\deepseek-r1.csv,16.0
qwen3.5:27b-int4,16GB,256K,"Text, Image",06964f7d5387,5 months ago,qwen\qwen3.5.csv,16.0
llama3-chatqa:8b-v1.5-fp16,16GB,8K,Text,54f366e1115a,2 years ago,llama\llama3-chatqa.csv,16.0
llama3.1:8b-instruct-fp16,16GB,128K,Text,4aacac419454,1 year ago,llama\llama3.1.csv,16.0
llama3:8b-instruct-fp16,16GB,8K,Text,c666fe422df7,2 years ago,llama\llama3.csv,16.0
gemma4:e4b-mlx-bf16,MLX 16GB,128K,"Text, Image",b2987c709afc,2 months ago,gemma\gemma4.csv,16.0
gemma2:27b-instruct-q4_K_S,16GB,8K,Text,04e31e399ce4,2 years ago,gemma\gemma2.csv,16.0
llama3.1:8b-text-fp16,16GB,128K,Text,722fd1ff1fda,2 years ago,llama\llama3.1.csv,16.0
llama-guard3:8b-fp16,16GB,128K,Text,6945df9ed1fe,1 year ago,llama\llama-guard3.csv,16.0
granite3.3:8b-instruct-f16,16GB,128K,Text,398aee68c0f2,1 year ago,ibm\granite3.3.csv,16.0
mistral-small:22b-instruct-2409-q5_K_M,16GB,128K,Text,eec48ef9afdc,1 year ago,mistral\mistral-small.csv,16.0
qwen:32b-text-v1.5-q3_K_M,16GB,32K,Text,24ea7d162ce2,2 years ago,qwen\qwen.csv,16.0
granite4.1:30b-q4_0,16GB,128K,Text,402200215ef1,4 months ago,ibm\granite4.1.csv,16.0
granite4.1:30b-q4_K_S,16GB,128K,Text,1cab6c5d975d,4 months ago,ibm\granite4.1.csv,16.0
granite3.3:8b-base-f16,16GB,128K,Text,620af1bee0e8,1 year ago,ibm\granite3.3.csv,16.0
qwen2.5:32b-instruct-q3_K_M,16GB,32K,Text,44bd723cfd42,1 year ago,qwen\qwen2.5.csv,16.0
qwen2.5:14b-instruct-q8_0,16GB,32K,Text,985c5f25dfe9,1 year ago,qwen\qwen2.5.csv,16.0
qwen:32b-chat-v1.5-q3_K_M,16GB,32K,Text,ecaa1f67c173,2 years ago,qwen\qwen.csv,16.0
gemma:7b-text-fp16,16GB,8K,Text,1f1e9df10872,2 years ago,gemma\gemma.csv,16.0
granite4.1:30b,17GB,128K,Text,3f3e5df8a021,4 months ago,ibm\granite4.1.csv,17.0
qwen:32b-chat-v1.5-q3_K_L,17GB,32K,Text,d3bd7dde094e,2 years ago,qwen\qwen.csv,17.0
mistral-small:22b-instruct-2409-q5_1,17GB,128K,Text,5bd49ef5756a,1 year ago,mistral\mistral-small.csv,17.0
gemma:7b-instruct-v1.1-fp16,17GB,8K,Text,056b9586873a,2 years ago,gemma\gemma.csv,17.0
granite4.1:30b-q4_K_M,17GB,128K,Text,3f3e5df8a021,4 months ago,ibm\granite4.1.csv,17.0
qwen2.5:32b-instruct-q3_K_L,17GB,32K,Text,83db34c608fc,1 year ago,qwen\qwen2.5.csv,17.0
granite4.1-guardian:8b-bf16,17GB,128K,Text,554b81f96395,2 months ago,ibm\granite4.1-guardian.csv,17.0
qwen2.5vl:7b-fp16,17GB,125K,"Text, Image",db03e34551a0,1 year ago,qwen\qwen2.5vl.csv,17.0
qwen:32b-text-v1.5-q3_K_L,17GB,32K,Text,1a047023c341,2 years ago,qwen\qwen.csv,17.0
gemma2:27b-text-q4_1,17GB,8K,Text,e478a638db41,2 years ago,gemma\gemma2.csv,17.0
gemma2:27b-text-q4_K_M,17GB,8K,Text,1cab10d40d57,2 years ago,gemma\gemma2.csv,17.0
gemma2:27b-instruct-q4_K_M,17GB,8K,Text,cfd95e5696e9,2 years ago,gemma\gemma2.csv,17.0
codegemma:7b-code-fp16,17GB,8K,Text,,,gemma\codegemma.csv,17.0
medgemma:27b,17GB,128K,"Text, Image",58238ae38f99,4 months ago,gemma\medgemma.csv,17.0
qwen2.5-coder:32b-base-q3_K_L,17GB,32K,Text,c141ac6ccade,1 year ago,qwen\qwen2.5-coder.csv,17.0
qwen3.5:27b,17GB,256K,"Text, Image",7653528ba5cb,6 months ago,qwen\qwen3.5.csv,17.0
qwen2.5-coder:32b-instruct-q3_K_L,17GB,32K,Text,bf022e722063,1 year ago,qwen\qwen2.5-coder.csv,17.0
codegemma:7b-instruct-fp16,17GB,8K,Text,,,gemma\codegemma.csv,17.0
mixtral:8x7b-text-v0.1-q2_K,17GB,32K,Text,279c2f61bb77,1 year ago,mistral\mixtral.csv,17.0
gemma:7b-instruct-fp16,17GB,8K,Text,f689ad351c8d,2 years ago,gemma\gemma.csv,17.0
granite4.2:30b-q4_0,17GB,128K,Text,fb6d0a428d28,1 week ago,ibm\granite4.2.csv,17.0
mixtral:8x7b-instruct-v0.1-q2_K,17GB,32K,Text,b5f8be13d719,1 year ago,mistral\mixtral.csv,17.0
granite4.2:30b-q4_K_S,17GB,128K,Text,ae6b4069c9d1,1 week ago,ibm\granite4.2.csv,17.0
codegemma:7b-instruct-v1.1-fp16,17GB,8K,Text,,,gemma\codegemma.csv,17.0
granite4.2:30b-q4_K_S,17GB,128K,Text,abcb112a7a95,1 week ago,granite\granite4.2.csv,17.0
granite4.1:30b-q4_K_M,17GB,128K,Text,3f3e5df8a021,4 months ago,granite\granite4.1.csv,17.0
translategemma:27b,17GB,128K,"Text, Image",21b597a243ec,7 months ago,gemma\translategemma.csv,17.0
medgemma:27b-it-q4_K_M,17GB,128K,"Text, Image",58238ae38f99,4 months ago,gemma\medgemma.csv,17.0
translategemma:27b-it-q4_K_M,17GB,128K,"Text, Image",21b597a243ec,7 months ago,gemma\translategemma.csv,17.0
shieldgemma:27b-q4_K_M,17GB,8K,Text,a5d7e17031b4,1 year ago,gemma\shieldgemma.csv,17.0
shieldgemma:27b-q4_1,17GB,8K,Text,86baf7b8d77e,1 year ago,gemma\shieldgemma.csv,17.0
llama-pro:8b-instruct-fp16,17GB,4K,Text,,,llama\llama-pro.csv,17.0
shieldgemma:27b,17GB,8K,Text,a5d7e17031b4,1 year ago,gemma\shieldgemma.csv,17.0
gemma2:27b-instruct-q4_1,17GB,8K,Text,00571b7df00d,2 years ago,gemma\gemma2.csv,17.0
phi4-reasoning:14b-q8_0,17GB,32K,Text,30b78bf47222,1 year ago,phi\phi4-reasoning.csv,17.0
gemma3:27b-it-q4_K_M,17GB,128K,"Text, Image",a418f5838eaf,1 year ago,gemma\gemma3.csv,17.0
gemma3:27b,17GB,128K,"Text, Image",a418f5838eaf,1 year ago,gemma\gemma3.csv,17.0
phi4-reasoning:14b-plus-q8_0,17GB,32K,Text,ecd8f64ff877,1 year ago,phi\phi4-reasoning.csv,17.0
granite4.1:30b,17GB,128K,Text,3f3e5df8a021,4 months ago,granite\granite4.1.csv,17.0
granite4.2:30b-q4_0,17GB,128K,Text,edbb1b038ac2,1 week ago,granite\granite4.2.csv,17.0
llama-pro:8b-text-fp16,17GB,4K,Text,,,llama\llama-pro.csv,17.0
qwen3.5:27b-q4_K_M,17GB,256K,"Text, Image",7653528ba5cb,6 months ago,qwen\qwen3.5.csv,17.0
granite4.1:30b-q4_1,18GB,128K,Text,8f3b74ec031d,4 months ago,ibm\granite4.1.csv,18.0
qwen:32b-chat,18GB,32K,Text,26e7e8447f5d,2 years ago,qwen\qwen.csv,18.0
qwen:32b-text-v1.5-q4_0,18GB,32K,Text,e0618f6f0310,2 years ago,qwen\qwen.csv,18.0
qwen:32b-text,18GB,32K,Text,e0618f6f0310,2 years ago,qwen\qwen.csv,18.0
qwen:32b-chat-v1.5-q4_0,18GB,32K,Text,26e7e8447f5d,2 years ago,qwen\qwen.csv,18.0
mistral-small:22b-instruct-2409-q6_K,18GB,128K,Text,5113380707de,1 year ago,mistral\mistral-small.csv,18.0
gemma2:9b-instruct-fp16,18GB,8K,Text,28e6684b0850,2 years ago,gemma\gemma2.csv,18.0
shieldgemma:9b-fp16,18GB,8K,Text,5ad5e824db94,1 year ago,gemma\shieldgemma.csv,18.0
gemma4:26b-nvfp4,MLX 18GB,256K,"Text, Image",f0fc7e0ae494,1 week ago,gemma\gemma4.csv,18.0
gemma4:26b-mlx,MLX 18GB,256K,"Text, Image",f0fc7e0ae494,1 week ago,gemma\gemma4.csv,18.0
gemma4:26b-a4b-it-q4_K_M,18GB,256K,"Text, Image",5571076f3d70,5 months ago,gemma\gemma4.csv,18.0
gemma2:9b-text-fp16,18GB,8K,Text,71ccbb94da28,2 years ago,gemma\gemma2.csv,18.0
qwen:32b,18GB,32K,Text,26e7e8447f5d,2 years ago,qwen\qwen.csv,18.0
ministral-3:8b-instruct-2512-fp16,18GB,256K,"Text, Image",1db367e98f75,8 months ago,mistral\ministral-3.csv,18.0
gemma3:27b-it-qat,18GB,128K,"Text, Image",29eb0b9aeda3,1 year ago,gemma\gemma3.csv,18.0
granite4.2:30b,18GB,128K,Text,e65d8fa47f66,1 week ago,ibm\granite4.2.csv,18.0
granite4:small-h-base-q4_0,18GB,1M,Text,7e5374dd4904,11 months ago,ibm\granite4.csv,18.0
granite4:small-h-base-q4_K_S,18GB,1M,Text,040ef08c1728,11 months ago,ibm\granite4.csv,18.0
granite4:small-h-q4_0,18GB,1M,Text,62756ecfce65,11 months ago,ibm\granite4.csv,18.0
deepseek-coder:33b-instruct-q3_K_L,18GB,16K,Text,070ae915fa23,2 years ago,deepseek\deepseek-coder.csv,18.0
qwen3-vl:8b-thinking-bf16,18GB,256K,"Text, Image",a86052dd9262,10 months ago,qwen\qwen3-vl.csv,18.0
qwen3-vl:8b-instruct-bf16,18GB,256K,"Text, Image",55aa31bad4e2,10 months ago,qwen\qwen3-vl.csv,18.0
granite4:small-h-q4_K_S,18GB,1M,Text,3770436246eb,11 months ago,ibm\granite4.csv,18.0
granite4.2:30b-q4_K_M,18GB,128K,Text,be22829aa92a,1 week ago,granite\granite4.2.csv,18.0
granite4.2:30b-q4_1,18GB,128K,Text,9a78f0c510d7,1 week ago,granite\granite4.2.csv,18.0
granite4.1:8b-bf16,18GB,128K,Text,ff2ca5247c31,3 months ago,granite\granite4.1.csv,18.0
deepseek-coder:33b-base-q3_K_L,18GB,16K,Text,e47bf0616d0d,2 years ago,deepseek\deepseek-coder.csv,18.0
granite4.1:30b-q4_1,18GB,128K,Text,8f3b74ec031d,4 months ago,granite\granite4.1.csv,18.0
granite4.2:30b,18GB,128K,Text,be22829aa92a,1 week ago,granite\granite4.2.csv,18.0
granite4.2:8b-bf16,18GB,128K,Text,6ec214bd57a2,1 week ago,granite\granite4.2.csv,18.0
granite4.1:8b-bf16,18GB,128K,Text,ff2ca5247c31,3 months ago,ibm\granite4.1.csv,18.0
granite4.2:30b-q4_1,18GB,128K,Text,54e923a9e02a,1 week ago,ibm\granite4.2.csv,18.0
granite4.2:30b-q4_K_M,18GB,128K,Text,e65d8fa47f66,1 week ago,ibm\granite4.2.csv,18.0
granite4.2:8b-bf16,18GB,128K,Text,8970bb7fa6bb,1 week ago,ibm\granite4.2.csv,18.0
deepseek-coder:33b-base,19GB,16K,Text,ca50732c8ee1,2 years ago,deepseek\deepseek-coder.csv,19.0
deepseek-coder:33b-base-q4_0,19GB,16K,Text,ca50732c8ee1,2 years ago,deepseek\deepseek-coder.csv,19.0
qwen3:30b-thinking,19GB,256K,Text,ad815644918f,11 months ago,qwen\qwen3.csv,19.0
qwen3:30b-instruct,19GB,256K,Text,19e422b02313,11 months ago,qwen\qwen3.csv,19.0
deepseek-coder:33b,19GB,16K,Text,acec7c0b0fd9,2 years ago,deepseek\deepseek-coder.csv,19.0
gemma2:27b-instruct-q5_0,19GB,8K,Text,9a3c9159e872,2 years ago,gemma\gemma2.csv,19.0
deepseek-coder:33b-instruct-q4_K_S,19GB,16K,Text,8f5d0f5ef4e5,2 years ago,deepseek\deepseek-coder.csv,19.0
gemma4:26b,19GB,256K,"Text, Image",08ae7ec1744b,1 week ago,gemma\gemma4.csv,19.0
gemma2:27b-text-q5_K_M,19GB,8K,Text,bd157e89aea0,2 years ago,gemma\gemma2.csv,19.0
gemma2:27b-text-q5_K_S,19GB,8K,Text,3cdf7604434b,2 years ago,gemma\gemma2.csv,19.0
gemma2:27b-text-q5_0,19GB,8K,Text,b14cd86ea97e,2 years ago,gemma\gemma2.csv,19.0
gemma2:27b-instruct-q5_K_M,19GB,8K,Text,fc62fd7d70c9,2 years ago,gemma\gemma2.csv,19.0
gemma2:27b-instruct-q5_K_S,19GB,8K,Text,44414d6eeb99,2 years ago,gemma\gemma2.csv,19.0
shieldgemma:27b-q5_K_M,19GB,8K,Text,18593abe595e,1 year ago,gemma\shieldgemma.csv,19.0
shieldgemma:27b-q5_K_S,19GB,8K,Text,751794b36b4c,1 year ago,gemma\shieldgemma.csv,19.0
shieldgemma:27b-q5_0,19GB,8K,Text,b260777de17e,1 year ago,gemma\shieldgemma.csv,19.0
gemma4:31b-nvfp4,MLX 19GB,256K,"Text, Image",a22a363052da,1 week ago,gemma\gemma4.csv,19.0
gemma4:31b-mlx,MLX 19GB,256K,"Text, Image",a22a363052da,1 week ago,gemma\gemma4.csv,19.0
gemma4:31b-it-qat,19GB,256K,"Text, Image",e0812a55773b,3 months ago,gemma\gemma4.csv,19.0
gemma4:26b-a4b-it-mtp-q4_K_M,19GB,256K,"Text, Image",08ae7ec1744b,1 week ago,gemma\gemma4.csv,19.0
granite4:small-h-q4_K_M,19GB,1M,Text,2f8a7367d441,11 months ago,ibm\granite4.csv,19.0
granite4:small-h-base-q4_K_M,19GB,1M,Text,895f7a9fe3fd,11 months ago,ibm\granite4.csv,19.0
granite4:small-h,19GB,1M,Text,2f8a7367d441,11 months ago,ibm\granite4.csv,19.0
granite4:32b-a9b-h,19GB,1M,Text,2f8a7367d441,10 months ago,ibm\granite4.csv,19.0
qwen2.5:32b-instruct-q4_K_S,19GB,32K,Text,0ef28b3b6dba,1 year ago,qwen\qwen2.5.csv,19.0
qwen2.5:32b-instruct-q4_0,19GB,32K,Text,0508d3b6da02,1 year ago,qwen\qwen2.5.csv,19.0
qwen3:30b,19GB,256K,Text,ad815644918f,10 months ago,qwen\qwen3.csv,19.0
qwen2.5-coder:32b-base-q4_0,19GB,32K,Text,94dd845c2f84,1 year ago,qwen\qwen2.5-coder.csv,19.0
qwen3.5:9b-bf16,19GB,256K,"Text, Image",df2b035304ec,5 months ago,qwen\qwen3.5.csv,19.0
qwen3.5:9b-mlx-bf16,MLX 19GB,256K,"Text, Image",1adfd61eea4f,5 months ago,qwen\qwen3.5.csv,19.0
qwen2.5-coder:32b-instruct-q4_K_S,19GB,32K,Text,372b04be0b1a,1 year ago,qwen\qwen2.5-coder.csv,19.0
qwen2.5-coder:32b-instruct-q4_0,19GB,32K,Text,5d9fe09996e7,1 year ago,qwen\qwen2.5-coder.csv,19.0
qwen2.5-coder:32b-base-q4_K_S,19GB,32K,Text,0de3f2ef4e30,1 year ago,qwen\qwen2.5-coder.csv,19.0
qwen3-coder:latest,19GB,256K,Text,06c1097efce0,11 months ago,qwen\qwen3-coder.csv,19.0
qwen3-coder:30b-a3b-q4_K_M,19GB,256K,Text,06c1097efce0,11 months ago,qwen\qwen3-coder.csv,19.0
qwen3-coder:30b,19GB,256K,Text,06c1097efce0,11 months ago,qwen\qwen3-coder.csv,19.0
qwen:32b-text-v1.5-q4_K_S,19GB,32K,Text,b68f170dbfd9,2 years ago,qwen\qwen.csv,19.0
qwen:32b-chat-v1.5-q4_K_S,19GB,32K,Text,4016dd0cf4e1,2 years ago,qwen\qwen.csv,19.0
deepseek-coder:33b-base-q4_K_S,19GB,16K,Text,012e92746442,2 years ago,deepseek\deepseek-coder.csv,19.0
qwen3:30b-a3b-thinking-2507-q4_K_M,19GB,256K,Text,ad815644918f,11 months ago,qwen\qwen3.csv,19.0
qwen3:30b-a3b-q4_K_M,19GB,40K,Text,0b28110b7a33,1 year ago,qwen\qwen3.csv,19.0
qwen3:30b-a3b-instruct-2507-q4_K_M,19GB,256K,Text,19e422b02313,11 months ago,qwen\qwen3.csv,19.0
qwen3:30b-a3b,19GB,256K,Text,ad815644918f,10 months ago,qwen\qwen3.csv,19.0
deepseek-coder:33b-instruct-q4_0,19GB,16K,Text,acec7c0b0fd9,2 years ago,deepseek\deepseek-coder.csv,19.0
deepseek-coder:33b-instruct,19GB,16K,Text,acec7c0b0fd9,2 years ago,deepseek\deepseek-coder.csv,19.0
deepseek-coder:33b-base-q4_K_M,20GB,16K,Text,a205c1c80cf6,2 years ago,deepseek\deepseek-coder.csv,20.0
qwen3:32b-q4_K_M,20GB,40K,Text,030ee887880f,1 year ago,qwen\qwen3.csv,20.0
qwen:32b-chat-v1.5-q4_K_M,20GB,32K,Text,7975942ff0b1,2 years ago,qwen\qwen.csv,20.0
deepseek-coder:33b-instruct-q4_K_M,20GB,16K,Text,92b0c569c0df,2 years ago,deepseek\deepseek-coder.csv,20.0
qwen:32b-text-v1.5-q4_1,20GB,32K,Text,cefaaea22fea,2 years ago,qwen\qwen.csv,20.0
mixtral:8x7b-instruct-v0.1-q3_K_S,20GB,32K,Text,8214ed645fc2,1 year ago,mistral\mixtral.csv,20.0
deepseek-r1:32b-qwen-distill-q4_K_M,20GB,128K,Text,edba8017331d,1 year ago,deepseek\deepseek-r1.csv,20.0
deepseek-r1:32b,20GB,128K,Text,edba8017331d,1 year ago,deepseek\deepseek-r1.csv,20.0
granite4.1:30b-q5_0,20GB,128K,Text,9b8dca9cb9cb,4 months ago,ibm\granite4.1.csv,20.0
qwen2.5-coder:32b-instruct-q4_K_M,20GB,32K,Text,b92d6a0bd47e,1 year ago,qwen\qwen2.5-coder.csv,20.0
qwen2.5-coder:32b-instruct,20GB,32K,Text,b92d6a0bd47e,1 year ago,qwen\qwen2.5-coder.csv,20.0
gemma4:31b,20GB,256K,"Text, Image",6316f0629137,5 months ago,gemma\gemma4.csv,20.0
qwen3-vl:30b-a3b,20GB,256K,"Text, Image",eda0be100877,10 months ago,qwen\qwen3-vl.csv,20.0
qwen3-vl:30b-a3b-instruct,20GB,256K,"Text, Image",c871fc73fabc,10 months ago,qwen\qwen3-vl.csv,20.0
gemma4:31b-it-q4_K_M,20GB,256K,"Text, Image",6316f0629137,5 months ago,gemma\gemma4.csv,20.0
qwen2.5:32b-instruct-q4_K_M,20GB,32K,Text,9f13ba1299af,1 year ago,qwen\qwen2.5.csv,20.0
granite4.2:30b-q5_0,20GB,128K,Text,b8023e8136fb,1 week ago,granite\granite4.2.csv,20.0
qwen2.5:32b,20GB,32K,Text,9f13ba1299af,1 year ago,qwen\qwen2.5.csv,20.0
qwen3-vl:30b,20GB,256K,"Text, Image",eda0be100877,10 months ago,qwen\qwen3-vl.csv,20.0
granite4.1:30b-q5_0,20GB,128K,Text,9b8dca9cb9cb,4 months ago,granite\granite4.1.csv,20.0
granite4.1:30b-q5_K_S,20GB,128K,Text,f1fba10b6ca9,4 months ago,granite\granite4.1.csv,20.0
granite4.1:30b-q5_K_M,20GB,128K,Text,454ddb5316f7,4 months ago,granite\granite4.1.csv,20.0
granite4.2:30b-q5_K_S,20GB,128K,Text,e7b6b56ce25c,1 week ago,granite\granite4.2.csv,20.0
granite4:small-h-q4_1,20GB,1M,Text,28a5cfc16675,11 months ago,ibm\granite4.csv,20.0
qwen3.5:35b-a3b-int4,20GB,256K,"Text, Image",39a73d8a124d,5 months ago,qwen\qwen3.5.csv,20.0
qwen3.5:27b-coding-nvfp4,MLX 20GB,256K,"Text, Image",d57ac1bd5340,5 months ago,qwen\qwen3.5.csv,20.0
qwen2.5-coder:32b,20GB,32K,Text,b92d6a0bd47e,1 year ago,qwen\qwen2.5-coder.csv,20.0
qwen2.5-coder:32b-base-q4_K_M,20GB,32K,Text,9218192e3d91,1 year ago,qwen\qwen2.5-coder.csv,20.0
qwen3-vl:30b-a3b-thinking,20GB,256K,"Text, Image",eda0be100877,10 months ago,qwen\qwen3-vl.csv,20.0
qwen3-vl:30b-a3b-thinking-q4_K_M,20GB,256K,"Text, Image",eda0be100877,10 months ago,qwen\qwen3-vl.csv,20.0
qwen2.5-coder:32b-base,20GB,32K,Text,9218192e3d91,1 year ago,qwen\qwen2.5-coder.csv,20.0
qwen3-vl:30b-a3b-instruct-q4_K_M,20GB,256K,"Text, Image",c871fc73fabc,10 months ago,qwen\qwen3-vl.csv,20.0
qwen3.5:27b-mlx,MLX 20GB,256K,"Text, Image",41eb9db48b39,3 months ago,qwen\qwen3.5.csv,20.0
qwen3.5:27b-nvfp4,MLX 20GB,256K,"Text, Image",41eb9db48b39,5 months ago,qwen\qwen3.5.csv,20.0
granite4.1:30b-q5_K_S,20GB,128K,Text,f1fba10b6ca9,4 months ago,ibm\granite4.1.csv,20.0
granite4.2:30b-q5_0,20GB,128K,Text,ad2644f802b6,1 week ago,ibm\granite4.2.csv,20.0
granite4.2:30b-q5_K_S,20GB,128K,Text,bf40df3173b0,1 week ago,ibm\granite4.2.csv,20.0
granite4:small-h-base-q4_1,20GB,1M,Text,f3335dce203f,11 months ago,ibm\granite4.csv,20.0
qwen3:32b,20GB,40K,Text,030ee887880f,1 year ago,qwen\qwen3.csv,20.0
qwen2.5:32b-instruct,20GB,32K,Text,9f13ba1299af,1 year ago,qwen\qwen2.5.csv,20.0
qwen:32b-chat-v1.5-q4_1,20GB,32K,Text,7fe1bf3d215e,2 years ago,qwen\qwen.csv,20.0
mixtral:8x7b-text-v0.1-q3_K_S,20GB,32K,Text,b8bdfbd641af,1 year ago,mistral\mixtral.csv,20.0
qwen3-vl:32b-instruct,21GB,256K,"Text, Image",c9a60b1a1a13,10 months ago,qwen\qwen3-vl.csv,21.0
qwen2.5:32b-instruct-q4_1,21GB,32K,Text,c35507089a57,1 year ago,qwen\qwen2.5.csv,21.0
qwen2.5-coder:32b-instruct-q4_1,21GB,32K,Text,373036e3b706,1 year ago,qwen\qwen2.5-coder.csv,21.0
granite4.2:30b-q5_K_M,21GB,128K,Text,eac89cee49da,1 week ago,ibm\granite4.2.csv,21.0
qwen2.5-coder:32b-base-q4_1,21GB,32K,Text,55acce9dfb07,1 year ago,qwen\qwen2.5-coder.csv,21.0
deepseek-coder:33b-base-q4_1,21GB,16K,Text,d09dd3fe1448,2 years ago,deepseek\deepseek-coder.csv,21.0
qwen2.5vl:32b,21GB,125K,"Text, Image",3edc3a52fe98,1 year ago,qwen\qwen2.5vl.csv,21.0
gemma2:27b-instruct-q5_1,21GB,8K,Text,2945f01919f8,2 years ago,gemma\gemma2.csv,21.0
gemma2:27b-text-q5_1,21GB,8K,Text,43e7a8f2c64b,2 years ago,gemma\gemma2.csv,21.0
qwen3-vl:32b-thinking,21GB,256K,"Text, Image",ff2e46876908,10 months ago,qwen\qwen3-vl.csv,21.0
granite4.2:30b-q5_K_M,21GB,128K,Text,c9ca8a38ab2a,1 week ago,granite\granite4.2.csv,21.0
qwen3-vl:32b,21GB,256K,"Text, Image",ff2e46876908,10 months ago,qwen\qwen3-vl.csv,21.0
qwen3-vl:32b-thinking-q4_K_M,21GB,256K,"Text, Image",ff2e46876908,10 months ago,qwen\qwen3-vl.csv,21.0
llama3.2-vision:11b-instruct-fp16,21GB,128K,"Text, Image",24c59ad3b10a,1 year ago,llama\llama3.2-vision.csv,21.0
deepseek-coder:33b-instruct-q4_1,21GB,16K,Text,d59c6d5d79ac,2 years ago,deepseek\deepseek-coder.csv,21.0
qwen2.5vl:32b-q4_K_M,21GB,125K,"Text, Image",3edc3a52fe98,1 year ago,qwen\qwen2.5vl.csv,21.0
qwen3-vl:32b-instruct-q4_K_M,21GB,256K,"Text, Image",c9a60b1a1a13,10 months ago,qwen\qwen3-vl.csv,21.0
shieldgemma:27b-q5_1,21GB,8K,Text,61a1eaeb05ad,1 year ago,gemma\shieldgemma.csv,21.0
gemma2:27b-text-q6_K,22GB,8K,Text,c0d8f9013cd0,2 years ago,gemma\gemma2.csv,22.0
granite4.1:30b-q5_1,22GB,128K,Text,23203614f0e9,4 months ago,granite\granite4.1.csv,22.0
gemma2:27b-instruct-q6_K,22GB,8K,Text,42dd7dda6a9b,2 years ago,gemma\gemma2.csv,22.0
granite4.2:30b-q5_1,22GB,128K,Text,2576fe18aa53,1 week ago,granite\granite4.2.csv,22.0
qwen3.5:35b-a3b-coding-nvfp4,MLX 22GB,256K,"Text, Image",6e73b30f8f1c,5 months ago,qwen\qwen3.5.csv,22.0
qwen3.5:35b-a3b-nvfp4,MLX 22GB,256K,"Text, Image",fb2d58ab6d45,5 months ago,qwen\qwen3.5.csv,22.0
granite4.2:30b-q5_1,22GB,128K,Text,4718b9da0c87,1 week ago,ibm\granite4.2.csv,22.0
granite4.1:30b-q5_1,22GB,128K,Text,23203614f0e9,4 months ago,ibm\granite4.1.csv,22.0
qwen3.5:35b-mlx,MLX 22GB,256K,"Text, Image",fb2d58ab6d45,3 months ago,qwen\qwen3.5.csv,22.0
granite4:small-h-base-q5_K_S,22GB,1M,Text,fb01c50cb74d,11 months ago,ibm\granite4.csv,22.0
granite4:small-h-base-q5_0,22GB,1M,Text,387f639ef56b,11 months ago,ibm\granite4.csv,22.0
shieldgemma:27b-q6_K,22GB,8K,Text,a2c181c9fa6a,1 year ago,gemma\shieldgemma.csv,22.0
qwen:32b-chat-v1.5-q5_K_S,22GB,32K,Text,e67b35358286,2 years ago,qwen\qwen.csv,22.0
qwen:32b-chat-v1.5-q5_0,22GB,32K,Text,828e952fda6b,2 years ago,qwen\qwen.csv,22.0
qwen:32b-text-v1.5-q5_0,22GB,32K,Text,8ab0ebc4b274,2 years ago,qwen\qwen.csv,22.0
granite4:small-h-q5_0,22GB,1M,Text,6156f8ea5aa0,11 months ago,ibm\granite4.csv,22.0
granite4:small-h-q5_K_S,22GB,1M,Text,0505c387f882,11 months ago,ibm\granite4.csv,22.0
deepseek-coder:33b-instruct-q5_K_S,23GB,16K,Text,f1d23826a886,2 years ago,deepseek\deepseek-coder.csv,23.0
qwen:32b-chat-v1.5-q5_K_M,23GB,32K,Text,380f376a451a,2 years ago,qwen\qwen.csv,23.0
qwen2.5:32b-instruct-q5_K_S,23GB,32K,Text,3cb439a8d19b,1 year ago,qwen\qwen2.5.csv,23.0
qwen2.5:32b-instruct-q5_K_M,23GB,32K,Text,b0936ea364bf,1 year ago,qwen\qwen2.5.csv,23.0
mixtral:8x7b-instruct-v0.1-q3_K_M,23GB,32K,Text,0f4e85e45e0c,1 year ago,mistral\mixtral.csv,23.0
qwen2.5-coder:32b-instruct-q5_K_S,23GB,32K,Text,d843ee55c762,1 year ago,qwen\qwen2.5-coder.csv,23.0
qwen2.5-coder:32b-base-q5_0,23GB,32K,Text,ef595b15da0e,1 year ago,qwen\qwen2.5-coder.csv,23.0
qwen2.5-coder:32b-base-q5_K_M,23GB,32K,Text,8a30437e1e25,1 year ago,qwen\qwen2.5-coder.csv,23.0
qwen2.5-coder:32b-instruct-q5_0,23GB,32K,Text,6648fbbcab73,1 year ago,qwen\qwen2.5-coder.csv,23.0
qwen2.5-coder:32b-base-q5_K_S,23GB,32K,Text,a438a70c2b5e,1 year ago,qwen\qwen2.5-coder.csv,23.0
qwen2.5-coder:32b-instruct-q5_K_M,23GB,32K,Text,72881160103b,1 year ago,qwen\qwen2.5-coder.csv,23.0
nemotron-3.5-lightning:30b-a3b-nvfp4,MLX 23GB,256K,Text,8b1474be6e54,3 weeks ago,nemotron\nemotron-3.5-lightning.csv,23.0
nemotron-3.5-lightning:30b-a3b-mlx,MLX 23GB,256K,Text,8b1474be6e54,3 weeks ago,nemotron\nemotron-3.5-lightning.csv,23.0
mixtral:8x7b-text-v0.1-q3_K_M,23GB,32K,Text,2ec7294409e7,1 year ago,mistral\mixtral.csv,23.0
nemotron-3.5-lightning:30b-mlx,MLX 23GB,256K,Text,8b1474be6e54,3 weeks ago,nemotron\nemotron-3.5-lightning.csv,23.0
granite4:small-h-base-q5_K_M,23GB,1M,Text,7f6706d40bda,11 months ago,ibm\granite4.csv,23.0
granite4:small-h-q5_K_M,23GB,1M,Text,16ad5fe6694f,11 months ago,ibm\granite4.csv,23.0
deepseek-coder:33b-instruct-q5_0,23GB,16K,Text,c41da1e19678,2 years ago,deepseek\deepseek-coder.csv,23.0
deepseek-coder:33b-base-q5_K_S,23GB,16K,Text,b9fef6f330c5,2 years ago,deepseek\deepseek-coder.csv,23.0
deepseek-coder:33b-base-q5_0,23GB,16K,Text,a6c33a2e9332,2 years ago,deepseek\deepseek-coder.csv,23.0
qwen2.5:32b-instruct-q5_0,23GB,32K,Text,af981f1d421b,1 year ago,qwen\qwen2.5.csv,23.0
nemotron-cascade-2:30b-a3b-q4_K_M,24GB,256K,Text,e0705e3fe8f7,5 months ago,nemotron\nemotron-cascade-2.csv,24.0
nemotron-cascade-2:30b,24GB,256K,Text,e0705e3fe8f7,5 months ago,nemotron\nemotron-cascade-2.csv,24.0
qwen3.5:35b,24GB,256K,"Text, Image",3460ffeede54,6 months ago,qwen\qwen3.5.csv,24.0
granite4:small-h-q5_1,24GB,1M,Text,d69fbb69df12,11 months ago,ibm\granite4.csv,24.0
granite4:small-h-base-q5_1,24GB,1M,Text,3b0094a43198,11 months ago,ibm\granite4.csv,24.0
qwen3.5:35b-a3b-q4_K_M,24GB,256K,"Text, Image",3460ffeede54,6 months ago,qwen\qwen3.5.csv,24.0
nemotron-3-nano:latest,24GB,1M,Text,b725f1117407,8 months ago,nemotron\nemotron-3-nano.csv,24.0
nemotron-3-nano:30b,24GB,1M,Text,b725f1117407,8 months ago,nemotron\nemotron-3-nano.csv,24.0
nemotron-cascade-2:latest,24GB,256K,Text,e0705e3fe8f7,5 months ago,nemotron\nemotron-cascade-2.csv,24.0
nemotron-3-nano:30b-a3b-q4_K_M,24GB,1M,Text,b725f1117407,8 months ago,nemotron\nemotron-3-nano.csv,24.0
mixtral:8x7b-text-v0.1-q3_K_L,24GB,32K,Text,09d5395d1226,1 year ago,mistral\mixtral.csv,24.0
granite4.1:30b-q6_K,24GB,128K,Text,d7711d853ce4,4 months ago,ibm\granite4.1.csv,24.0
translategemma:12b-it-bf16,24GB,128K,"Text, Image",7dc7429cc8b2,7 months ago,gemma\translategemma.csv,24.0
qwen3.5:35b-a3b,24GB,256K,"Text, Image",3460ffeede54,6 months ago,qwen\qwen3.5.csv,24.0
deepseek-coder:33b-instruct-q5_K_M,24GB,16K,Text,bd4a96fb44c0,2 years ago,deepseek\deepseek-coder.csv,24.0
granite4.2:30b-q6_K,24GB,128K,Text,201f8e27f3c2,1 week ago,granite\granite4.2.csv,24.0
granite4.1:30b-q6_K,24GB,128K,Text,d7711d853ce4,4 months ago,granite\granite4.1.csv,24.0
granite4.2:30b-q6_K,24GB,128K,Text,226492693360,1 week ago,ibm\granite4.2.csv,24.0
mistral-small:22b-instruct-2409-q8_0,24GB,128K,Text,ebe30125ec3c,1 year ago,mistral\mistral-small.csv,24.0
qwen:32b-chat-v1.5-q5_1,24GB,32K,Text,f3d3a42b3783,2 years ago,qwen\qwen.csv,24.0
deepseek-coder:33b-base-q5_K_M,24GB,16K,Text,2260429a178c,2 years ago,deepseek\deepseek-coder.csv,24.0
mixtral:8x7b-instruct-v0.1-q3_K_L,24GB,32K,Text,44a28a0d7d9a,1 year ago,mistral\mixtral.csv,24.0
gemma4:12b-it-bf16,24GB,256K,"Text, Image",54f4a2f82e7c,3 months ago,gemma\gemma4.csv,24.0
qwen:32b-text-v1.5-q5_1,24GB,32K,Text,577251d3ca12,2 years ago,qwen\qwen.csv,24.0
gemma3:12b-it-fp16,24GB,128K,"Text, Image",6b1ba564b78d,1 year ago,gemma\gemma3.csv,24.0
gemma4:12b-mlx-bf16,MLX 25GB,256K,"Text, Image",ae28af21156f,2 weeks ago,gemma\gemma4.csv,25.0
mistral-nemo:12b-instruct-2407-fp16,25GB,1000K,Text,412dcb6ec5f9,1 year ago,mistral\mistral-nemo.csv,25.0
qwen2.5:32b-instruct-q5_1,25GB,32K,Text,fc1b4cb1aabb,1 year ago,qwen\qwen2.5.csv,25.0
mistral-small:24b-instruct-2501-q8_0,25GB,32K,Text,20ffe5db0161,1 year ago,mistral\mistral-small.csv,25.0
deepseek-coder:33b-base-q5_1,25GB,16K,Text,ba34d0e6ade6,2 years ago,deepseek\deepseek-coder.csv,25.0
nemotron-3.5-lightning:30b,25GB,1M,Text,e7a64ff15fb1,3 weeks ago,nemotron\nemotron-3.5-lightning.csv,25.0
nemotron-3.5-lightning:30b-a3b-q4_K_M,25GB,1M,Text,e7a64ff15fb1,3 weeks ago,nemotron\nemotron-3.5-lightning.csv,25.0
nemotron-3.5-lightning:latest,25GB,1M,Text,e7a64ff15fb1,3 weeks ago,nemotron\nemotron-3.5-lightning.csv,25.0
qwen2.5-coder:32b-instruct-q5_1,25GB,32K,Text,571efad5efed,1 year ago,qwen\qwen2.5-coder.csv,25.0
deepseek-coder:33b-instruct-q5_1,25GB,16K,Text,11fccea78dbe,2 years ago,deepseek\deepseek-coder.csv,25.0
nemotron-3.5-lightning:30b-a3b,25GB,1M,Text,e7a64ff15fb1,3 weeks ago,nemotron\nemotron-3.5-lightning.csv,25.0
qwen2.5-coder:32b-base-q5_1,25GB,32K,Text,2e04e7beaf1e,1 year ago,qwen\qwen2.5-coder.csv,25.0
mixtral:8x7b-text,26GB,32K,Text,29c986d45fba,1 year ago,mistral\mixtral.csv,26.0
llama3-groq-tool-use:70b-q2_K,26GB,8K,Text,dab8a158f092,2 years ago,llama\llama3-groq-tool-use.csv,26.0
llama2:13b-chat-fp16,26GB,4K,Text,83b0fe8fee34,2 years ago,llama\llama2.csv,26.0
llama2:13b-text-fp16,26GB,4K,Text,d19bbe682374,2 years ago,llama\llama2.csv,26.0
granite4:small-h-base-q6_K,26GB,1M,Text,5ae879f1d200,11 months ago,ibm\granite4.csv,26.0
mixtral:8x7b-text-v0.1-q4_0,26GB,32K,Text,29c986d45fba,1 year ago,mistral\mixtral.csv,26.0
granite4:small-h-q6_K,26GB,1M,Text,ed28ded5553c,11 months ago,ibm\granite4.csv,26.0
llama3-gradient:70b-instruct-1048k-q2_K,26GB,1M,Text,ed7c53c8b502,2 years ago,llama\llama3-gradient.csv,26.0
llama3-chatqa:70b-v1.5-q2_K,26GB,8K,Text,8fde9769839c,2 years ago,llama\llama3-chatqa.csv,26.0
mistral-small3.2:24b-instruct-2506-q8_0,26GB,128K,"Text, Image",9b58e7bb625c,1 year ago,mistral\mistral-small3.2.csv,26.0
mixtral:8x7b-instruct-v0.1-q4_0,26GB,32K,Text,a3b6bef0f836,1 year ago,mistral\mixtral.csv,26.0
llama3:70b-text-q2_K,26GB,8K,Text,8e7acd975e4c,2 years ago,llama\llama3.csv,26.0
llama3:70b-instruct-q2_K,26GB,8K,Text,693db6efd8f9,2 years ago,llama\llama3.csv,26.0
mixtral:8x7b,26GB,32K,Text,a3b6bef0f836,1 year ago,mistral\mixtral.csv,26.0
mixtral:text,26GB,32K,Text,29c986d45fba,1 year ago,mistral\mixtral.csv,26.0
llama3.3:70b-instruct-q2_K,26GB,128K,Text,a6f03da15cbc,1 year ago,llama\llama3.3.csv,26.0
llama3.1:70b-text-q2_K,26GB,128K,Text,4dff43d37532,2 years ago,llama\llama3.1.csv,26.0
llama3.1:70b-instruct-q2_K,26GB,128K,Text,3cbf499d6905,1 year ago,llama\llama3.1.csv,26.0
mistral-small3.1:24b-instruct-2503-q8_0,26GB,128K,"Text, Image",79252b8a3eb5,1 year ago,mistral\mistral-small3.1.csv,26.0
mixtral:latest,26GB,32K,Text,a3b6bef0f836,1 year ago,mistral\mixtral.csv,26.0
mixtral:instruct,26GB,32K,Text,a3b6bef0f836,1 year ago,mistral\mixtral.csv,26.0
nemotron:70b-instruct-q2_K,26GB,128K,Text,f4743c4c6e52,1 year ago,nemotron\nemotron.csv,26.0
mixtral:8x7b-text-v0.1-q4_K_S,27GB,32K,Text,45ad2aba6509,1 year ago,mistral\mixtral.csv,27.0
deepseek-coder:33b-base-q6_K,27GB,16K,Text,4cb5c88ab035,2 years ago,deepseek\deepseek-coder.csv,27.0
deepseek-coder:33b-instruct-q6_K,27GB,16K,Text,d44c67a95e2a,2 years ago,deepseek\deepseek-coder.csv,27.0
qwen:72b-chat-q2_K,27GB,32K,Text,244e559ab857,2 years ago,qwen\qwen.csv,27.0
qwen:32b-chat-v1.5-q6_K,27GB,32K,Text,af95b2a2409c,2 years ago,qwen\qwen.csv,27.0
mixtral:8x7b-instruct-v0.1-q4_K_S,27GB,32K,Text,39c18795563b,1 year ago,mistral\mixtral.csv,27.0
qwen2.5:32b-instruct-q6_K,27GB,32K,Text,09f123ce518b,1 year ago,qwen\qwen2.5.csv,27.0
qwen:72b-text-q2_K,27GB,32K,Text,23b4e03b0625,2 years ago,qwen\qwen.csv,27.0
qwen2.5-coder:32b-instruct-q6_K,27GB,32K,Text,f9fb728566cf,1 year ago,qwen\qwen2.5-coder.csv,27.0
qwen2.5-coder:32b-base-q6_K,27GB,32K,Text,45489e1efe1b,1 year ago,qwen\qwen2.5-coder.csv,27.0
qwen:14b-chat-v1.5-fp16,28GB,32K,Text,cb20f077361d,2 years ago,qwen\qwen.csv,28.0
qwen:14b-chat-fp16,28GB,8K,Text,13c401be87d4,2 years ago,qwen\qwen.csv,28.0
mixtral:8x7b-instruct-v0.1-q4_K_M,28GB,32K,Text,a69121c90013,1 year ago,mistral\mixtral.csv,28.0
ministral-3:14b-instruct-2512-fp16,28GB,256K,"Text, Image",ba5a5da1e89b,8 months ago,mistral\ministral-3.csv,28.0
qwen:72b-chat-v1.5-q2_K,28GB,32K,Text,26d588038b9d,2 years ago,qwen\qwen.csv,28.0
qwen:14b-text-fp16,28GB,8K,Text,c49a8e18017a,2 years ago,qwen\qwen.csv,28.0
qwen:14b-text-v1.5-fp16,28GB,32K,Text,6a5ff630639c,2 years ago,qwen\qwen.csv,28.0
nemotron3:33b,28GB,128K,"Text, Image",,,nemotron\nemotron3.csv,28.0
mixtral:8x7b-text-v0.1-q4_K_M,28GB,32K,Text,2b19c246b20c,1 year ago,mistral\mixtral.csv,28.0
phi3:14b-medium-4k-instruct-fp16,28GB,4K,Text,b8af0a87fe3b,2 years ago,phi\phi3.csv,28.0
phi3:14b-medium-128k-instruct-fp16,28GB,4K,Text,ab0d71a0814b,2 years ago,phi\phi3.csv,28.0
nemotron3:33b-q4_K_M,28GB,128K,"Text, Image",,,nemotron\nemotron3.csv,28.0
gemma4:26b-a4b-it-q8_0,28GB,256K,"Text, Image",6bfaf9a8cb37,5 months ago,gemma\gemma4.csv,28.0
qwen:72b-text-v1.5-q2_K,28GB,32K,Text,197347e6f44a,2 years ago,qwen\qwen.csv,28.0
llama2:70b-text-q2_K,29GB,4K,Text,b45d7449cc92,2 years ago,llama\llama2.csv,29.0
llama2:70b-chat-q2_K,29GB,4K,Text,3cac2828f2b8,2 years ago,llama\llama2.csv,29.0
phi4-reasoning:14b-plus-fp16,29GB,32K,Text,561e2e2df29e,1 year ago,phi\phi4-reasoning.csv,29.0
phi4:14b-fp16,29GB,16K,Text,227695f919b5,1 year ago,phi\phi4.csv,29.0
mixtral:8x7b-text-v0.1-q4_1,29GB,32K,Text,20f1c9c7d6ee,1 year ago,mistral\mixtral.csv,29.0
mixtral:8x7b-instruct-v0.1-q4_1,29GB,32K,Text,4ca263ed25e3,1 year ago,mistral\mixtral.csv,29.0
gemma2:27b-instruct-q8_0,29GB,8K,Text,dab5dca674db,2 years ago,gemma\gemma2.csv,29.0
gemma4:26b-mxfp8,MLX 29GB,256K,"Text, Image",aee6e7cf8945,1 week ago,gemma\gemma4.csv,29.0
gemma2:27b-text-q8_0,29GB,8K,Text,0f062e1aad57,2 years ago,gemma\gemma2.csv,29.0
shieldgemma:27b-q8_0,29GB,8K,Text,0bedd4c372fe,1 year ago,gemma\shieldgemma.csv,29.0
llama2-uncensored:70b-chat-q2_K,29GB,2K,Text,07eb9c33537f,2 years ago,llama\llama2-uncensored.csv,29.0
phi4-reasoning:14b-fp16,29GB,32K,Text,d990c3364a6c,1 year ago,phi\phi4-reasoning.csv,29.0
qwen3.5:27b-mxfp8,MLX 30GB,256K,"Text, Image",3ce4a5647be1,2 days ago,qwen\qwen3.5.csv,30.0
qwen3.5:27b-q8_0,30GB,256K,"Text, Image",728880d65c32,6 months ago,qwen\qwen3.5.csv,30.0
qwen3.5:27b-int8,30GB,256K,"Text, Image",be0e0062ecdc,5 months ago,qwen\qwen3.5.csv,30.0
qwen2.5:14b-instruct-fp16,30GB,32K,Text,06c8c6f15cf9,1 year ago,qwen\qwen2.5.csv,30.0
qwen2.5:72b-instruct-q2_K,30GB,32K,Text,d072709cc1a8,1 year ago,qwen\qwen2.5.csv,30.0
qwen2.5-coder:14b-base-fp16,30GB,32K,Text,6f5c33bce184,1 year ago,qwen\qwen2.5-coder.csv,30.0
qwen3:14b-fp16,30GB,40K,Text,a5be4baba030,1 year ago,qwen\qwen3.csv,30.0
qwen2:72b-instruct-q2_K,30GB,32K,Text,cb6c3529e5c1,1 year ago,qwen\qwen2.csv,30.0
qwen2:72b-text-q2_K,30GB,128K,Text,9752808de1d3,2 years ago,qwen\qwen2.csv,30.0
qwen3.5:27b-coding-mxfp8,MLX 30GB,256K,"Text, Image",cbcaee837654,2 days ago,qwen\qwen3.5.csv,30.0
llama2:70b-text-q3_K_S,30GB,4K,Text,2227129bfc8a,2 years ago,llama\llama2.csv,30.0
qwen2.5-coder:14b-instruct-fp16,30GB,32K,Text,dd44773a07d3,1 year ago,qwen\qwen2.5-coder.csv,30.0
translategemma:27b-it-q8_0,30GB,128K,"Text, Image",b5b3e0d68687,7 months ago,gemma\translategemma.csv,30.0
llama2-uncensored:70b-chat-q3_K_S,30GB,2K,Text,493a8291671f,2 years ago,llama\llama2-uncensored.csv,30.0
llama2:70b-chat-q3_K_S,30GB,4K,Text,051b27c23c3f,2 years ago,llama\llama2.csv,30.0
deepseek-r1:14b-qwen-distill-fp16,30GB,128K,Text,7c72950ea94e,1 year ago,deepseek\deepseek-r1.csv,30.0
gemma3:27b-it-q8_0,30GB,128K,"Text, Image",273cbcd67032,1 year ago,gemma\gemma3.csv,30.0
medgemma:27b-it-q8_0,30GB,128K,"Text, Image",b3e649e18d1b,4 months ago,gemma\medgemma.csv,30.0
llama3:70b-instruct-q3_K_S,31GB,8K,Text,4c1a815173f7,2 years ago,llama\llama3.csv,31.0
llama3:70b-text-q3_K_S,31GB,8K,Text,85adac3167c3,2 years ago,llama\llama3.csv,31.0
llama3-groq-tool-use:70b-q3_K_S,31GB,8K,Text,4f446f9b1b86,2 years ago,llama\llama3-groq-tool-use.csv,31.0
llama3-chatqa:70b-v1.5-q3_K_S,31GB,8K,Text,6c487abb0e1f,2 years ago,llama\llama3-chatqa.csv,31.0
granite4.2:30b-q8_0,31GB,128K,Text,e4dd353378a0,1 week ago,ibm\granite4.2.csv,31.0
granite4.1:30b-q8_0,31GB,128K,Text,0f7a2b54edab,4 months ago,ibm\granite4.1.csv,31.0
llama3-gradient:70b-instruct-1048k-q3_K_S,31GB,1M,Text,bdee3e061f75,2 years ago,llama\llama3-gradient.csv,31.0
nemotron:70b-instruct-q3_K_S,31GB,128K,Text,49258a4a766a,1 year ago,nemotron\nemotron.csv,31.0
llama3.1:70b-instruct-q3_K_S,31GB,128K,Text,aae9a850239c,1 year ago,llama\llama3.1.csv,31.0
llama3.1:70b-text-q3_K_S,31GB,128K,Text,5d0e57a281be,2 years ago,llama\llama3.1.csv,31.0
granite4.1:30b-q8_0,31GB,128K,Text,0f7a2b54edab,4 months ago,granite\granite4.1.csv,31.0
llama3.3:70b-instruct-q3_K_S,31GB,128K,Text,84d6ecd40b42,1 year ago,llama\llama3.3.csv,31.0
granite4.2:30b-q8_0,31GB,128K,Text,3fafd190107e,1 week ago,granite\granite4.2.csv,31.0
mixtral:8x7b-instruct-v0.1-q5_0,32GB,32K,Text,94bb1b270af9,1 year ago,mistral\mixtral.csv,32.0
qwen3:30b-a3b-thinking-2507-q8_0,32GB,256K,Text,67e5f89a2a5d,11 months ago,qwen\qwen3.csv,32.0
qwen3:30b-a3b-instruct-2507-q8_0,32GB,256K,Text,528dfe43328b,11 months ago,qwen\qwen3.csv,32.0
qwen:72b-text-q3_K_S,32GB,32K,Text,325a8011ee4b,2 years ago,qwen\qwen.csv,32.0
qwen:72b-chat-q3_K_S,32GB,32K,Text,e69b5490aa6d,2 years ago,qwen\qwen.csv,32.0
mixtral:8x7b-instruct-v0.1-q5_K_S,32GB,32K,Text,68f12ddfe676,1 year ago,mistral\mixtral.csv,32.0
qwen3-coder:30b-a3b-q8_0,32GB,256K,Text,7b438a19895a,11 months ago,qwen\qwen3-coder.csv,32.0
mixtral:8x7b-text-v0.1-q5_K_S,32GB,32K,Text,0f550cd04214,1 year ago,mistral\mixtral.csv,32.0
mixtral:8x7b-text-v0.1-q5_0,32GB,32K,Text,1692f253599b,1 year ago,mistral\mixtral.csv,32.0
qwen:72b-text-v1.5-q3_K_S,33GB,32K,Text,543046c80b47,2 years ago,qwen\qwen.csv,33.0
qwen3:30b-a3b-q8_0,33GB,40K,Text,a43c3bd181ce,1 year ago,qwen\qwen3.csv,33.0
qwen:72b-chat-v1.5-q3_K_S,33GB,32K,Text,a3f91495a290,2 years ago,qwen\qwen.csv,33.0
llama2:70b-chat-q3_K_M,33GB,4K,Text,f11f61dc9832,2 years ago,llama\llama2.csv,33.0
llama2-uncensored:70b-chat-q3_K_M,33GB,2K,Text,dc1b2e6eadcb,2 years ago,llama\llama2-uncensored.csv,33.0
llama2:70b-text-q3_K_M,33GB,4K,Text,fbd62f5dcf16,2 years ago,llama\llama2.csv,33.0
mixtral:8x7b-instruct-v0.1-q5_K_M,33GB,32K,Text,d011e1981bd1,1 year ago,mistral\mixtral.csv,33.0
mixtral:8x7b-text-v0.1-q5_K_M,33GB,32K,Text,957a4d1fad36,1 year ago,mistral\mixtral.csv,33.0
nemotron-3.5-lightning:30b-a3b-mxfp8,MLX 34GB,256K,Text,9dad1618f1ac,3 days ago,nemotron\nemotron-3.5-lightning.csv,34.0
nemotron-3-nano:30b-a3b-q8_0,34GB,1M,Text,a98df31bcc4a,8 months ago,nemotron\nemotron-3-nano.csv,34.0
nemotron:70b-instruct-q3_K_M,34GB,128K,Text,a0a786c3dc39,1 year ago,nemotron\nemotron.csv,34.0
granite4:small-h-q8_0,34GB,1M,Text,e66e5f11bf5f,11 months ago,ibm\granite4.csv,34.0
granite4:small-h-base-q8_0,34GB,1M,Text,cc64cc10f132,11 months ago,ibm\granite4.csv,34.0
llama3-gradient:70b-instruct-1048k-q3_K_M,34GB,1M,Text,e4fc265d59a8,2 years ago,llama\llama3-gradient.csv,34.0
llama3-chatqa:70b-v1.5-q3_K_M,34GB,8K,Text,47d621963e0c,2 years ago,llama\llama3-chatqa.csv,34.0
qwen2:72b-text-q3_K_S,34GB,128K,Text,9c8a530d0bd7,2 years ago,qwen\qwen2.csv,34.0
qwen2:72b-instruct-q3_K_S,34GB,32K,Text,ae65012ceeac,1 year ago,qwen\qwen2.csv,34.0
llama3.1:70b-text-q3_K_M,34GB,128K,Text,521811adfd14,2 years ago,llama\llama3.1.csv,34.0
gemma4:31b-it-q8_0,34GB,256K,"Text, Image",53dd8459790f,5 months ago,gemma\gemma4.csv,34.0
gemma4:31b-mxfp8,MLX 34GB,256K,"Text, Image",9740f018f0d6,1 week ago,gemma\gemma4.csv,34.0
llama3.1:70b-instruct-q3_K_M,34GB,128K,Text,0e97a7709799,1 year ago,llama\llama3.1.csv,34.0
llama3-groq-tool-use:70b-q3_K_M,34GB,8K,Text,5e0c9286cabe,2 years ago,llama\llama3-groq-tool-use.csv,34.0
qwen3-vl:30b-a3b-instruct-q8_0,34GB,256K,"Text, Image",e274c055d4d6,10 months ago,qwen\qwen3-vl.csv,34.0
qwen3-vl:30b-a3b-thinking-q8_0,34GB,256K,"Text, Image",1f8c2d354be6,10 months ago,qwen\qwen3-vl.csv,34.0
llama3:70b-instruct-q3_K_M,34GB,8K,Text,aa0e78b2b879,2 years ago,llama\llama3.csv,34.0
llama3.3:70b-instruct-q3_K_M,34GB,128K,Text,151348be3103,1 year ago,llama\llama3.3.csv,34.0
llama3:70b-text-q3_K_M,34GB,8K,Text,05a42206e81a,2 years ago,llama\llama3.csv,34.0
qwen2.5:72b-instruct-q3_K_S,34GB,32K,Text,6fcfede9cc1c,1 year ago,qwen\qwen2.5.csv,34.0
qwen2.5-coder:32b-base-q8_0,35GB,32K,Text,2888b8e6d633,1 year ago,qwen\qwen2.5-coder.csv,35.0
nemotron-3.5-lightning:30b-a3b-q8_0,35GB,1M,Text,9983b24ee511,3 weeks ago,nemotron\nemotron-3.5-lightning.csv,35.0
qwen3:32b-q8_0,35GB,40K,Text,a46beca077e5,1 year ago,qwen\qwen3.csv,35.0
qwen2.5-coder:32b-instruct-q8_0,35GB,32K,Text,17c822ec821d,1 year ago,qwen\qwen2.5-coder.csv,35.0
qwen:32b-chat-v1.5-q8_0,35GB,32K,Text,33c6cb647280,2 years ago,qwen\qwen.csv,35.0
deepseek-coder:33b-instruct-q8_0,35GB,16K,Text,1b30ba8b1b95,2 years ago,deepseek\deepseek-coder.csv,35.0
deepseek-r1:32b-qwen-distill-q8_0,35GB,128K,Text,b177522350a4,1 year ago,deepseek\deepseek-r1.csv,35.0
mixtral:8x7b-text-v0.1-q5_1,35GB,32K,Text,24ef911cb6dc,1 year ago,mistral\mixtral.csv,35.0
mixtral:8x7b-instruct-v0.1-q5_1,35GB,32K,Text,1084fd5133d1,1 year ago,mistral\mixtral.csv,35.0
qwen2.5:32b-instruct-q8_0,35GB,32K,Text,378290543760,1 year ago,qwen\qwen2.5.csv,35.0
qwen:32b-text-v1.5-q8_0,35GB,32K,Text,60a90eb7a7da,2 years ago,qwen\qwen.csv,35.0
deepseek-coder:33b-base-q8_0,35GB,16K,Text,1779efbb95d3,2 years ago,deepseek\deepseek-coder.csv,35.0
llama2:70b-chat-q3_K_L,36GB,4K,Text,e2275953b0b3,2 years ago,llama\llama2.csv,36.0
llama2:70b-text-q3_K_L,36GB,4K,Text,b5bdb4982992,2 years ago,llama\llama2.csv,36.0
nemotron3:33b-q8,36GB,128K,"Text, Image",,,nemotron\nemotron3.csv,36.0
llama2-uncensored:70b-chat-q3_K_L,36GB,2K,Text,36c29a76fcc6,2 years ago,llama\llama2-uncensored.csv,36.0
qwen2.5vl:32b-q8_0,36GB,125K,"Text, Image",2702bb339158,1 year ago,qwen\qwen2.5vl.csv,36.0
qwen:72b-chat-v1.5-q3_K_M,36GB,32K,Text,8c8712c6e79c,2 years ago,qwen\qwen.csv,36.0
qwen3-vl:32b-instruct-q8_0,36GB,256K,"Text, Image",2d0a26462393,10 months ago,qwen\qwen3-vl.csv,36.0
qwen3-vl:32b-thinking-q8_0,36GB,256K,"Text, Image",76a7fcb8a3c0,10 months ago,qwen\qwen3-vl.csv,36.0
qwen:72b-text-v1.5-q3_K_M,36GB,32K,Text,0369ae92fbbb,2 years ago,qwen\qwen.csv,36.0
qwen3.5:35b-a3b-mxfp8,MLX 37GB,256K,"Text, Image",16b03b99d8bb,2 days ago,qwen\qwen3.5.csv,37.0
llama3-chatqa:70b-v1.5-q3_K_L,37GB,8K,Text,d894d5e58d1e,2 years ago,llama\llama3-chatqa.csv,37.0
llama3:70b-instruct-q3_K_L,37GB,8K,Text,e5d560a5f1ae,2 years ago,llama\llama3.csv,37.0
llama3-groq-tool-use:70b-q3_K_L,37GB,8K,Text,94b979ce931c,2 years ago,llama\llama3-groq-tool-use.csv,37.0
llama3:70b-text-q3_K_L,37GB,8K,Text,a59e68b60a66,2 years ago,llama\llama3.csv,37.0
qwen3.5:35b-a3b-coding-mxfp8,MLX 37GB,256K,"Text, Image",058a0c9f18b2,2 days ago,qwen\qwen3.5.csv,37.0
nemotron:70b-instruct-q3_K_L,37GB,128K,Text,a6c94d07d7c9,1 year ago,nemotron\nemotron.csv,37.0
qwen:72b-chat-q3_K_M,37GB,32K,Text,2142023c2267,2 years ago,qwen\qwen.csv,37.0
qwen:72b-text-q3_K_M,37GB,32K,Text,1c5d6fd01ff9,2 years ago,qwen\qwen.csv,37.0
llama3-gradient:70b-instruct-1048k-q3_K_L,37GB,1M,Text,a03cb0882529,2 years ago,llama\llama3-gradient.csv,37.0
llama3.1:70b-instruct-q3_K_L,37GB,128K,Text,dfa642c7de3f,1 year ago,llama\llama3.1.csv,37.0
llama3.1:70b-text-q3_K_L,37GB,128K,Text,92b790ee5c4e,2 years ago,llama\llama3.1.csv,37.0
qwen2.5:72b-instruct-q3_K_M,38GB,32K,Text,15abb3b7022f,1 year ago,qwen\qwen2.5.csv,38.0
mixtral:8x7b-instruct-v0.1-q6_K,38GB,32K,Text,ceaac0dbeffa,1 year ago,mistral\mixtral.csv,38.0
qwen:72b-chat-v1.5-q3_K_L,38GB,32K,Text,1a4a7d398f67,2 years ago,qwen\qwen.csv,38.0
qwen2:72b-text-q3_K_M,38GB,128K,Text,cfb026174537,2 years ago,qwen\qwen2.csv,38.0
qwen2:72b-instruct-q3_K_M,38GB,32K,Text,448681f34ba7,1 year ago,qwen\qwen2.csv,38.0
qwen3.5:35b-a3b-int8,38GB,256K,"Text, Image",fc565b23657b,5 months ago,qwen\qwen3.5.csv,38.0
qwen:72b-text-v1.5-q3_K_L,38GB,32K,Text,12d317b5786e,2 years ago,qwen\qwen.csv,38.0
mixtral:8x7b-text-v0.1-q6_K,38GB,32K,Text,0331d26f4ac1,1 year ago,mistral\mixtral.csv,38.0
llama2:70b-text-q4_K_S,39GB,4K,Text,1197a01c76e7,2 years ago,llama\llama2.csv,39.0
llama2:70b-chat-q4_K_S,39GB,4K,Text,e202e9dd13cc,2 years ago,llama\llama2.csv,39.0
llama2-uncensored:70b,39GB,2K,Text,bdd0ec2f5ec5,2 years ago,llama\llama2-uncensored.csv,39.0
qwen:72b-chat-q3_K_L,39GB,32K,Text,227bc5757311,2 years ago,qwen\qwen.csv,39.0
qwen:72b-text-q3_K_L,39GB,32K,Text,a7cdeaeb4dc6,2 years ago,qwen\qwen.csv,39.0
llama2:70b-text,39GB,4K,Text,b9b52e6b61c5,2 years ago,llama\llama2.csv,39.0
llama2-uncensored:70b-chat,39GB,2K,Text,bdd0ec2f5ec5,2 years ago,llama\llama2-uncensored.csv,39.0
qwen3.5:35b-a3b-q8_0,39GB,256K,"Text, Image",655d273ede3a,6 months ago,qwen\qwen3.5.csv,39.0
llama2-uncensored:70b-chat-q4_K_S,39GB,2K,Text,ccd1d1a41ec7,2 years ago,llama\llama2-uncensored.csv,39.0
llama2:70b,39GB,4K,Text,e7f6c06ffef4,2 years ago,llama\llama2.csv,39.0
llama2:70b-chat,39GB,4K,Text,e7f6c06ffef4,2 years ago,llama\llama2.csv,39.0
llama2-uncensored:70b-chat-q4_0,39GB,2K,Text,bdd0ec2f5ec5,2 years ago,llama\llama2-uncensored.csv,39.0
llama2:70b-chat-q4_0,39GB,4K,Text,e7f6c06ffef4,2 years ago,llama\llama2.csv,39.0
llama2:70b-text-q4_0,39GB,4K,Text,b9b52e6b61c5,2 years ago,llama\llama2.csv,39.0
llama3.1:70b-text-q4_0,40GB,128K,Text,89e7cf894d3c,2 years ago,llama\llama3.1.csv,40.0
llama3:70b-instruct,40GB,8K,Text,786f3184aec0,2 years ago,llama\llama3.csv,40.0
qwen2:72b-text-q3_K_L,40GB,128K,Text,cf78b2fa4fdd,2 years ago,qwen\qwen2.csv,40.0
llama3.1:70b-instruct-q4_K_S,40GB,128K,Text,826ee833d0c5,1 year ago,llama\llama3.1.csv,40.0
llama3.3:70b-instruct-q4_K_S,40GB,128K,Text,3d546a04bbd5,1 year ago,llama\llama3.3.csv,40.0
llama3.3:70b-instruct-q4_0,40GB,128K,Text,e5afe30ba419,1 year ago,llama\llama3.3.csv,40.0
qwen2:72b-instruct-q3_K_L,40GB,32K,Text,d78d37529ebe,1 year ago,qwen\qwen2.csv,40.0
llama3:70b,40GB,8K,Text,786f3184aec0,2 years ago,llama\llama3.csv,40.0
llama3:70b-instruct-q4_K_S,40GB,8K,Text,3b5ca57de719,2 years ago,llama\llama3.csv,40.0
llama3-gradient:70b-instruct-1048k-q4_K_S,40GB,1M,Text,8c990ff8dd67,2 years ago,llama\llama3-gradient.csv,40.0
llama3-groq-tool-use:70b-q4_K_S,40GB,8K,Text,464bc22f0c7f,2 years ago,llama\llama3-groq-tool-use.csv,40.0
llama3-groq-tool-use:70b-q4_0,40GB,8K,Text,696d50e6fc55,2 years ago,llama\llama3-groq-tool-use.csv,40.0
llama3:70b-text-q4_0,40GB,8K,Text,0b88ea68f949,2 years ago,llama\llama3.csv,40.0
llama3:70b-text,40GB,8K,Text,0b88ea68f949,2 years ago,llama\llama3.csv,40.0
llama3:70b-text-q4_K_S,40GB,8K,Text,13aba0c20a4a,2 years ago,llama\llama3.csv,40.0
llama3:70b-instruct-q4_0,40GB,8K,Text,786f3184aec0,2 years ago,llama\llama3.csv,40.0
llama3-groq-tool-use:70b,40GB,8K,Text,696d50e6fc55,2 years ago,llama\llama3-groq-tool-use.csv,40.0
llama3-chatqa:70b-v1.5-q4_0,40GB,8K,Text,ab8941f03aa3,2 years ago,llama\llama3-chatqa.csv,40.0
llama3-chatqa:70b-v1.5,40GB,8K,Text,ab8941f03aa3,2 years ago,llama\llama3-chatqa.csv,40.0
llama3-gradient:70b,40GB,1M,Text,b5d6e9d0ae61,2 years ago,llama\llama3-gradient.csv,40.0
qwen2.5:72b-instruct-q3_K_L,40GB,32K,Text,c3f33d2ad20a,1 year ago,qwen\qwen2.5.csv,40.0
llama3-chatqa:70b,40GB,8K,Text,ab8941f03aa3,2 years ago,llama\llama3-chatqa.csv,40.0
llama3.1:70b-text-q4_K_S,40GB,128K,Text,6da906aeecc4,2 years ago,llama\llama3.1.csv,40.0
llama3.1:70b-instruct-q4_0,40GB,128K,Text,c0df3564cfe8,1 year ago,llama\llama3.1.csv,40.0
llama3-chatqa:70b-v1.5-q4_K_S,40GB,8K,Text,7d6f62f9c1c6,2 years ago,llama\llama3-chatqa.csv,40.0
llama3-gradient:70b-instruct-1048k-q4_0,40GB,1M,Text,b5d6e9d0ae61,2 years ago,llama\llama3-gradient.csv,40.0
nemotron:70b-instruct-q4_K_S,40GB,128K,Text,0e32f30ad742,1 year ago,nemotron\nemotron.csv,40.0
nemotron:70b-instruct-q4_0,40GB,128K,Text,aade1b26eba3,1 year ago,nemotron\nemotron.csv,40.0
qwen:72b-chat-v1.5-q4_0,41GB,32K,Text,e1c64582de5c,2 years ago,qwen\qwen.csv,41.0
qwen:72b-text-v1.5-q4_0,41GB,32K,Text,d5c16df7f831,2 years ago,qwen\qwen.csv,41.0
qwen:72b-text-q4_0,41GB,32K,Text,1cd3d5885ed6,2 years ago,qwen\qwen.csv,41.0
qwen:72b-text-q4_K_S,41GB,32K,Text,66750638e89b,2 years ago,qwen\qwen.csv,41.0
llama2-uncensored:70b-chat-q4_K_M,41GB,2K,Text,97d4d2728756,2 years ago,llama\llama2-uncensored.csv,41.0
llama2:70b-text-q4_K_M,41GB,4K,Text,bc70b8e5b4e5,2 years ago,llama\llama2.csv,41.0
qwen2.5:72b-instruct-q4_0,41GB,32K,Text,2dd03ae27777,1 year ago,qwen\qwen2.5.csv,41.0
qwen:72b,41GB,32K,Text,e1c64582de5c,2 years ago,qwen\qwen.csv,41.0
llama2:70b-chat-q4_K_M,41GB,4K,Text,8f88029f07f8,2 years ago,llama\llama2.csv,41.0
qwen:72b-chat,41GB,32K,Text,e1c64582de5c,2 years ago,qwen\qwen.csv,41.0
qwen:72b-chat-q4_0,41GB,32K,Text,bf2a98cf5f68,2 years ago,qwen\qwen.csv,41.0
qwen:72b-chat-q4_K_S,41GB,32K,Text,5c65776c1c19,2 years ago,qwen\qwen.csv,41.0
qwen2:72b-text,41GB,128K,Text,9d70f91bdc28,2 years ago,qwen\qwen2.csv,41.0
qwen2:72b-instruct-q4_0,41GB,32K,Text,93563ef658b2,1 year ago,qwen\qwen2.csv,41.0
qwen2:72b-instruct,41GB,32K,Text,93563ef658b2,1 year ago,qwen\qwen2.csv,41.0
qwen2:72b-text-q4_0,41GB,128K,Text,9d70f91bdc28,2 years ago,qwen\qwen2.csv,41.0
qwen:110b-chat-v1.5-q2_K,41GB,32K,Text,1e7acfd0a780,2 years ago,qwen\qwen.csv,41.0
qwen:110b-text-v1.5-q2_K,41GB,32K,Text,0c0dc39aeb62,2 years ago,qwen\qwen.csv,41.0
qwen2:72b,41GB,32K,Text,93563ef658b2,1 year ago,qwen\qwen2.csv,41.0
qwen:72b-text-v1.5-q4_K_S,42GB,32K,Text,c395d71df009,2 years ago,qwen\qwen.csv,42.0
qwen:72b-chat-v1.5-q4_K_S,42GB,32K,Text,7e941773ce08,2 years ago,qwen\qwen.csv,42.0
llama3-groq-tool-use:70b-q4_K_M,43GB,8K,Text,45eafa1bfbd8,2 years ago,llama\llama3-groq-tool-use.csv,43.0
deepseek-r1:70b,43GB,128K,Text,d37b54d01a76,1 year ago,deepseek\deepseek-r1.csv,43.0
llama3-gradient:70b-instruct-1048k-q4_K_M,43GB,1M,Text,b68ba521fab5,2 years ago,llama\llama3-gradient.csv,43.0
llama3.3:latest,43GB,128K,Text,a6eb4748fd29,1 year ago,llama\llama3.3.csv,43.0
llama3.3:70b,43GB,128K,Text,a6eb4748fd29,1 year ago,llama\llama3.3.csv,43.0
llama3:70b-text-q4_K_M,43GB,8K,Text,d1a70936a292,2 years ago,llama\llama3.csv,43.0
llama3.1:70b-instruct-q4_K_M,43GB,128K,Text,711a9e8463af,1 year ago,llama\llama3.1.csv,43.0
llama3:70b-instruct-q4_K_M,43GB,8K,Text,f04e196898af,2 years ago,llama\llama3.csv,43.0
nemotron:70b,43GB,128K,Text,2262f047a28a,1 year ago,nemotron\nemotron.csv,43.0
llama3-chatqa:70b-v1.5-q4_K_M,43GB,8K,Text,bd9cc94a71c9,2 years ago,llama\llama3-chatqa.csv,43.0
nemotron:70b-instruct-q4_K_M,43GB,128K,Text,2262f047a28a,1 year ago,nemotron\nemotron.csv,43.0
llama2:70b-text-q4_1,43GB,4K,Text,92c3da1574b4,2 years ago,llama\llama2.csv,43.0
llama2:70b-chat-q4_1,43GB,4K,Text,8618469361ea,2 years ago,llama\llama2.csv,43.0
llama3.3:70b-instruct-q4_K_M,43GB,128K,Text,a6eb4748fd29,1 year ago,llama\llama3.3.csv,43.0
deepseek-r1:70b-llama-distill-q4_K_M,43GB,128K,Text,d37b54d01a76,1 year ago,deepseek\deepseek-r1.csv,43.0
llama2-uncensored:70b-chat-q4_1,43GB,2K,Text,26fa2e1dcc70,2 years ago,llama\llama2-uncensored.csv,43.0
llama3.1:70b-text-q4_K_M,43GB,128K,Text,f2348d28d33b,2 years ago,llama\llama3.1.csv,43.0
llama3.1:70b,43GB,128K,Text,711a9e8463af,1 year ago,llama\llama3.1.csv,43.0
nemotron:latest,43GB,128K,Text,2262f047a28a,1 year ago,nemotron\nemotron.csv,43.0
qwen2:72b-instruct-q4_K_S,44GB,32K,Text,fc25a7dea14d,1 year ago,qwen\qwen2.csv,44.0
llama3:70b-instruct-q4_1,44GB,8K,Text,df99b9a013cf,2 years ago,llama\llama3.csv,44.0
qwen2:72b-text-q4_K_S,44GB,128K,Text,1993d079c16b,2 years ago,qwen\qwen2.csv,44.0
qwen:72b-text-v1.5-q4_K_M,44GB,32K,Text,b6c1eefce0a6,2 years ago,qwen\qwen.csv,44.0
llama3.1:70b-text-q4_1,44GB,128K,Text,dc22a40d439c,2 years ago,llama\llama3.1.csv,44.0
qwen:72b-chat-v1.5-q4_K_M,44GB,32K,Text,92daf708b997,2 years ago,qwen\qwen.csv,44.0
llama3:70b-text-q4_1,44GB,8K,Text,0568b52cd894,2 years ago,llama\llama3.csv,44.0
qwen2.5:72b-instruct-q4_K_S,44GB,32K,Text,a4520526d819,1 year ago,qwen\qwen2.5.csv,44.0
llama3-chatqa:70b-v1.5-q4_1,44GB,8K,Text,ae356afdf521,2 years ago,llama\llama3-chatqa.csv,44.0
nemotron:70b-instruct-q4_1,44GB,128K,Text,c463f99d4c5e,1 year ago,nemotron\nemotron.csv,44.0
llama3-gradient:70b-instruct-1048k-q4_1,44GB,1M,Text,4ecc3cc03c9a,2 years ago,llama\llama3-gradient.csv,44.0
mistral-small:22b-instruct-2409-fp16,44GB,128K,Text,28fc9c710e5f,1 year ago,mistral\mistral-small.csv,44.0
llama3-groq-tool-use:70b-q4_1,44GB,8K,Text,35972e96c25d,2 years ago,llama\llama3-groq-tool-use.csv,44.0
granite4.2:30b-bf16,45GB,128K,Text,e76d060ddfa7,1 week ago,ibm\granite4.2.csv,45.0
qwen:72b-chat-q4_1,45GB,32K,Text,4d7d270862ce,2 years ago,qwen\qwen.csv,45.0
qwen:72b-chat-q4_K_M,45GB,32K,Text,d1f376d8aaa7,2 years ago,qwen\qwen.csv,45.0
mistral-large:123b-instruct-2407-q2_K,45GB,32K,Text,244e8ac47150,2 years ago,mistral\mistral-large.csv,45.0
qwen:72b-text-q4_K_M,45GB,32K,Text,17d08105327a,2 years ago,qwen\qwen.csv,45.0
mistral-large:123b-instruct-2411-q2_K,45GB,128K,Text,16fda14b30f0,1 year ago,mistral\mistral-large.csv,45.0
qwen:72b-chat-v1.5-q4_1,45GB,32K,Text,a5a048009124,2 years ago,qwen\qwen.csv,45.0
granite4.2:30b-bf16,45GB,128K,Text,cdffb12cc8f4,1 week ago,granite\granite4.2.csv,45.0
qwen:72b-text-v1.5-q4_1,45GB,32K,Text,c43dd2a16f0f,2 years ago,qwen\qwen.csv,45.0
qwen:72b-text-q4_1,45GB,32K,Text,b466cc1b68b6,2 years ago,qwen\qwen.csv,45.0
qwen2.5:72b-instruct-q4_1,46GB,32K,Text,bcf8fafd0731,1 year ago,qwen\qwen2.5.csv,46.0
qwen2:72b-text-q4_1,46GB,128K,Text,137edb538d01,2 years ago,qwen\qwen2.csv,46.0
qwen2:72b-instruct-q4_1,46GB,32K,Text,3c2ddfc9cd29,1 year ago,qwen\qwen2.csv,46.0
qwen2.5:72b,47GB,32K,Text,424bad2cc13f,1 year ago,qwen\qwen2.5.csv,47.0
qwen2:72b-text-q4_K_M,47GB,128K,Text,395e2f1e4576,2 years ago,qwen\qwen2.csv,47.0
llama2:70b-text-q5_0,47GB,4K,Text,4ec9f6c43f82,2 years ago,llama\llama2.csv,47.0
qwen2:72b-instruct-q4_K_M,47GB,32K,Text,1f4e04e13ff3,1 year ago,qwen\qwen2.csv,47.0
qwen2.5:72b-instruct-q4_K_M,47GB,32K,Text,424bad2cc13f,1 year ago,qwen\qwen2.5.csv,47.0
llama2-uncensored:70b-chat-q5_K_S,47GB,2K,Text,90ac8e79f29b,2 years ago,llama\llama2-uncensored.csv,47.0
llama2-uncensored:70b-chat-q5_0,47GB,2K,Text,16ddcf15080c,2 years ago,llama\llama2-uncensored.csv,47.0
llama2:70b-chat-q5_K_S,47GB,4K,Text,eb071689d8e5,2 years ago,llama\llama2.csv,47.0
llama2:70b-chat-q5_0,47GB,4K,Text,6cb5828911b8,2 years ago,llama\llama2.csv,47.0
qwen2.5:72b-instruct,47GB,32K,Text,424bad2cc13f,1 year ago,qwen\qwen2.5.csv,47.0
mistral-small:24b-instruct-2501-fp16,47GB,32K,Text,6134e1a7e2c8,1 year ago,mistral\mistral-small.csv,47.0
llama2:70b-text-q5_K_S,47GB,4K,Text,eab38b764b5b,2 years ago,llama\llama2.csv,47.0
qwen:110b-chat-v1.5-q3_K_S,48GB,32K,Text,a2f6e6c88111,2 years ago,qwen\qwen.csv,48.0
mistral-small3.2:24b-instruct-2506-fp16,48GB,128K,"Text, Image",f904f36f6f02,1 year ago,mistral\mistral-small3.2.csv,48.0
mistral-small3.1:24b-instruct-2503-fp16,48GB,128K,"Text, Image",5b05d65a969a,1 year ago,mistral\mistral-small3.1.csv,48.0
qwen:110b-text-v1.5-q3_K_S,48GB,32K,Text,f47bf7b34be3,2 years ago,qwen\qwen.csv,48.0
llama3.1:70b-text-q5_K_S,49GB,128K,Text,540ebde70524,2 years ago,llama\llama3.1.csv,49.0
llama3.1:70b-text-q5_0,49GB,128K,Text,853b4f3150a5,2 years ago,llama\llama3.1.csv,49.0
llama2:70b-text-q5_K_M,49GB,4K,Text,b365053e53fc,2 years ago,llama\llama2.csv,49.0
llama3-chatqa:70b-v1.5-q5_K_S,49GB,8K,Text,2650a0fefd9b,2 years ago,llama\llama3-chatqa.csv,49.0
nemotron:70b-instruct-q5_K_S,49GB,128K,Text,c5dfebb28f5f,1 year ago,nemotron\nemotron.csv,49.0
llama3-chatqa:70b-v1.5-q5_0,49GB,8K,Text,29f1075baf3a,2 years ago,llama\llama3-chatqa.csv,49.0
nemotron:70b-instruct-q5_0,49GB,128K,Text,4c83a56211a0,1 year ago,nemotron\nemotron.csv,49.0
llama2-uncensored:70b-chat-q5_K_M,49GB,2K,Text,cb930df97107,2 years ago,llama\llama2-uncensored.csv,49.0
llama2:70b-chat-q5_K_M,49GB,4K,Text,2e12d2211dd5,2 years ago,llama\llama2.csv,49.0
llama3-gradient:70b-instruct-1048k-q5_0,49GB,1M,Text,31e92584c546,2 years ago,llama\llama3-gradient.csv,49.0
llama3:70b-text-q5_0,49GB,8K,Text,878949e474d3,2 years ago,llama\llama3.csv,49.0
llama3:70b-text-q5_K_S,49GB,8K,Text,3c9bae7f46ba,2 years ago,llama\llama3.csv,49.0
llama3-gradient:70b-instruct-1048k-q5_K_S,49GB,1M,Text,841f57c74a05,2 years ago,llama\llama3-gradient.csv,49.0
qwen2.5vl:72b-q4_K_M,49GB,125K,"Text, Image",05ea68274581,1 year ago,qwen\qwen2.5vl.csv,49.0
llama3-groq-tool-use:70b-q5_0,49GB,8K,Text,5c52fd8e4ba7,2 years ago,llama\llama3-groq-tool-use.csv,49.0
qwen2.5vl:72b,49GB,125K,"Text, Image",05ea68274581,1 year ago,qwen\qwen2.5vl.csv,49.0
llama3.3:70b-instruct-q5_0,49GB,128K,Text,522f1b464c62,1 year ago,llama\llama3.3.csv,49.0
llama3-groq-tool-use:70b-q5_K_S,49GB,8K,Text,88450a6c4bc7,2 years ago,llama\llama3-groq-tool-use.csv,49.0
llama3.1:70b-instruct-q5_0,49GB,128K,Text,97b688346a84,1 year ago,llama\llama3.1.csv,49.0
llama3.1:70b-instruct-q5_K_S,49GB,128K,Text,9acd76c5572e,1 year ago,llama\llama3.1.csv,49.0
llama3:70b-instruct-q5_K_S,49GB,8K,Text,639ad63d3803,2 years ago,llama\llama3.csv,49.0
llama3:70b-instruct-q5_0,49GB,8K,Text,4b557d9edc8f,2 years ago,llama\llama3.csv,49.0
qwen:72b-text-v1.5-q5_0,50GB,32K,Text,ce956e731751,2 years ago,qwen\qwen.csv,50.0
qwen:72b-text-q5_0,50GB,32K,Text,d552a292aad1,2 years ago,qwen\qwen.csv,50.0
qwen2.5:72b-instruct-q5_0,50GB,32K,Text,7a43bbfe6536,1 year ago,qwen\qwen2.5.csv,50.0
mixtral:8x7b-instruct-v0.1-q8_0,50GB,32K,Text,4b4321b5a853,1 year ago,mistral\mixtral.csv,50.0
llama3:70b-text-q5_K_M,50GB,8K,Text,3a9680b7a812,2 years ago,llama\llama3.csv,50.0
qwen:72b-chat-q5_0,50GB,32K,Text,7363152de4ba,2 years ago,qwen\qwen.csv,50.0
qwen:72b-chat-v1.5-q5_K_S,50GB,32K,Text,f92117215877,2 years ago,qwen\qwen.csv,50.0
llama3-gradient:70b-instruct-1048k-q5_K_M,50GB,1M,Text,a3db61871133,2 years ago,llama\llama3-gradient.csv,50.0
qwen:72b-chat-v1.5-q5_0,50GB,32K,Text,7ff940bf7ddc,2 years ago,qwen\qwen.csv,50.0
qwen:72b-chat-q5_K_S,50GB,32K,Text,f9a9015181f4,2 years ago,qwen\qwen.csv,50.0
llama3.3:70b-instruct-q5_K_M,50GB,128K,Text,a495e09a0513,1 year ago,llama\llama3.3.csv,50.0
llama3:70b-instruct-q5_K_M,50GB,8K,Text,4e84a5514862,2 years ago,llama\llama3.csv,50.0
llama3-groq-tool-use:70b-q5_K_M,50GB,8K,Text,7e1f34171905,2 years ago,llama\llama3-groq-tool-use.csv,50.0
llama3.1:70b-instruct-q5_K_M,50GB,128K,Text,1201b5de8650,1 year ago,llama\llama3.1.csv,50.0
qwen2:72b-text-q5_0,50GB,128K,Text,e2b400cfa315,2 years ago,qwen\qwen2.csv,50.0
qwen:72b-text-q5_K_S,50GB,32K,Text,c47f6138bc77,2 years ago,qwen\qwen.csv,50.0
qwen2:72b-instruct-q5_0,50GB,32K,Text,90a488948103,1 year ago,qwen\qwen2.csv,50.0
qwen:72b-text-v1.5-q5_K_S,50GB,32K,Text,8c427eabb6e1,2 years ago,qwen\qwen.csv,50.0
nemotron:70b-instruct-q5_K_M,50GB,128K,Text,def2cefbe818,1 year ago,nemotron\nemotron.csv,50.0
llama3-chatqa:70b-v1.5-q5_K_M,50GB,8K,Text,275a26d672ac,2 years ago,llama\llama3-chatqa.csv,50.0
mixtral:8x7b-text-v0.1-q8_0,50GB,32K,Text,50d4ad519912,1 year ago,mistral\mixtral.csv,50.0
llama3.1:70b-text-q5_K_M,50GB,128K,Text,d06cbd1da457,2 years ago,llama\llama3.1.csv,50.0
qwen:72b-text-v1.5-q5_K_M,51GB,32K,Text,ea68416fee98,2 years ago,qwen\qwen.csv,51.0
qwen2:72b-instruct-q5_K_S,51GB,32K,Text,3f262d50f9be,1 year ago,qwen\qwen2.csv,51.0
qwen2.5:72b-instruct-q5_K_S,51GB,32K,Text,ee3ecbad0795,1 year ago,qwen\qwen2.5.csv,51.0
qwen2:72b-text-q5_K_S,51GB,128K,Text,0307018fbf53,2 years ago,qwen\qwen2.csv,51.0
qwen:72b-chat-v1.5-q5_K_M,51GB,32K,Text,13a773260811,2 years ago,qwen\qwen.csv,51.0
mixtral:8x22b-text-v0.1-q2_K,52GB,64K,Text,9a187644e490,2 years ago,mistral\mixtral.csv,52.0
mixtral:8x22b-instruct-v0.1-q2_K,52GB,64K,Text,cf96f64cdf60,2 years ago,mistral\mixtral.csv,52.0
llama2-uncensored:70b-chat-q5_1,52GB,2K,Text,1eda65206a66,2 years ago,llama\llama2-uncensored.csv,52.0
llama2:70b-text-q5_1,52GB,4K,Text,9cafaca2d2fe,2 years ago,llama\llama2.csv,52.0
llama2:70b-chat-q5_1,52GB,4K,Text,9d1fbb3c4074,2 years ago,llama\llama2.csv,52.0
gemma4:26b-a4b-it-bf16,52GB,256K,"Text, Image",05d829735ad8,2 months ago,gemma\gemma4.csv,52.0
llama3.1:70b-text-q5_1,53GB,128K,Text,fb7068813a93,2 years ago,llama\llama3.1.csv,53.0
mistral-large:123b-instruct-2411-q3_K_S,53GB,128K,Text,e6c6ff175cc0,1 year ago,mistral\mistral-large.csv,53.0
llama3-groq-tool-use:70b-q5_1,53GB,8K,Text,337622a2615e,2 years ago,llama\llama3-groq-tool-use.csv,53.0
mistral-large:123b-instruct-2407-q3_K_S,53GB,32K,Text,0a5d6df9d7af,2 years ago,mistral\mistral-large.csv,53.0
qwen:72b-chat-q5_K_M,53GB,32K,Text,29453752b3f1,2 years ago,qwen\qwen.csv,53.0
llama3-gradient:70b-instruct-1048k-q5_1,53GB,1M,Text,feafc730ced8,2 years ago,llama\llama3-gradient.csv,53.0
llama3:70b-text-q5_1,53GB,8K,Text,f26e4666536b,2 years ago,llama\llama3.csv,53.0
llama3-chatqa:70b-v1.5-q5_1,53GB,8K,Text,3adf827c2f0c,2 years ago,llama\llama3-chatqa.csv,53.0
nemotron:70b-instruct-q5_1,53GB,128K,Text,32ce9fe7477b,1 year ago,nemotron\nemotron.csv,53.0
llama3.1:70b-instruct-q5_1,53GB,128K,Text,84421db620ee,1 year ago,llama\llama3.1.csv,53.0
qwen:72b-text-q5_K_M,53GB,32K,Text,5a9b21fe4698,2 years ago,qwen\qwen.csv,53.0
gemma4:26b-mlx-bf16,MLX 53GB,256K,"Text, Image",2c53b9e61626,2 weeks ago,gemma\gemma4.csv,53.0
llama3:70b-instruct-q5_1,53GB,8K,Text,8fc800ccfec4,2 years ago,llama\llama3.csv,53.0
llama3.3:70b-instruct-q5_1,53GB,128K,Text,118a0cbe95b2,1 year ago,llama\llama3.3.csv,53.0
qwen:110b-text-v1.5-q3_K_M,54GB,32K,Text,354ef171b532,2 years ago,qwen\qwen.csv,54.0
qwen:72b-text-v1.5-q5_1,54GB,32K,Text,e61f727ecdb2,2 years ago,qwen\qwen.csv,54.0
shieldgemma:27b-fp16,54GB,8K,Text,3e774e7b4545,1 year ago,gemma\shieldgemma.csv,54.0
qwen2:72b-text-q5_K_M,54GB,128K,Text,cfaee9537e26,2 years ago,qwen\qwen2.csv,54.0
qwen:110b-chat-v1.5-q3_K_M,54GB,32K,Text,e1dea48c9e67,2 years ago,qwen\qwen.csv,54.0
gemma2:27b-instruct-fp16,54GB,8K,Text,4a8f851205c5,2 years ago,gemma\gemma2.csv,54.0
gemma2:27b-text-fp16,54GB,8K,Text,f2bf7cf9592e,2 years ago,gemma\gemma2.csv,54.0
qwen2:72b-instruct-q5_K_M,54GB,32K,Text,36ae993a19fb,1 year ago,qwen\qwen2.csv,54.0
qwen:72b-text-q5_1,54GB,32K,Text,d8d15961dfea,2 years ago,qwen\qwen.csv,54.0
qwen:72b-chat-v1.5-q5_1,54GB,32K,Text,8432bf6237b9,2 years ago,qwen\qwen.csv,54.0
qwen2.5:72b-instruct-q5_K_M,54GB,32K,Text,210a146b67de,1 year ago,qwen\qwen2.5.csv,54.0
qwen:72b-chat-q5_1,54GB,32K,Text,d3f70b712d5c,2 years ago,qwen\qwen.csv,54.0
qwen2:72b-instruct-q5_1,55GB,32K,Text,5a83f6b7eca1,1 year ago,qwen\qwen2.csv,55.0
qwen2.5:72b-instruct-q5_1,55GB,32K,Text,40630a45532c,1 year ago,qwen\qwen2.5.csv,55.0
qwen3.5:27b-coding-bf16,55GB,256K,"Text, Image",0a4075181a1f,5 months ago,qwen\qwen3.5.csv,55.0
qwen3.5:27b-mlx-bf16,MLX 55GB,256K,"Text, Image",821db087c439,5 months ago,qwen\qwen3.5.csv,55.0
llama3.2-vision:90b,55GB,128K,"Text, Image",bee2a956f3a8,1 year ago,llama\llama3.2-vision.csv,55.0
medgemma:27b-it-bf16,55GB,128K,"Text, Image",8b473b4cb2df,4 months ago,gemma\medgemma.csv,55.0
qwen2:72b-text-q5_1,55GB,128K,Text,de61bf13ea38,2 years ago,qwen\qwen2.csv,55.0
translategemma:27b-it-bf16,55GB,128K,"Text, Image",0718798ae6f3,7 months ago,gemma\translategemma.csv,55.0
gemma3:27b-it-fp16,55GB,128K,"Text, Image",b7d58e2e179e,1 year ago,gemma\gemma3.csv,55.0
llama3.2-vision:90b-instruct-q4_K_M,55GB,128K,"Text, Image",bee2a956f3a8,1 year ago,llama\llama3.2-vision.csv,55.0
qwen3.5:27b-bf16,56GB,256K,"Text, Image",f9ebcd0c9957,5 months ago,qwen\qwen3.5.csv,56.0
llama2:70b-text-q6_K,57GB,4K,Text,78e480a0450b,2 years ago,llama\llama2.csv,57.0
llama2:70b-chat-q6_K,57GB,4K,Text,b8bbc9a59804,2 years ago,llama\llama2.csv,57.0
llama2-uncensored:70b-chat-q6_K,57GB,2K,Text,38f49b2673e7,2 years ago,llama\llama2-uncensored.csv,57.0
llama3-groq-tool-use:70b-q6_K,58GB,8K,Text,fe241542dd2b,2 years ago,llama\llama3-groq-tool-use.csv,58.0
llama3.1:70b-instruct-q6_K,58GB,128K,Text,eb2f022cab3c,1 year ago,llama\llama3.1.csv,58.0
nemotron:70b-instruct-q6_K,58GB,128K,Text,8d12c48f836a,1 year ago,nemotron\nemotron.csv,58.0
llama3-gradient:70b-instruct-1048k-q6_K,58GB,1M,Text,d224f1d529ea,2 years ago,llama\llama3-gradient.csv,58.0
llama3:70b-instruct-q6_K,58GB,8K,Text,a50a7631e818,2 years ago,llama\llama3.csv,58.0
granite4.1:30b-bf16,58GB,128K,Text,e2e7d6de1890,4 months ago,ibm\granite4.1.csv,58.0
granite4.1:30b-bf16,58GB,128K,Text,e2e7d6de1890,4 months ago,granite\granite4.1.csv,58.0
llama3.3:70b-instruct-q6_K,58GB,128K,Text,992c05c90cd8,1 year ago,llama\llama3.3.csv,58.0
qwen:110b-chat-v1.5-q3_K_L,58GB,32K,Text,38eec5a3a415,2 years ago,qwen\qwen.csv,58.0
llama3.1:70b-text-q6_K,58GB,128K,Text,ff11f01d22b1,2 years ago,llama\llama3.1.csv,58.0
qwen:110b-text-v1.5-q3_K_L,58GB,32K,Text,d600eac4b5ea,2 years ago,qwen\qwen.csv,58.0
llama3-chatqa:70b-v1.5-q6_K,58GB,8K,Text,8cc009d2a270,2 years ago,llama\llama3-chatqa.csv,58.0
llama3:70b-text-q6_K,58GB,8K,Text,9a3e4b9ce0a2,2 years ago,llama\llama3.csv,58.0
mistral-large:123b-instruct-2407-q3_K_M,59GB,32K,Text,5c3ac28dddb6,2 years ago,mistral\mistral-large.csv,59.0
qwen:72b-chat-v1.5-q6_K,59GB,32K,Text,5e3a83c19698,2 years ago,qwen\qwen.csv,59.0
mistral-large:123b-instruct-2411-q3_K_M,59GB,128K,Text,69b0928bdc0d,1 year ago,mistral\mistral-large.csv,59.0
qwen:72b-chat-q6_K,59GB,32K,Text,5d2b88c19b53,2 years ago,qwen\qwen.csv,59.0
qwen:72b-text-v1.5-q6_K,59GB,32K,Text,c75eef5a9035,2 years ago,qwen\qwen.csv,59.0
qwen:72b-text-q6_K,59GB,32K,Text,025578f7c6ba,2 years ago,qwen\qwen.csv,59.0
qwen3-coder:30b-a3b-fp16,61GB,256K,Text,0d2a10a65d2f,11 months ago,qwen\qwen3-coder.csv,61.0
qwen3:30b-a3b-thinking-2507-fp16,61GB,256K,Text,063924ed7f52,11 months ago,qwen\qwen3.csv,61.0
mixtral:8x22b-text-v0.1-q3_K_S,61GB,64K,Text,4f5b5d113e8d,2 years ago,mistral\mixtral.csv,61.0
qwen3:30b-a3b-fp16,61GB,40K,Text,a46ad892011c,1 year ago,qwen\qwen3.csv,61.0
qwen3:30b-a3b-instruct-2507-fp16,61GB,256K,Text,2ad425bc080c,11 months ago,qwen\qwen3.csv,61.0
mixtral:8x22b-instruct-v0.1-q3_K_S,62GB,64K,Text,50ec4fbf79f2,2 years ago,mistral\mixtral.csv,62.0
qwen3-vl:30b-a3b-instruct-bf16,62GB,256K,"Text, Image",d4cad104e81d,10 months ago,qwen\qwen3-vl.csv,62.0
qwen3-vl:30b-a3b-thinking-bf16,62GB,256K,"Text, Image",ae3f9633ff7f,10 months ago,qwen\qwen3-vl.csv,62.0
nemotron-3-nano:30b-a3b-fp16,63GB,1M,Text,69eb03c51301,8 months ago,nemotron\nemotron-3-nano.csv,63.0
gemma4:31b-it-bf16,63GB,256K,"Text, Image",236d76ae0874,5 months ago,gemma\gemma4.csv,63.0
qwen:110b-text-v1.5-q4_0,63GB,32K,Text,641bc60e9274,2 years ago,qwen\qwen.csv,63.0
qwen:110b-chat-v1.5-q4_K_S,63GB,32K,Text,89cc28d3008f,2 years ago,qwen\qwen.csv,63.0
qwen:110b,63GB,32K,Text,7fed4b7787da,2 years ago,qwen\qwen.csv,63.0
qwen:72b-text,63GB,32K,Text,641bc60e9274,2 years ago,qwen\qwen.csv,63.0
qwen:110b-chat-v1.5-q4_0,63GB,32K,Text,7fed4b7787da,2 years ago,qwen\qwen.csv,63.0
qwen:110b-chat,63GB,32K,Text,7fed4b7787da,2 years ago,qwen\qwen.csv,63.0
qwen:110b-text-v1.5-q4_K_S,63GB,32K,Text,29294418d682,2 years ago,qwen\qwen.csv,63.0
gemma4:31b-mlx-bf16,MLX 64GB,256K,"Text, Image",cdca124786da,2 weeks ago,gemma\gemma4.csv,64.0
qwen2.5:72b-instruct-q6_K,64GB,32K,Text,5f611a49224d,1 year ago,qwen\qwen2.5.csv,64.0
gemma4:31b-coding-mtp-bf16,64GB,256K,"Text, Image",feb38c11d5b8,4 months ago,gemma\gemma4.csv,64.0
qwen2:72b-instruct-q6_K,64GB,32K,Text,5a83045ef50f,1 year ago,qwen\qwen2.csv,64.0
qwen2:72b-text-q6_K,64GB,128K,Text,5de588e06754,2 years ago,qwen\qwen2.csv,64.0
granite4:small-h-f16,64GB,1M,Text,e0a7c80f5bbe,11 months ago,ibm\granite4.csv,64.0
granite4:small-h-base-f16,64GB,1M,Text,58a4cfe779b1,11 months ago,ibm\granite4.csv,64.0
mistral-large:123b-instruct-2411-q3_K_L,65GB,128K,Text,e18a67d80ee4,1 year ago,mistral\mistral-large.csv,65.0
mistral-large:123b-instruct-2407-q3_K_L,65GB,32K,Text,47437a8d48aa,2 years ago,mistral\mistral-large.csv,65.0
qwen:32b-chat-v1.5-fp16,65GB,32K,Text,bb930ce340f6,2 years ago,qwen\qwen.csv,65.0
deepseek-r1:32b-qwen-distill-fp16,66GB,128K,Text,20ed0f80363b,1 year ago,deepseek\deepseek-r1.csv,66.0
nemotron-3.5-lightning:30b-a3b-mlx-bf16,MLX 66GB,256K,Text,7bf11b5991ed,3 weeks ago,nemotron\nemotron-3.5-lightning.csv,66.0
nemotron-3.5-lightning:30b-a3b-bf16,66GB,1M,Text,721c64cd61ac,3 weeks ago,nemotron\nemotron-3.5-lightning.csv,66.0
qwen2.5:32b-instruct-fp16,66GB,32K,Text,d988bddd9a2e,1 year ago,qwen\qwen2.5.csv,66.0
qwen3:32b-fp16,66GB,40K,Text,00dc0cb60a08,1 year ago,qwen\qwen3.csv,66.0
qwen2.5-coder:32b-instruct-fp16,66GB,32K,Text,938472346418,1 year ago,qwen\qwen2.5-coder.csv,66.0
qwen2.5-coder:32b-base-fp16,66GB,32K,Text,200c76285efc,1 year ago,qwen\qwen2.5-coder.csv,66.0
nemotron3:33b-bf16,66GB,128K,"Text, Image",,,nemotron\nemotron3.csv,66.0
llama4:scout,67GB,10M,"Text, Image",bf31604e25c2,1 year ago,llama\llama4.csv,67.0
llama4:16x17b,67GB,10M,"Text, Image",bf31604e25c2,1 year ago,llama\llama4.csv,67.0
qwen3-vl:32b-thinking-bf16,67GB,256K,"Text, Image",11c4702a61b1,10 months ago,qwen\qwen3-vl.csv,67.0
qwen:110b-chat-v1.5-q4_K_M,67GB,32K,Text,b9cfda07d6f6,2 years ago,qwen\qwen.csv,67.0
qwen:110b-text-v1.5-q4_K_M,67GB,32K,Text,b66e1e01042f,2 years ago,qwen\qwen.csv,67.0
deepseek-coder:33b-instruct-fp16,67GB,16K,Text,b54904179335,2 years ago,deepseek\deepseek-coder.csv,67.0
llama4:latest,67GB,10M,"Text, Image",bf31604e25c2,1 year ago,llama\llama4.csv,67.0
deepseek-coder:33b-base-fp16,67GB,16K,Text,eed8d5b0dfcc,2 years ago,deepseek\deepseek-coder.csv,67.0
qwen3-vl:32b-instruct-bf16,67GB,256K,"Text, Image",b8e3027ef0f8,10 months ago,qwen\qwen3-vl.csv,67.0
llama4:17b-scout-16e-instruct-q4_K_M,67GB,10M,"Text, Image",bf31604e25c2,1 year ago,llama\llama4.csv,67.0
qwen2.5vl:32b-fp16,67GB,125K,"Text, Image",36c223960eca,1 year ago,qwen\qwen2.5vl.csv,67.0
mixtral:8x22b-text-v0.1-q3_K_M,68GB,64K,Text,a45b937d5d88,2 years ago,mistral\mixtral.csv,68.0
mixtral:8x22b-instruct-v0.1-q3_K_M,68GB,64K,Text,d552821493b8,2 years ago,mistral\mixtral.csv,68.0
mistral-large:123b-instruct-2407-q4_0,69GB,32K,Text,0ca7dfa0bf06,2 years ago,mistral\mistral-large.csv,69.0
mistral-large:123b-instruct-2411-q4_0,69GB,128K,Text,1e4807d65914,1 year ago,mistral\mistral-large.csv,69.0
qwen3.5:35b-a3b-coding-bf16,70GB,256K,"Text, Image",37b8d012f58e,5 months ago,qwen\qwen3.5.csv,70.0
qwen:110b-text-v1.5-q4_1,70GB,32K,Text,88fd1ce3561e,2 years ago,qwen\qwen.csv,70.0
qwen:110b-chat-v1.5-q4_1,70GB,32K,Text,6122c3a9ed71,2 years ago,qwen\qwen.csv,70.0
mistral-large:123b-instruct-2411-q4_K_S,70GB,128K,Text,66a1fdacc93b,1 year ago,mistral\mistral-large.csv,70.0
mistral-large:123b-instruct-2407-q4_K_S,70GB,32K,Text,b06bbbd76af1,2 years ago,mistral\mistral-large.csv,70.0
qwen3.5:35b-a3b-mlx-bf16,MLX 70GB,256K,"Text, Image",f6555d933b86,5 months ago,qwen\qwen3.5.csv,70.0
qwen3.5:35b-a3b-bf16,72GB,256K,"Text, Image",85eaedff99c3,5 months ago,qwen\qwen3.5.csv,72.0
mistral-large:123b-instruct-2411-q4_K_M,73GB,128K,Text,bbcf36dc47ad,1 year ago,mistral\mistral-large.csv,73.0
mistral-large:latest,73GB,128K,Text,bbcf36dc47ad,1 year ago,mistral\mistral-large.csv,73.0
mistral-large:123b,73GB,128K,Text,bbcf36dc47ad,1 year ago,mistral\mistral-large.csv,73.0
mistral-large:123b-instruct-2407-q4_K_M,73GB,32K,Text,7d1a7425167f,2 years ago,mistral\mistral-large.csv,73.0
llama2:70b-text-q8_0,73GB,4K,Text,2aa27df56a63,2 years ago,llama\llama2.csv,73.0
llama2:70b-chat-q8_0,73GB,4K,Text,d91d0643f080,2 years ago,llama\llama2.csv,73.0
mixtral:8x22b-text-v0.1-q3_K_L,73GB,64K,Text,5637d20e8d2b,2 years ago,mistral\mixtral.csv,73.0
llama2-uncensored:70b-chat-q8_0,73GB,2K,Text,256b13d53838,2 years ago,llama\llama2-uncensored.csv,73.0
mixtral:8x22b-instruct-v0.1-q3_K_L,73GB,64K,Text,85c9d74f72e2,2 years ago,mistral\mixtral.csv,73.0
llama3-groq-tool-use:70b-q8_0,75GB,8K,Text,e998a1023200,2 years ago,llama\llama3-groq-tool-use.csv,75.0
llama3-chatqa:70b-v1.5-q8_0,75GB,8K,Text,1fb999cb1cad,2 years ago,llama\llama3-chatqa.csv,75.0
llama3.1:70b-text-q8_0,75GB,128K,Text,2da4cc56a344,2 years ago,llama\llama3.1.csv,75.0
llama3.3:70b-instruct-q8_0,75GB,128K,Text,d5b5e1b84868,1 year ago,llama\llama3.3.csv,75.0
llama3.1:70b-instruct-q8_0,75GB,128K,Text,5dd991fa92a4,1 year ago,llama\llama3.1.csv,75.0
deepseek-r1:70b-llama-distill-q8_0,75GB,128K,Text,98d07a28d239,1 year ago,deepseek\deepseek-r1.csv,75.0
llama3:70b-text-q8_0,75GB,8K,Text,ec846ca4f4c2,2 years ago,llama\llama3.csv,75.0
llama3:70b-instruct-q8_0,75GB,8K,Text,13ef6d4ac2af,2 years ago,llama\llama3.csv,75.0
llama3-gradient:70b-instruct-1048k-q8_0,75GB,1M,Text,65fc2ffdd713,2 years ago,llama\llama3-gradient.csv,75.0
nemotron:70b-instruct-q8_0,75GB,128K,Text,8865b9ab3285,1 year ago,nemotron\nemotron.csv,75.0
qwen:110b-text-v1.5-q5_0,77GB,32K,Text,818ee5b08aa2,2 years ago,qwen\qwen.csv,77.0
qwen:110b-text-v1.5-q5_K_S,77GB,32K,Text,358e654339d6,2 years ago,qwen\qwen.csv,77.0
qwen:110b-chat-v1.5-q5_0,77GB,32K,Text,34209c9810a9,2 years ago,qwen\qwen.csv,77.0
qwen:110b-chat-v1.5-q5_K_S,77GB,32K,Text,7ba26ace3df0,2 years ago,qwen\qwen.csv,77.0
qwen:72b-text-q8_0,77GB,32K,Text,5c8b151ce1ed,2 years ago,qwen\qwen.csv,77.0
qwen:72b-chat-q8_0,77GB,32K,Text,030f5b2af0ff,2 years ago,qwen\qwen.csv,77.0
mistral-large:123b-instruct-2411-q4_1,77GB,128K,Text,7dea3bd9090c,1 year ago,mistral\mistral-large.csv,77.0
qwen2.5:72b-instruct-q8_0,77GB,32K,Text,23f2cb48bb9a,1 year ago,qwen\qwen2.5.csv,77.0
mistral-large:123b-instruct-2407-q4_1,77GB,32K,Text,19d48e361da3,2 years ago,mistral\mistral-large.csv,77.0
qwen:72b-chat-v1.5-q8_0,77GB,32K,Text,d9fd9f90f55b,2 years ago,qwen\qwen.csv,77.0
qwen2:72b-text-q8_0,77GB,128K,Text,480baf5d488d,2 years ago,qwen\qwen2.csv,77.0
qwen2:72b-instruct-q8_0,77GB,32K,Text,8f1da3c9500d,1 year ago,qwen\qwen2.csv,77.0
qwen:72b-text-v1.5-q8_0,77GB,32K,Text,da7cc3b6659a,2 years ago,qwen\qwen.csv,77.0
qwen:110b-chat-v1.5-q5_K_M,79GB,32K,Text,98574b6ea163,2 years ago,qwen\qwen.csv,79.0
qwen2.5vl:72b-q8_0,79GB,125K,"Text, Image",7ab696d4a6e8,1 year ago,qwen\qwen2.5vl.csv,79.0
qwen:110b-text-v1.5-q5_K_M,79GB,32K,Text,db245b9a7f62,2 years ago,qwen\qwen.csv,79.0
mixtral:8x22b-text-v0.1-q4_0,80GB,64K,Text,eb6b1cd64bb1,2 years ago,mistral\mixtral.csv,80.0
mixtral:8x22b-text,80GB,64K,Text,eb6b1cd64bb1,2 years ago,mistral\mixtral.csv,80.0
mixtral:8x22b-text-v0.1-q4_K_S,80GB,64K,Text,f43943467ac8,2 years ago,mistral\mixtral.csv,80.0
mixtral:v0.1,80GB,64K,Text,e8479ee1cb51,2 years ago,mistral\mixtral.csv,80.0
mixtral:8x22b-instruct,80GB,64K,Text,e8479ee1cb51,2 years ago,mistral\mixtral.csv,80.0
mistral-medium-3.5:latest,80GB,256K,"Text, Image",0341632adb05,4 months ago,mistral\mistral-medium-3.5.csv,80.0
mistral-medium-3.5:128b-q4_K_M,80GB,256K,"Text, Image",0341632adb05,4 months ago,mistral\mistral-medium-3.5.csv,80.0
mistral-medium-3.5:128b,80GB,256K,"Text, Image",0341632adb05,4 months ago,mistral\mistral-medium-3.5.csv,80.0
mixtral:8x22b,80GB,64K,Text,e8479ee1cb51,2 years ago,mistral\mixtral.csv,80.0
mixtral:8x22b-instruct-v0.1-q4_0,80GB,64K,Text,e8479ee1cb51,2 years ago,mistral\mixtral.csv,80.0
mixtral:8x22b-instruct-v0.1-q4_K_S,80GB,64K,Text,a9be4647cd05,2 years ago,mistral\mixtral.csv,80.0
mixtral:v0.1-instruct,80GB,64K,Text,e8479ee1cb51,2 years ago,mistral\mixtral.csv,80.0
qwen3.5:122b-a10b,81GB,256K,"Text, Image",8b9d11d807c5,6 months ago,qwen\qwen3.5.csv,81.0
qwen3.5:122b-a10b-q4_K_M,81GB,256K,"Text, Image",8b9d11d807c5,6 months ago,qwen\qwen3.5.csv,81.0
qwen3.5:122b,81GB,256K,"Text, Image",8b9d11d807c5,6 months ago,qwen\qwen3.5.csv,81.0
qwen:110b-text-v1.5-q5_1,84GB,32K,Text,19c32c34f04a,2 years ago,qwen\qwen.csv,84.0
mistral-large:123b-instruct-2407-q5_0,84GB,32K,Text,9972842fc4d6,2 years ago,mistral\mistral-large.csv,84.0
mistral-large:123b-instruct-2407-q5_K_S,84GB,32K,Text,d4525515e89a,2 years ago,mistral\mistral-large.csv,84.0
mistral-large:123b-instruct-2411-q5_K_S,84GB,128K,Text,a36515217259,1 year ago,mistral\mistral-large.csv,84.0
mistral-large:123b-instruct-2411-q5_0,84GB,128K,Text,9cad9ed23f22,1 year ago,mistral\mistral-large.csv,84.0
qwen:110b-chat-v1.5-q5_1,84GB,32K,Text,e74e5965cc23,2 years ago,qwen\qwen.csv,84.0
mistral-large:123b-instruct-2411-q5_K_M,86GB,128K,Text,72f20cdebd72,1 year ago,mistral\mistral-large.csv,86.0
mistral-large:123b-instruct-2407-q5_K_M,86GB,32K,Text,0583f89aa7d1,2 years ago,mistral\mistral-large.csv,86.0
mixtral:8x22b-text-v0.1-q4_K_M,86GB,64K,Text,48fd198637f7,2 years ago,mistral\mixtral.csv,86.0
mixtral:8x22b-instruct-v0.1-q4_K_M,86GB,64K,Text,de58127cf267,2 years ago,mistral\mixtral.csv,86.0
nemotron-3-super:120b,87GB,256K,Text,95acc78b3ffd,5 months ago,nemotron\nemotron-3-super.csv,87.0
nemotron-3-super:120b-a12b,87GB,256K,Text,95acc78b3ffd,5 months ago,nemotron\nemotron-3-super.csv,87.0
nemotron-3-super:120b-a12b-q4_K_M,87GB,256K,Text,95acc78b3ffd,5 months ago,nemotron\nemotron-3-super.csv,87.0
nemotron-3-super:latest,87GB,256K,Text,95acc78b3ffd,5 months ago,nemotron\nemotron-3-super.csv,87.0
mixtral:8x22b-instruct-v0.1-q4_1,88GB,64K,Text,0ea2df035a44,2 years ago,mistral\mixtral.csv,88.0
mixtral:8x22b-text-v0.1-q4_1,88GB,64K,Text,068cdfff8170,2 years ago,mistral\mixtral.csv,88.0
qwen:110b-text-v1.5-q6_K,91GB,32K,Text,446cabb2ebd6,2 years ago,qwen\qwen.csv,91.0
qwen:110b-chat-v1.5-q6_K,91GB,32K,Text,1e57b2da94fa,2 years ago,qwen\qwen.csv,91.0
mistral-large:123b-instruct-2411-q5_1,92GB,128K,Text,feda4f519c21,1 year ago,mistral\mistral-large.csv,92.0
mistral-large:123b-instruct-2407-q5_1,92GB,32K,Text,0025c4e39412,2 years ago,mistral\mistral-large.csv,92.0
mixtral:8x7b-instruct-v0.1-fp16,93GB,32K,Text,96c204672c06,1 year ago,mistral\mixtral.csv,93.0
mixtral:8x7b-text-v0.1-fp16,93GB,32K,Text,6c08977f2b56,1 year ago,mistral\mixtral.csv,93.0
llama3.2-vision:90b-instruct-q8_0,95GB,128K,"Text, Image",0882d58d0635,1 year ago,llama\llama3.2-vision.csv,95.0
mixtral:8x22b-text-v0.1-q5_K_S,97GB,64K,Text,9e736b483924,2 years ago,mistral\mixtral.csv,97.0
mixtral:8x22b-instruct-v0.1-q5_0,97GB,64K,Text,c4d73325754c,2 years ago,mistral\mixtral.csv,97.0
mixtral:8x22b-instruct-v0.1-q5_K_S,97GB,64K,Text,7dc2b27d2ce5,2 years ago,mistral\mixtral.csv,97.0
mixtral:8x22b-text-v0.1-q5_0,97GB,64K,Text,4f7e4cb4532b,2 years ago,mistral\mixtral.csv,97.0
mixtral:8x22b-instruct-v0.1-q5_K_M,100GB,64K,Text,040d78ec94bc,2 years ago,mistral\mixtral.csv,100.0
mixtral:8x22b-text-v0.1-q5_K_M,100GB,64K,Text,92a2e32d7f87,2 years ago,mistral\mixtral.csv,100.0
mistral-large:123b-instruct-2411-q6_K,101GB,128K,Text,17a9a92108df,1 year ago,mistral\mistral-large.csv,101.0
mistral-large:123b-instruct-2407-q6_K,101GB,32K,Text,5e4615a812a8,2 years ago,mistral\mistral-large.csv,101.0
mixtral:8x22b-text-v0.1-q5_1,106GB,64K,Text,77414be8fbac,2 years ago,mistral\mixtral.csv,106.0
mixtral:8x22b-instruct-v0.1-q5_1,106GB,64K,Text,a8e4c57d9fdb,2 years ago,mistral\mixtral.csv,106.0
mixtral:8x22b-instruct-v0.1-q6_K,116GB,64K,Text,2a597519778d,2 years ago,mistral\mixtral.csv,116.0
mixtral:8x22b-text-v0.1-q6_K,116GB,64K,Text,2fb8e840c060,2 years ago,mistral\mixtral.csv,116.0
llama4:17b-scout-16e-instruct-q8_0,117GB,10M,"Text, Image",244249e6cd64,1 year ago,llama\llama4.csv,117.0
qwen:110b-chat-v1.5-q8_0,118GB,32K,Text,a7b94c2ca097,2 years ago,qwen\qwen.csv,118.0
qwen:110b-text-v1.5-q8_0,118GB,32K,Text,53bc7e72b768,2 years ago,qwen\qwen.csv,118.0
mistral-large:123b-instruct-2411-q8_0,130GB,128K,Text,fc9b9f119292,1 year ago,mistral\mistral-large.csv,130.0
mistral-large:123b-instruct-2407-q8_0,130GB,32K,Text,20d741bc6d75,2 years ago,mistral\mistral-large.csv,130.0
nemotron-3-super:120b-a12b-q8_0,132GB,256K,Text,b935f8ec0f40,5 months ago,nemotron\nemotron-3-super.csv,132.0
llama2:70b-chat-fp16,138GB,4K,Text,18d69cd1de10,2 years ago,llama\llama2.csv,138.0
mistral-medium-3.5:128b-q8_0,138GB,256K,"Text, Image",4e309f1ff6ce,4 months ago,mistral\mistral-medium-3.5.csv,138.0
llama2:70b-text-fp16,138GB,4K,Text,dc03bc3a16cf,2 years ago,llama\llama2.csv,138.0
llama3-groq-tool-use:70b-fp16,141GB,8K,Text,8ef2a1906612,2 years ago,llama\llama3-groq-tool-use.csv,141.0
llama3.1:70b-text-fp16,141GB,128K,Text,391fbe608631,2 years ago,llama\llama3.1.csv,141.0
llama3.3:70b-instruct-fp16,141GB,128K,Text,8fbd361705a0,1 year ago,llama\llama3.3.csv,141.0
llama3.1:70b-instruct-fp16,141GB,128K,Text,80d34437631f,1 year ago,llama\llama3.1.csv,141.0
deepseek-r1:70b-llama-distill-fp16,141GB,128K,Text,7a7636f7c9fd,1 year ago,deepseek\deepseek-r1.csv,141.0
nemotron:70b-instruct-fp16,141GB,128K,Text,e02a46ff1109,1 year ago,nemotron\nemotron.csv,141.0
llama3-chatqa:70b-v1.5-fp16,141GB,8K,Text,d46dd05cde4c,2 years ago,llama\llama3-chatqa.csv,141.0
llama3:70b-instruct-fp16,141GB,8K,Text,a84c389adf03,2 years ago,llama\llama3.csv,141.0
llama3:70b-text-fp16,141GB,8K,Text,f698d14954d3,2 years ago,llama\llama3.csv,141.0
llama3-gradient:70b-instruct-1048k-fp16,141GB,1M,Text,cfcadecc99e9,2 years ago,llama\llama3-gradient.csv,141.0
qwen3:235b-a22b,142GB,256K,Text,754a872f1290,10 months ago,qwen\qwen3.csv,142.0
qwen3:235b-a22b-instruct-2507-q4_K_M,142GB,256K,Text,88c401cdc877,11 months ago,qwen\qwen3.csv,142.0
qwen3:235b-a22b-q4_K_M,142GB,40K,Text,cf5635fabe3c,1 year ago,qwen\qwen3.csv,142.0
qwen3:235b-a22b-thinking-2507-q4_K_M,142GB,256K,Text,754a872f1290,11 months ago,qwen\qwen3.csv,142.0
qwen3:235b-instruct,142GB,256K,Text,88c401cdc877,11 months ago,qwen\qwen3.csv,142.0
qwen3:235b-thinking,142GB,256K,Text,754a872f1290,11 months ago,qwen\qwen3.csv,142.0
qwen3:235b,142GB,256K,Text,754a872f1290,10 months ago,qwen\qwen3.csv,142.0
qwen3-vl:235b-a22b-instruct,143GB,256K,"Text, Image",f5a03319651d,10 months ago,qwen\qwen3-vl.csv,143.0
qwen3-vl:235b-a22b-thinking,143GB,256K,"Text, Image",dc44c5b88b17,10 months ago,qwen\qwen3-vl.csv,143.0
qwen3-vl:235b-a22b-instruct-q4_K_M,143GB,256K,"Text, Image",f5a03319651d,10 months ago,qwen\qwen3-vl.csv,143.0
qwen3-vl:235b-a22b-thinking-q4_K_M,143GB,256K,"Text, Image",dc44c5b88b17,10 months ago,qwen\qwen3-vl.csv,143.0
qwen3-vl:235b,143GB,256K,"Text, Image",dc44c5b88b17,10 months ago,qwen\qwen3-vl.csv,143.0
qwen3-vl:235b-a22b,143GB,256K,"Text, Image",dc44c5b88b17,10 months ago,qwen\qwen3-vl.csv,143.0
qwen2:72b-instruct-fp16,145GB,32K,Text,345ab45e8107,1 year ago,qwen\qwen2.csv,145.0
qwen:72b-text-fp16,145GB,32K,Text,34db8c6fcc66,2 years ago,qwen\qwen.csv,145.0
qwen:72b-chat-fp16,145GB,32K,Text,123c97eccf0d,2 years ago,qwen\qwen.csv,145.0
qwen2.5:72b-instruct-fp16,145GB,32K,Text,754bbe314ad4,1 year ago,qwen\qwen2.5.csv,145.0
qwen:72b-chat-v1.5-fp16,145GB,32K,Text,28d7b95e342e,2 years ago,qwen\qwen.csv,145.0
qwen2:72b-text-fp16,145GB,128K,Text,fba4b417782d,2 years ago,qwen\qwen2.csv,145.0
qwen:72b-text-v1.5-fp16,145GB,32K,Text,e45fb69e7592,2 years ago,qwen\qwen.csv,145.0
qwen2.5vl:72b-fp16,147GB,125K,"Text, Image",740f061f9f08,1 year ago,qwen\qwen2.5vl.csv,147.0
mixtral:8x22b-text-v0.1-q8_0,149GB,64K,Text,619b5b9ddad2,2 years ago,mistral\mixtral.csv,149.0
mixtral:8x22b-instruct-v0.1-q8_0,149GB,64K,Text,74d06fe380a1,2 years ago,mistral\mixtral.csv,149.0
llama3.1:405b-instruct-q2_K,149GB,128K,Text,57c259aa0162,1 year ago,llama\llama3.1.csv,149.0
llama3.1:405b-text-q2_K,149GB,128K,Text,f7b0ab60bfbe,2 years ago,llama\llama3.1.csv,149.0
llama3.1:405b-text-q3_K_S,175GB,128K,Text,6c66c6eac804,2 years ago,llama\llama3.1.csv,175.0
llama3.1:405b-instruct-q3_K_S,175GB,128K,Text,5629943379da,1 year ago,llama\llama3.1.csv,175.0
llama3.2-vision:90b-instruct-fp16,177GB,128K,"Text, Image",7592aaa4a219,1 year ago,llama\llama3.2-vision.csv,177.0
llama3.1:405b-text-q3_K_M,195GB,128K,Text,b9fb97304e8e,2 years ago,llama\llama3.1.csv,195.0
llama3.1:405b-instruct-q3_K_M,195GB,128K,Text,9ab0ea61e9d6,1 year ago,llama\llama3.1.csv,195.0
llama3.1:405b-instruct-q3_K_L,213GB,128K,Text,fcd77ab1d261,1 year ago,llama\llama3.1.csv,213.0
llama3.1:405b-text-q3_K_L,213GB,128K,Text,94bf2a77e235,2 years ago,llama\llama3.1.csv,213.0
llama4:17b-scout-16e-instruct-fp16,217GB,10M,"Text, Image",f390ec6c1a81,1 year ago,llama\llama4.csv,217.0
qwen:110b-text-v1.5-fp16,222GB,32K,Text,db7af5aa87cf,2 years ago,qwen\qwen.csv,222.0
qwen:110b-chat-v1.5-fp16,222GB,32K,Text,ba695125f554,2 years ago,qwen\qwen.csv,222.0
llama3.1:405b-text-q4_0,229GB,128K,Text,320335002c0c,2 years ago,llama\llama3.1.csv,229.0
llama3.1:405b-instruct-q4_0,229GB,128K,Text,65fa6b82bfda,1 year ago,llama\llama3.1.csv,229.0
llama3.1:405b-instruct-q4_K_S,231GB,128K,Text,4a745087e617,1 year ago,llama\llama3.1.csv,231.0
llama3.1:405b-text-q4_K_S,231GB,128K,Text,06c63988889d,2 years ago,llama\llama3.1.csv,231.0
llama3.1:405b-text-q4_K_M,243GB,128K,Text,d8a18ddb2815,2 years ago,llama\llama3.1.csv,243.0
llama3.1:405b-instruct-q4_K_M,243GB,128K,Text,dbd6b9ea93de,1 year ago,llama\llama3.1.csv,243.0
llama3.1:405b,243GB,128K,Text,dbd6b9ea93de,1 year ago,llama\llama3.1.csv,243.0
llama4:128x17b,245GB,1M,"Text, Image",b4832b93e292,1 year ago,llama\llama4.csv,245.0
mistral-large:123b-instruct-2407-fp16,245GB,32K,Text,0bfa947cf7ef,2 years ago,mistral\mistral-large.csv,245.0
mistral-large:123b-instruct-2411-fp16,245GB,128K,Text,2b810c3ba71a,1 year ago,mistral\mistral-large.csv,245.0
llama4:17b-maverick-128e-instruct-q4_K_M,245GB,1M,"Text, Image",b4832b93e292,1 year ago,llama\llama4.csv,245.0
llama4:maverick,245GB,1M,"Text, Image",b4832b93e292,1 year ago,llama\llama4.csv,245.0
nemotron-3-super:120b-a12b-bf16,247GB,256K,Text,c14fcbcdc70e,5 months ago,nemotron\nemotron-3-super.csv,247.0
qwen3:235b-a22b-thinking-2507-q8_0,250GB,256K,Text,c4d308613f81,11 months ago,qwen\qwen3.csv,250.0
qwen3:235b-a22b-instruct-2507-q8_0,250GB,256K,Text,714b4861493d,11 months ago,qwen\qwen3.csv,250.0
qwen3:235b-a22b-q8_0,250GB,40K,Text,37e8cf5bfc74,1 year ago,qwen\qwen3.csv,250.0
qwen3-vl:235b-a22b-thinking-q8_0,251GB,256K,"Text, Image",01dc46352af0,10 months ago,qwen\qwen3-vl.csv,251.0
qwen3-vl:235b-a22b-instruct-q8_0,251GB,256K,"Text, Image",9b028966853a,10 months ago,qwen\qwen3-vl.csv,251.0
llama3.1:405b-text-q4_1,254GB,128K,Text,fea44733a09c,2 years ago,llama\llama3.1.csv,254.0
llama3.1:405b-instruct-q4_1,254GB,128K,Text,283fcc3a816a,1 year ago,llama\llama3.1.csv,254.0
mistral-medium-3.5:128b-bf16,255GB,256K,"Text, Image",03b1ca2260f6,4 months ago,mistral\mistral-medium-3.5.csv,255.0
llama3.1:405b-instruct-q5_K_S,279GB,128K,Text,5e5285368f59,1 year ago,llama\llama3.1.csv,279.0
llama3.1:405b-text-q5_0,279GB,128K,Text,8d3fd1384383,2 years ago,llama\llama3.1.csv,279.0
llama3.1:405b-text-q5_K_S,279GB,128K,Text,8be1c5b6185d,2 years ago,llama\llama3.1.csv,279.0
llama3.1:405b-instruct-q5_0,279GB,128K,Text,441bbd85e453,1 year ago,llama\llama3.1.csv,279.0
mixtral:8x22b-instruct-v0.1-fp16,281GB,64K,Text,be69186cc79b,2 years ago,mistral\mixtral.csv,281.0
mixtral:8x22b-text-v0.1-fp16,281GB,64K,Text,bada034b7898,2 years ago,mistral\mixtral.csv,281.0
llama3.1:405b-instruct-q5_K_M,287GB,128K,Text,fed1ac5214db,1 year ago,llama\llama3.1.csv,287.0
llama3.1:405b-text-q5_K_M,287GB,128K,Text,0d410297a920,2 years ago,llama\llama3.1.csv,287.0
qwen3-coder:480b,290GB,256K,Text,72b144baf727,11 months ago,qwen\qwen3-coder.csv,290.0
qwen3-coder:480b-a35b-q4_K_M,290GB,256K,Text,72b144baf727,11 months ago,qwen\qwen3-coder.csv,290.0
llama3.1:405b-instruct-q5_1,305GB,128K,Text,b80f0c0aea72,1 year ago,llama\llama3.1.csv,305.0
llama3.1:405b-text-q5_1,305GB,128K,Text,105c1a731c53,2 years ago,llama\llama3.1.csv,305.0
llama3.1:405b-text-q6_K,333GB,128K,Text,0217d822dee9,2 years ago,llama\llama3.1.csv,333.0
llama3.1:405b-instruct-q6_K,333GB,128K,Text,5478eb23c5fb,1 year ago,llama\llama3.1.csv,333.0
deepseek-r1:671b-0528-q4_K_M,404GB,160K,Text,14a4e575643d,1 year ago,deepseek\deepseek-r1.csv,404.0
deepseek-r1:671b,404GB,160K,Text,14a4e575643d,1 year ago,deepseek\deepseek-r1.csv,404.0
deepseek-r1:671b-q4_K_M,404GB,160K,Text,58e944f7074d,1 year ago,deepseek\deepseek-r1.csv,404.0
llama4:17b-maverick-128e-instruct-q8_0,428GB,1M,"Text, Image",7fb6f3e69a28,1 year ago,llama\llama4.csv,428.0
llama3.1:405b-text-q8_0,431GB,128K,Text,394d4ab99b16,2 years ago,llama\llama3.1.csv,431.0
llama3.1:405b-instruct-q8_0,431GB,128K,Text,b674ab2e9d34,1 year ago,llama\llama3.1.csv,431.0
qwen3:235b-a22b-thinking-2507-fp16,470GB,256K,Text,6b430a7e3d29,11 months ago,qwen\qwen3.csv,470.0
qwen3:235b-a22b-fp16,470GB,40K,Text,4dc3ade61929,1 year ago,qwen\qwen3.csv,470.0
qwen3-vl:235b-a22b-instruct-bf16,471GB,256K,"Text, Image",f9d397f6f0db,10 months ago,qwen\qwen3-vl.csv,471.0
qwen3-vl:235b-a22b-thinking-bf16,471GB,256K,"Text, Image",f78566ff0c56,10 months ago,qwen\qwen3-vl.csv,471.0
qwen3-coder:480b-a35b-q8_0,510GB,256K,Text,459cea34ff3a,11 months ago,qwen\qwen3-coder.csv,510.0
deepseek-r1:671b-q8_0,713GB,160K,Text,00fb327206ce,1 year ago,deepseek\deepseek-r1.csv,713.0
deepseek-r1:671b-0528-q8_0,713GB,160K,Text,c483e7c247e3,1 year ago,deepseek\deepseek-r1.csv,713.0
llama4:17b-maverick-128e-instruct-fp16,803GB,1M,"Text, Image",c9a3a4d149af,1 year ago,llama\llama4.csv,803.0
llama3.1:405b-instruct-fp16,812GB,128K,Text,8ca13bcda28b,1 year ago,llama\llama3.1.csv,812.0
llama3.1:405b-text-fp16,812GB,128K,Text,bc01fb5255d5,2 years ago,llama\llama3.1.csv,812.0
qwen3-coder:480b-a35b-fp16,960GB,256K,Text,23af91755def,11 months ago,qwen\qwen3-coder.csv,960.0
deepseek-r1:671b-fp16,1.3TB,160K,Text,3f9ee65b4e69,1 year ago,deepseek\deepseek-r1.csv,1331.2
deepseek-r1:671b-0528-fp16,1.3TB,160K,Text,0eabebef839b,1 year ago,deepseek\deepseek-r1.csv,1331.2
