Name,Size / Usage,Context,Input,Digest,Updated,source,size_gb,is_installed
granite-embedding:30m-english-q4_K_M,30MB,512,Text,772f63cb8959,1 year ago,ibm\granite-embedding.csv,0.029296875,False
granite-embedding:30m-english-q8_0,34MB,512,Text,b00a80937371,1 year ago,ibm\granite-embedding.csv,0.033203125,False
granite-embedding:30m,63MB,512,Text,eb4c533ba6f7,1 year ago,granite\granite-embedding.csv,0.0615234375,False
granite-embedding:latest,63MB,512,Text,eb4c533ba6f7,1 year ago,granite\granite-embedding.csv,0.0615234375,False
granite-embedding:30m-en-fp16,63MB,512,Text,eb4c533ba6f7,1 year ago,granite\granite-embedding.csv,0.0615234375,False
granite-embedding:30m,63MB,512,Text,96e3c340e259,1 year ago,ibm\granite-embedding.csv,0.0615234375,False
granite-embedding:30m-english-f16,63MB,512,Text,96e3c340e259,1 year ago,ibm\granite-embedding.csv,0.0615234375,False
granite-embedding:30m-en,63MB,512,Text,eb4c533ba6f7,1 year ago,granite\granite-embedding.csv,0.0615234375,False
granite-embedding:125m-english-q4_K_M,88MB,512,Text,9f919db9aa33,1 year ago,ibm\granite-embedding.csv,0.0859375,False
granite-embedding:107m-multilingual-q4_K_M,117MB,512,Text,68dc42680429,1 year ago,ibm\granite-embedding.csv,0.1142578125,False
granite-embedding:107m-multilingual-q8_0,121MB,512,Text,4b7625a1e347,1 year ago,ibm\granite-embedding.csv,0.1181640625,False
granite-embedding:125m-english-q8_0,135MB,512,Text,2375dd6b7253,1 year ago,ibm\granite-embedding.csv,0.1318359375,False
granite4:350m-h-base-q2_K,160MB,1M,Text,8ebc2d29ab98,10 months ago,ibm\granite4.csv,0.15625,False
granite4:350m-h-q2_K,160MB,1M,Text,095c6a011c36,10 months ago,ibm\granite4.csv,0.15625,False
granite4:350m-q2_K,181MB,32K,Text,4388094af88e,10 months ago,ibm\granite4.csv,0.1767578125,False
granite4:350m-base-q2_K,181MB,32K,Text,c6b51e1b6648,10 months ago,ibm\granite4.csv,0.1767578125,False
granite4:350m-h-q3_K_S,181MB,1M,Text,e376efd6da33,10 months ago,ibm\granite4.csv,0.1767578125,False
granite4:350m-h-base-q3_K_S,181MB,1M,Text,238f8ab7cce4,10 months ago,ibm\granite4.csv,0.1767578125,False
granite4:350m-h-q3_K_M,189MB,1M,Text,eca5dfd0dd8d,10 months ago,ibm\granite4.csv,0.1845703125,False
granite4:350m-h-base-q3_K_M,189MB,1M,Text,479207290be7,10 months ago,ibm\granite4.csv,0.1845703125,False
granite4:350m-q3_K_S,195MB,32K,Text,8e8f22f173de,10 months ago,ibm\granite4.csv,0.1904296875,False
granite4:350m-base-q3_K_S,195MB,32K,Text,229dfb8c5522,10 months ago,ibm\granite4.csv,0.1904296875,False
granite4:350m-h-q3_K_L,195MB,1M,Text,ece1ad8bbde4,10 months ago,ibm\granite4.csv,0.1904296875,False
granite4:350m-h-base-q3_K_L,195MB,1M,Text,44c4aecd6f23,10 months ago,ibm\granite4.csv,0.1904296875,False
granite4:350m-q3_K_M,208MB,32K,Text,f6f52d09dec5,10 months ago,ibm\granite4.csv,0.203125,False
granite4:350m-base-q3_K_M,208MB,32K,Text,2ac9fd2e0bc1,10 months ago,ibm\granite4.csv,0.203125,False
granite4:350m-h-q4_0,216MB,1M,Text,b44a3d784081,10 months ago,ibm\granite4.csv,0.2109375,False
granite4:350m-h-base-q4_0,216MB,1M,Text,5e6fe39f6a5a,10 months ago,ibm\granite4.csv,0.2109375,False
granite4:350m-h-q4_K_S,217MB,1M,Text,4e601bfba0f9,10 months ago,ibm\granite4.csv,0.2119140625,False
granite4:350m-h-base-q4_K_S,217MB,1M,Text,211ccef1e12f,10 months ago,ibm\granite4.csv,0.2119140625,False
granite-embedding:278m-multilingual-q4_K_M,219MB,512,Text,8afb0d9ae98c,1 year ago,ibm\granite-embedding.csv,0.2138671875,False
granite4:350m-base-q3_K_L,220MB,32K,Text,573aad6445be,10 months ago,ibm\granite4.csv,0.21484375,False
granite4:350m-q3_K_L,220MB,32K,Text,69bdc42d48f8,10 months ago,ibm\granite4.csv,0.21484375,False
granite-embedding:107m-multilingual-f16,221MB,512,Text,a15914a3ec39,1 year ago,ibm\granite-embedding.csv,0.2158203125,False
granite-embedding:107m,221MB,512,Text,a15914a3ec39,1 year ago,ibm\granite-embedding.csv,0.2158203125,False
granite4:350m-h-base-q4_K_M,223MB,1M,Text,3c0ab17eee9e,10 months ago,ibm\granite4.csv,0.2177734375,False
granite4:350m-h-q4_K_M,223MB,1M,Text,c1212b660941,10 months ago,ibm\granite4.csv,0.2177734375,False
granite4:350m-q4_0,228MB,32K,Text,605debddea6e,10 months ago,ibm\granite4.csv,0.22265625,False
granite4:350m-base-q4_0,228MB,32K,Text,36807bf6ab92,10 months ago,ibm\granite4.csv,0.22265625,False
granite4:350m-base-q4_K_S,229MB,32K,Text,c491c3e10202,10 months ago,ibm\granite4.csv,0.2236328125,False
granite4:350m-q4_K_S,229MB,32K,Text,224435010cf5,10 months ago,ibm\granite4.csv,0.2236328125,False
granite4:350m-h-base-q4_1,233MB,1M,Text,a763c30ad1d5,10 months ago,ibm\granite4.csv,0.2275390625,False
granite4:350m-h-q4_1,233MB,1M,Text,597cd01d0b83,10 months ago,ibm\granite4.csv,0.2275390625,False
granite4:350m-base-q4_K_M,237MB,32K,Text,9ac9d157eada,10 months ago,ibm\granite4.csv,0.2314453125,False
granite4:350m-q4_K_M,237MB,32K,Text,9b0e22699cc4,10 months ago,ibm\granite4.csv,0.2314453125,False
embeddinggemma:300m-qat-q4_0,239MB,2K,Text,101341d65c2c,12 months ago,gemma\embeddinggemma.csv,0.2333984375,False
granite4:350m-base-q4_1,244MB,32K,Text,906025147b1b,10 months ago,ibm\granite4.csv,0.23828125,False
granite4:350m-q4_1,244MB,32K,Text,d64cc0cd6765,10 months ago,ibm\granite4.csv,0.23828125,False
granite4:350m-h-base-q5_0,249MB,1M,Text,a0deba5c7f45,10 months ago,ibm\granite4.csv,0.2431640625,False
granite4:350m-h-q5_0,249MB,1M,Text,b2d1e545e535,10 months ago,ibm\granite4.csv,0.2431640625,False
granite4:350m-h-q5_K_S,249MB,1M,Text,ab20a438de09,10 months ago,ibm\granite4.csv,0.2431640625,False
granite4:350m-h-base-q5_K_S,249MB,1M,Text,145747056d3e,10 months ago,ibm\granite4.csv,0.2431640625,False
granite-embedding:125m-english-f16,251MB,512,Text,da69d7b4a7fe,1 year ago,ibm\granite-embedding.csv,0.2451171875,False
granite-embedding:125m,251MB,512,Text,da69d7b4a7fe,1 year ago,ibm\granite-embedding.csv,0.2451171875,False
granite4:350m-h-base-q5_K_M,252MB,1M,Text,78ee04b78898,10 months ago,ibm\granite4.csv,0.24609375,False
granite4:350m-h-q5_K_M,252MB,1M,Text,5b6eaf05f3b1,10 months ago,ibm\granite4.csv,0.24609375,False
granite4:350m-base-q5_K_S,260MB,32K,Text,16c442bbb92b,10 months ago,ibm\granite4.csv,0.25390625,False
granite4:350m-q5_0,260MB,32K,Text,a5348aa46c6d,10 months ago,ibm\granite4.csv,0.25390625,False
granite4:350m-q5_K_S,260MB,32K,Text,cb191bbc0b2c,10 months ago,ibm\granite4.csv,0.25390625,False
granite4:350m-base-q5_0,260MB,32K,Text,2e297eed9623,10 months ago,ibm\granite4.csv,0.25390625,False
granite4:350m-q5_K_M,264MB,32K,Text,e342e0b9940f,10 months ago,ibm\granite4.csv,0.2578125,False
granite4:350m-base-q5_K_M,264MB,32K,Text,aa94f2db6668,10 months ago,ibm\granite4.csv,0.2578125,False
granite4:350m-h-base-q5_1,265MB,1M,Text,8ca7d5740458,10 months ago,ibm\granite4.csv,0.2587890625,False
granite4:350m-h-q5_1,265MB,1M,Text,2f4731153821,10 months ago,ibm\granite4.csv,0.2587890625,False
granite4:350m-base-q5_1,275MB,32K,Text,548757aaefbe,10 months ago,ibm\granite4.csv,0.2685546875,False
granite4:350m-q5_1,275MB,32K,Text,3df269de717b,10 months ago,ibm\granite4.csv,0.2685546875,False
granite4:350m-h-q6_K,284MB,1M,Text,52b034b7886b,10 months ago,ibm\granite4.csv,0.27734375,False
granite4:350m-h-base-q6_K,284MB,1M,Text,7923e6cdd952,10 months ago,ibm\granite4.csv,0.27734375,False
gemma3:270m-it-q8_0,292MB,32K,Text,e7d36fb2c3b3,1 year ago,gemma\gemma3.csv,0.28515625,False
gemma3:270m,292MB,32K,Text,e7d36fb2c3b3,1 year ago,gemma\gemma3.csv,0.28515625,False
granite4:350m-q6_K,293MB,32K,Text,ce994e52918f,10 months ago,ibm\granite4.csv,0.2861328125,False
granite4:350m-base-q6_K,293MB,32K,Text,c6e2f1a19d96,10 months ago,ibm\granite4.csv,0.2861328125,False
qwen:0.5b-chat-v1.5-q2_K,298MB,32K,Text,a16189bc79c0,2 years ago,qwen\qwen.csv,0.291015625,False
qwen:0.5b-text-v1.5-q2_K,298MB,32K,Text,6be7d85c1f37,2 years ago,qwen\qwen.csv,0.291015625,False
functiongemma:latest,301MB,32K,Text,7c19b650567a,8 months ago,gemma\functiongemma.csv,0.2939453125,False
functiongemma:270m-it-q8_0,301MB,32K,Text,7c19b650567a,8 months ago,gemma\functiongemma.csv,0.2939453125,False
functiongemma:270m,301MB,32K,Text,7c19b650567a,8 months ago,gemma\functiongemma.csv,0.2939453125,False
granite-embedding:278m-multilingual-q8_0,303MB,512,Text,c85c901b9611,1 year ago,ibm\granite-embedding.csv,0.2958984375,False
qwen:0.5b-chat-v1.5-q3_K_S,333MB,32K,Text,0bcee5f34ad7,2 years ago,qwen\qwen.csv,0.3251953125,False
qwen:0.5b-text-v1.5-q3_K_S,333MB,32K,Text,37eeb0d10fd8,2 years ago,qwen\qwen.csv,0.3251953125,False
qwen2.5:0.5b-instruct-q3_K_S,338MB,32K,Text,2b61ae1bb74f,1 year ago,qwen\qwen2.5.csv,0.330078125,False
embeddinggemma:300m-qat-q8_0,338MB,2K,Text,e84a7acc2394,12 months ago,gemma\embeddinggemma.csv,0.330078125,False
qwen2.5:0.5b-base-q3_K_S,338MB,32K,Text,cf1fe7a28bac,1 year ago,qwen\qwen2.5.csv,0.330078125,False
qwen2.5:0.5b-instruct-q2_K,339MB,32K,Text,fa66a85e7fe2,1 year ago,qwen\qwen2.5.csv,0.3310546875,False
qwen2.5:0.5b-base-q2_K,339MB,32K,Text,b439066a7c50,1 year ago,qwen\qwen2.5.csv,0.3310546875,False
qwen:0.5b-chat-v1.5-q3_K_M,350MB,32K,Text,b18e5c255a90,2 years ago,qwen\qwen.csv,0.341796875,False
qwen:0.5b-text-v1.5-q3_K_M,350MB,32K,Text,7b641307e2fe,2 years ago,qwen\qwen.csv,0.341796875,False
qwen2.5:0.5b-base-q4_0,352MB,32K,Text,a990247b9c63,1 year ago,qwen\qwen2.5.csv,0.34375,False
qwen2.5:0.5b-instruct-q4_0,352MB,32K,Text,44deb286b008,1 year ago,qwen\qwen2.5.csv,0.34375,False
qwen2.5:0.5b-base-q3_K_M,355MB,32K,Text,2b0f4078dcc1,1 year ago,qwen\qwen2.5.csv,0.3466796875,False
qwen2.5:0.5b-instruct-q3_K_M,355MB,32K,Text,a1b962ae1ffb,1 year ago,qwen\qwen2.5.csv,0.3466796875,False
qwen:0.5b-text-v1.5-q3_K_L,364MB,32K,Text,49837f2c5b03,2 years ago,qwen\qwen.csv,0.35546875,False
qwen:0.5b-chat-v1.5-q3_K_L,364MB,32K,Text,d184d2901228,2 years ago,qwen\qwen.csv,0.35546875,False
granite4:350m-h-q8_0,366MB,1M,Text,7145075ed3d6,10 months ago,ibm\granite4.csv,0.357421875,False
granite4:350m-h-base-q8_0,366MB,1M,Text,fc639b9e4edb,10 months ago,ibm\granite4.csv,0.357421875,False
qwen2.5:0.5b-instruct-q3_K_L,369MB,32K,Text,2ea07e2fd539,1 year ago,qwen\qwen2.5.csv,0.3603515625,False
qwen2.5:0.5b-base-q3_K_L,369MB,32K,Text,59bf60d67517,1 year ago,qwen\qwen2.5.csv,0.3603515625,False
qwen2.5:0.5b-base-q4_1,375MB,32K,Text,50cc344abeb2,1 year ago,qwen\qwen2.5.csv,0.3662109375,False
qwen2.5:0.5b-instruct-q4_1,375MB,32K,Text,61378941e31f,1 year ago,qwen\qwen2.5.csv,0.3662109375,False
granite4:350m-base-q8_0,378MB,32K,Text,c2242b8fc00c,10 months ago,ibm\granite4.csv,0.369140625,False
granite4:350m-q8_0,378MB,32K,Text,ab70622bfd6d,10 months ago,ibm\granite4.csv,0.369140625,False
qwen2.5:0.5b-instruct-q4_K_S,385MB,32K,Text,6f4611e3bd35,1 year ago,qwen\qwen2.5.csv,0.3759765625,False
qwen2.5:0.5b-base-q4_K_S,385MB,32K,Text,75db83387279,1 year ago,qwen\qwen2.5.csv,0.3759765625,False
qwen:0.5b-chat-v1.5-q4_0,395MB,32K,Text,b5dc5e784f2a,2 years ago,qwen\qwen.csv,0.3857421875,False
qwen:0.5b-text-v1.5-q4_0,395MB,32K,Text,f92ac32068ca,2 years ago,qwen\qwen.csv,0.3857421875,False
qwen:0.5b-chat,395MB,32K,Text,b5dc5e784f2a,2 years ago,qwen\qwen.csv,0.3857421875,False
qwen:0.5b-text,395MB,32K,Text,f92ac32068ca,2 years ago,qwen\qwen.csv,0.3857421875,False
qwen:0.5b-chat-v1.5-q4_K_S,397MB,32K,Text,5d85925638c3,2 years ago,qwen\qwen.csv,0.3876953125,False
qwen2.5:0.5b-base-q5_0,397MB,32K,Text,a30fbb649ad5,1 year ago,qwen\qwen2.5.csv,0.3876953125,False
qwen:0.5b-text-v1.5-q4_K_S,397MB,32K,Text,b0702a4235ed,2 years ago,qwen\qwen.csv,0.3876953125,False
qwen2.5:0.5b-instruct-q5_0,397MB,32K,Text,4a8f6fc82b6e,1 year ago,qwen\qwen2.5.csv,0.3876953125,False
qwen2.5:0.5b-instruct,398MB,32K,Text,a8b0c5157701,1 year ago,qwen\qwen2.5.csv,0.388671875,False
qwen2.5:0.5b-base-q4_K_M,398MB,32K,Text,24c564a74dea,1 year ago,qwen\qwen2.5.csv,0.388671875,False
qwen2.5:0.5b-instruct-q4_K_M,398MB,32K,Text,a8b0c5157701,1 year ago,qwen\qwen2.5.csv,0.388671875,False
qwen2.5:0.5b-base,398MB,32K,Text,24c564a74dea,1 year ago,qwen\qwen2.5.csv,0.388671875,False
qwen2.5:0.5b,398MB,32K,Text,a8b0c5157701,1 year ago,qwen\qwen2.5.csv,0.388671875,False
qwen:0.5b-chat-v1.5-q4_K_M,407MB,32K,Text,e1c9c6192a7e,2 years ago,qwen\qwen.csv,0.3974609375,False
qwen:0.5b-text-v1.5-q4_K_M,407MB,32K,Text,d8d0c86b10cd,2 years ago,qwen\qwen.csv,0.3974609375,False
qwen2.5:0.5b-base-q5_K_S,413MB,32K,Text,2484afe4f04e,1 year ago,qwen\qwen2.5.csv,0.4033203125,False
qwen2.5:0.5b-instruct-q5_K_S,413MB,32K,Text,5830fc2c0193,1 year ago,qwen\qwen2.5.csv,0.4033203125,False
qwen2.5:0.5b-base-q5_1,419MB,32K,Text,c3e31c5b32da,1 year ago,qwen\qwen2.5.csv,0.4091796875,False
qwen2.5:0.5b-instruct-q5_1,419MB,32K,Text,95b03700b65c,1 year ago,qwen\qwen2.5.csv,0.4091796875,False
qwen2.5:0.5b-instruct-q5_K_M,420MB,32K,Text,0762ec590a8c,1 year ago,qwen\qwen2.5.csv,0.41015625,False
qwen:0.5b-chat-v1.5-q4_1,424MB,32K,Text,1bf15c40f38e,2 years ago,qwen\qwen.csv,0.4140625,False
qwen:0.5b-text-v1.5-q4_1,424MB,32K,Text,8634f265be16,2 years ago,qwen\qwen.csv,0.4140625,False
qwen:0.5b-text-v1.5-q5_0,453MB,32K,Text,3822065b797a,2 years ago,qwen\qwen.csv,0.4423828125,False
qwen:0.5b-text-v1.5-q5_K_S,453MB,32K,Text,4ea8ddc7c860,2 years ago,qwen\qwen.csv,0.4423828125,False
qwen:0.5b-chat-v1.5-q5_K_S,453MB,32K,Text,1cf5f7bb58c9,2 years ago,qwen\qwen.csv,0.4423828125,False
qwen:0.5b-chat-v1.5-q5_0,453MB,32K,Text,60ea3fa139a6,2 years ago,qwen\qwen.csv,0.4423828125,False
qwen:0.5b-text-v1.5-q5_K_M,459MB,32K,Text,dcedf0beaf7e,2 years ago,qwen\qwen.csv,0.4482421875,False
qwen:0.5b-chat-v1.5-q5_K_M,459MB,32K,Text,743996dfe09d,2 years ago,qwen\qwen.csv,0.4482421875,False
qwen:0.5b-chat-v1.5-q5_1,482MB,32K,Text,a60a006869f5,2 years ago,qwen\qwen.csv,0.470703125,False
qwen:0.5b-text-v1.5-q5_1,482MB,32K,Text,9f7ae5e6520b,2 years ago,qwen\qwen.csv,0.470703125,False
qwen2.5:0.5b-instruct-q6_K,506MB,32K,Text,ac75f8387539,1 year ago,qwen\qwen2.5.csv,0.494140625,False
granite3-moe:1b-instruct-q2_K,512MB,4K,Text,5965f707577c,1 year ago,granite\granite3-moe.csv,0.5,False
granite3.1-moe:1b-instruct-q2_K,512MB,128K,Text,6c48d7af9884,1 year ago,ibm\granite3.1-moe.csv,0.5,False
granite3.1-moe:1b-base-q2_K,512MB,128K,Text,4f5ae9bf84b7,1 year ago,ibm\granite3.1-moe.csv,0.5,False
granite3-moe:1b-instruct-q2_K,512MB,4K,Text,a81a27cb71de,1 year ago,ibm\granite3-moe.csv,0.5,False
qwen:0.5b-chat-v1.5-q6_K,515MB,32K,Text,0d79ae8737db,2 years ago,qwen\qwen.csv,0.5029296875,False
qwen:0.5b-text-v1.5-q6_K,515MB,32K,Text,c8c2e4f579df,2 years ago,qwen\qwen.csv,0.5029296875,False
granite-docling:258m-bf16,522MB,8K,"Text, Image",c4bb6f55fc69,10 months ago,ibm\granite-docling.csv,0.509765625,False
granite-docling:latest,522MB,8K,"Text, Image",c807e8d2c7e5,10 months ago,ibm\granite-docling.csv,0.509765625,False
granite-docling:258m,522MB,8K,"Text, Image",c4bb6f55fc69,10 months ago,ibm\granite-docling.csv,0.509765625,False
qwen3:0.6b-q4_K_M,523MB,40K,Text,7df6b6e09427,1 year ago,qwen\qwen3.csv,0.5107421875,False
granite3.1-moe:1b-instruct-q2_K,524MB,128K,Text,6521a8fa2f7d,1 year ago,granite\granite3.1-moe.csv,0.51171875,False
granite3-moe:1b-base-q2_K,529MB,4K,Text,3bde6fd68cd9,1 year ago,ibm\granite3-moe.csv,0.5166015625,False
qwen2.5:0.5b-instruct-q8_0,531MB,32K,Text,84d044692a2c,1 year ago,qwen\qwen2.5.csv,0.5185546875,False
qwen2.5:0.5b-base-q8_0,531MB,32K,Text,db0459695543,1 year ago,qwen\qwen2.5.csv,0.5185546875,False
gemma3:270m-it-bf16,543MB,32K,Text,dc598b095ea6,1 year ago,gemma\gemma3.csv,0.5302734375,False
gemma3:270m-it-fp16,543MB,32K,Text,a44af03dd6b3,1 year ago,gemma\gemma3.csv,0.5302734375,False
functiongemma:270m-it-fp16,552MB,32K,Text,ce6e8a1097cd,8 months ago,gemma\functiongemma.csv,0.5390625,False
granite-embedding:278m,563MB,512,Text,5125e69d1c0f,1 year ago,ibm\granite-embedding.csv,0.5498046875,False
granite-embedding:278m,563MB,512,Text,1a37926bf842,1 year ago,granite\granite-embedding.csv,0.5498046875,False
granite-embedding:278m-multilingual-f16,563MB,512,Text,5125e69d1c0f,1 year ago,ibm\granite-embedding.csv,0.5498046875,False
granite-embedding:278m-fp16,563MB,512,Text,1a37926bf842,1 year ago,granite\granite-embedding.csv,0.5498046875,False
llama3.2:1b-text-q2_K,581MB,128K,Text,1e2a8fc966e5,1 year ago,llama\llama3.2.csv,0.5673828125,False
llama3.2:1b-instruct-q2_K,581MB,128K,Text,3718017cfd4e,1 year ago,llama\llama3.2.csv,0.5673828125,False
granite4:1b-h-base-q2_K,589MB,1M,Text,85298a97e1a8,10 months ago,ibm\granite4.csv,0.5751953125,False
granite4:1b-h-q2_K,589MB,1M,Text,10881bb567b9,10 months ago,ibm\granite4.csv,0.5751953125,False
granite3.1-moe:1b-instruct-q3_K_S,598MB,128K,Text,74178e358028,1 year ago,ibm\granite3.1-moe.csv,0.583984375,False
granite3-moe:1b-instruct-q3_K_S,598MB,4K,Text,cab9e1d32d19,1 year ago,granite\granite3-moe.csv,0.583984375,False
granite3.1-moe:1b-base-q3_K_S,598MB,128K,Text,008c5eeae403,1 year ago,ibm\granite3.1-moe.csv,0.583984375,False
granite3-moe:1b-instruct-q3_K_S,598MB,4K,Text,a8a44fdf4a25,1 year ago,ibm\granite3-moe.csv,0.583984375,False
granite3.1-moe:1b-instruct-q3_K_S,610MB,128K,Text,c81277fe1196,1 year ago,granite\granite3.1-moe.csv,0.595703125,False
granite3-moe:1b-base-q3_K_S,619MB,4K,Text,cd0c15ff751e,1 year ago,ibm\granite3-moe.csv,0.6044921875,False
embeddinggemma:latest,622MB,2K,Text,85462619ee72,12 months ago,gemma\embeddinggemma.csv,0.607421875,False
embeddinggemma:300m-bf16,622MB,2K,Text,85462619ee72,12 months ago,gemma\embeddinggemma.csv,0.607421875,False
embeddinggemma:300m,622MB,2K,Text,85462619ee72,12 months ago,gemma\embeddinggemma.csv,0.607421875,False
deepseek-coder:1.3b-base-q2_K,632MB,16K,Text,b4f8c7285df8,2 years ago,deepseek\deepseek-coder.csv,0.6171875,False
deepseek-coder:1.3b-instruct-q2_K,632MB,16K,Text,1ad28239dd09,2 years ago,deepseek\deepseek-coder.csv,0.6171875,False
qwen3-embedding:0.6b-q8_0,639MB,32K,Text,ac6da0dfba84,11 months ago,qwen\qwen3-embedding.csv,0.6240234375,False
qwen3-embedding:0.6b,639MB,32K,Text,ac6da0dfba84,11 months ago,qwen\qwen3-embedding.csv,0.6240234375,False
llama3.2:1b-instruct-q3_K_S,642MB,128K,Text,109ea9f8f55f,1 year ago,llama\llama3.2.csv,0.626953125,False
llama3.2:1b-text-q3_K_S,642MB,128K,Text,c74a13c9d01e,1 year ago,llama\llama3.2.csv,0.626953125,False
deepseek-coder:1.3b-instruct-q3_K_S,659MB,16K,Text,4c1eaf4c63f8,2 years ago,deepseek\deepseek-coder.csv,0.6435546875,False
granite3.1-moe:1b-base-q3_K_M,659MB,128K,Text,0e2f7fc14512,1 year ago,ibm\granite3.1-moe.csv,0.6435546875,False
granite3-moe:1b-instruct-q3_K_M,659MB,4K,Text,ee08f6aba672,1 year ago,ibm\granite3-moe.csv,0.6435546875,False
granite3.1-moe:1b-instruct-q3_K_M,659MB,128K,Text,9c633a5e3790,1 year ago,ibm\granite3.1-moe.csv,0.6435546875,False
granite3-moe:1b-instruct-q3_K_M,659MB,4K,Text,ea6a79b9b3cc,1 year ago,granite\granite3-moe.csv,0.6435546875,False
deepseek-coder:1.3b-base-q3_K_S,659MB,16K,Text,3a3c3bc11d11,2 years ago,deepseek\deepseek-coder.csv,0.6435546875,False
qwen:0.5b-chat-v1.5-q8_0,665MB,32K,Text,38781999773b,2 years ago,qwen\qwen.csv,0.6494140625,False
qwen:0.5b-text-v1.5-q8_0,665MB,32K,Text,c92fe3f525ea,2 years ago,qwen\qwen.csv,0.6494140625,False
llama-guard3:1b-q2_K,667MB,128K,Text,4f4a8f765204,1 year ago,llama\llama-guard3.csv,0.6513671875,False
granite3.1-moe:1b-instruct-q3_K_M,671MB,128K,Text,a9921af691fb,1 year ago,granite\granite3.1-moe.csv,0.6552734375,False
qwen2.5:1.5b-instruct-q2_K,676MB,32K,Text,c239521b8b51,1 year ago,qwen\qwen2.5.csv,0.66015625,False
qwen2.5-coder:1.5b-instruct-q2_K,676MB,32K,Text,5008a5a67b13,1 year ago,qwen\qwen2.5-coder.csv,0.66015625,False
granite3-moe:1b-base-q3_K_M,680MB,4K,Text,30c6e9bd419c,1 year ago,ibm\granite3-moe.csv,0.6640625,False
granite4:350m-h-base-f16,685MB,1M,Text,ab2c68ebd903,10 months ago,ibm\granite4.csv,0.6689453125,False
granite4:350m-h-base-bf16,685MB,1M,Text,d0e2a7befca8,10 months ago,ibm\granite4.csv,0.6689453125,False
granite4:350m-h-f16,685MB,1M,Text,ee5b4752df5b,10 months ago,ibm\granite4.csv,0.6689453125,False
granite4:350m-h-bf16,685MB,1M,Text,c0e597002a17,10 months ago,ibm\granite4.csv,0.6689453125,False
llama3.2:1b-text-q3_K_M,691MB,128K,Text,3bbcd4bb53ad,1 year ago,llama\llama3.2.csv,0.6748046875,False
llama3.2:1b-instruct-q3_K_M,691MB,128K,Text,8459ea7be88f,1 year ago,llama\llama3.2.csv,0.6748046875,False
granite4:1b-h-base-q3_K_S,695MB,1M,Text,04d1bd28c0d1,10 months ago,ibm\granite4.csv,0.6787109375,False
granite4:1b-h-q3_K_S,695MB,1M,Text,f691cbdffe22,10 months ago,ibm\granite4.csv,0.6787109375,False
granite4:1b-base-q2_K,702MB,128K,Text,058f7f8a5050,10 months ago,ibm\granite4.csv,0.685546875,False
granite4:1b-q2_K,702MB,128K,Text,fa4051ba3820,10 months ago,ibm\granite4.csv,0.685546875,False
deepseek-coder:1.3b-instruct-q3_K_M,705MB,16K,Text,1cd27a52ef39,2 years ago,deepseek\deepseek-coder.csv,0.6884765625,False
deepseek-coder:1.3b-base-q3_K_M,705MB,16K,Text,08722dd8ec98,2 years ago,deepseek\deepseek-coder.csv,0.6884765625,False
granite4:350m-f16,708MB,32K,Text,5f406a30dfcd,10 months ago,ibm\granite4.csv,0.69140625,False
granite4:350m-base-f16,708MB,32K,Text,db71f755768b,10 months ago,ibm\granite4.csv,0.69140625,False
granite4:350m-base-bf16,708MB,32K,Text,e22733e34ef0,10 months ago,ibm\granite4.csv,0.69140625,False
granite4:350m-bf16,708MB,32K,Text,5eee845b49c4,10 months ago,ibm\granite4.csv,0.69140625,False
granite3.1-moe:1b-base-q3_K_L,711MB,128K,Text,07fc3b31653e,1 year ago,ibm\granite3.1-moe.csv,0.6943359375,False
granite3.1-moe:1b-instruct-q3_K_L,711MB,128K,Text,a3c5aa2de112,1 year ago,ibm\granite3.1-moe.csv,0.6943359375,False
granite3-moe:1b-instruct-q3_K_L,711MB,4K,Text,bbb955565d3d,1 year ago,granite\granite3-moe.csv,0.6943359375,False
granite3-moe:1b-instruct-q3_K_L,711MB,4K,Text,cce9d2fec272,1 year ago,ibm\granite3-moe.csv,0.6943359375,False
granite3.1-moe:1b-instruct-q3_K_L,724MB,128K,Text,38e819bae7cb,1 year ago,granite\granite3.1-moe.csv,0.70703125,False
granite4:1b-h-q3_K_M,732MB,1M,Text,45a24969d797,10 months ago,ibm\granite4.csv,0.71484375,False
granite4:1b-h-base-q3_K_M,732MB,1M,Text,9a94d8a83cda,10 months ago,ibm\granite4.csv,0.71484375,False
granite3-moe:1b-base-q3_K_L,733MB,4K,Text,3c85e3423f9d,1 year ago,ibm\granite3-moe.csv,0.7158203125,False
llama3.2:1b-instruct-q3_K_L,733MB,128K,Text,1a709e91d2fb,1 year ago,llama\llama3.2.csv,0.7158203125,False
llama3.2:1b-text-q3_K_L,733MB,128K,Text,62d0627d1f48,1 year ago,llama\llama3.2.csv,0.7158203125,False
deepseek-coder:1.3b-base-q3_K_L,745MB,16K,Text,9884474f8e97,2 years ago,deepseek\deepseek-coder.csv,0.7275390625,False
deepseek-coder:1.3b-instruct-q3_K_L,745MB,16K,Text,0d2f32faf31e,2 years ago,deepseek\deepseek-coder.csv,0.7275390625,False
llama-guard3:1b-q3_K_S,755MB,128K,Text,ba60616a0c42,1 year ago,llama\llama-guard3.csv,0.7373046875,False
qwen2.5:1.5b-instruct-q3_K_S,761MB,32K,Text,2ead4934f6e9,1 year ago,qwen\qwen2.5.csv,0.7431640625,False
qwen2.5-coder:1.5b-instruct-q3_K_S,761MB,32K,Text,50b6466504f4,1 year ago,qwen\qwen2.5-coder.csv,0.7431640625,False
granite4:1b-h-q3_K_L,763MB,1M,Text,9996a7ac4deb,10 months ago,ibm\granite4.csv,0.7451171875,False
granite4:1b-h-base-q3_K_L,763MB,1M,Text,9de46b2c53ea,10 months ago,ibm\granite4.csv,0.7451171875,False
granite3.1-moe:1b-instruct-q4_0,768MB,128K,Text,ccae5a934aa0,1 year ago,ibm\granite3.1-moe.csv,0.75,False
granite3-moe:1b-instruct-q4_0,768MB,4K,Text,9b6ee4c08df8,1 year ago,granite\granite3-moe.csv,0.75,False
granite3-moe:1b-instruct-q4_0,768MB,4K,Text,2ec20367b8e4,1 year ago,ibm\granite3-moe.csv,0.75,False
granite3.1-moe:1b-base-q4_0,768MB,128K,Text,9ce38673700d,1 year ago,ibm\granite3.1-moe.csv,0.75,False
llama3.2:1b-instruct-q4_0,771MB,128K,Text,53f2745c8077,1 year ago,llama\llama3.2.csv,0.7529296875,False
llama3.2:1b-text-q4_0,771MB,128K,Text,33ce72b3b1b1,1 year ago,llama\llama3.2.csv,0.7529296875,False
granite3.1-moe:1b-base-q4_K_S,775MB,128K,Text,3eef8013fd1e,1 year ago,ibm\granite3.1-moe.csv,0.7568359375,False
granite3.1-moe:1b-instruct-q4_K_S,775MB,128K,Text,8490555d7cdd,1 year ago,ibm\granite3.1-moe.csv,0.7568359375,False
granite3-moe:1b-instruct-q4_K_S,775MB,4K,Text,80e10919162f,1 year ago,ibm\granite3-moe.csv,0.7568359375,False
granite3-moe:1b-instruct-q4_K_S,775MB,4K,Text,76e6392d08a3,1 year ago,granite\granite3-moe.csv,0.7568359375,False
deepseek-coder:1.3b-base,776MB,16K,Text,3b417b786925,2 years ago,deepseek\deepseek-coder.csv,0.7578125,False
deepseek-coder:1.3b-instruct-q4_0,776MB,16K,Text,3ddd2d3fc8d2,2 years ago,deepseek\deepseek-coder.csv,0.7578125,False
deepseek-coder:1.3b-base-q4_0,776MB,16K,Text,3b417b786925,2 years ago,deepseek\deepseek-coder.csv,0.7578125,False
deepseek-coder:1.3b,776MB,16K,Text,3ddd2d3fc8d2,2 years ago,deepseek\deepseek-coder.csv,0.7578125,False
deepseek-coder:instruct,776MB,16K,Text,3ddd2d3fc8d2,2 years ago,deepseek\deepseek-coder.csv,0.7578125,False
deepseek-coder:base,776MB,16K,Text,3b417b786925,2 years ago,deepseek\deepseek-coder.csv,0.7578125,False
llama3.2:1b-instruct-q4_K_S,776MB,128K,Text,f56eaefc2343,1 year ago,llama\llama3.2.csv,0.7578125,False
deepseek-coder:1.3b-instruct,776MB,16K,Text,3ddd2d3fc8d2,2 years ago,deepseek\deepseek-coder.csv,0.7578125,False
deepseek-coder:latest,776MB,16K,Text,3ddd2d3fc8d2,2 years ago,deepseek\deepseek-coder.csv,0.7578125,False
llama3.2:1b-text-q4_K_S,776MB,128K,Text,06bf8ed406f1,1 year ago,llama\llama3.2.csv,0.7578125,False
granite3.1-moe:1b-instruct-q4_0,781MB,128K,Text,f1e180ae50b0,1 year ago,granite\granite3.1-moe.csv,0.7626953125,False
granite4:1b-base-q3_K_S,786MB,128K,Text,702676384ab6,10 months ago,ibm\granite4.csv,0.767578125,False
granite4:1b-q3_K_S,786MB,128K,Text,ac1ed87332d8,10 months ago,ibm\granite4.csv,0.767578125,False
granite3.1-moe:1b-instruct-q4_K_S,787MB,128K,Text,531849afb99e,1 year ago,granite\granite3.1-moe.csv,0.7685546875,False
granite3-moe:1b-base-q4_0,797MB,4K,Text,bf0c85742d1a,1 year ago,ibm\granite3-moe.csv,0.7783203125,False
granite3-moe:1b-base-q4_K_S,803MB,4K,Text,d5da58ee49b9,1 year ago,ibm\granite3-moe.csv,0.7841796875,False
llama-guard3:1b-q3_K_M,804MB,128K,Text,b78caaa936b2,1 year ago,llama\llama-guard3.csv,0.78515625,False
llama3.2:1b-text-q4_K_M,808MB,128K,Text,131cc658d843,1 year ago,llama\llama3.2.csv,0.7890625,False
llama3.2:1b-instruct-q4_K_M,808MB,128K,Text,22bc6b92eb01,1 year ago,llama\llama3.2.csv,0.7890625,False
deepseek-coder:1.3b-base-q4_K_S,815MB,16K,Text,2c83b95953cd,2 years ago,deepseek\deepseek-coder.csv,0.7958984375,False
deepseek-coder:1.3b-instruct-q4_K_S,815MB,16K,Text,47ca84afbf6d,2 years ago,deepseek\deepseek-coder.csv,0.7958984375,False
gemma3:1b-it-q4_K_M,815MB,32K,Text,8648f39daa8f,1 year ago,gemma\gemma3.csv,0.7958984375,False
granite3-moe:1b,822MB,4K,Text,d84e1e38ee39,1 year ago,granite\granite3-moe.csv,0.802734375,False
granite3-moe:1b,822MB,4K,Text,412eea6889de,1 year ago,ibm\granite3-moe.csv,0.802734375,False
granite3-moe:1b-instruct-q4_K_M,822MB,4K,Text,412eea6889de,1 year ago,ibm\granite3-moe.csv,0.802734375,False
granite3-moe:1b-instruct-q4_K_M,822MB,4K,Text,d84e1e38ee39,1 year ago,granite\granite3-moe.csv,0.802734375,False
granite3.1-moe:1b-base-q4_K_M,822MB,128K,Text,ca456fb7a8c6,1 year ago,ibm\granite3.1-moe.csv,0.802734375,False
granite3-moe:latest,822MB,4K,Text,d84e1e38ee39,1 year ago,granite\granite3-moe.csv,0.802734375,False
granite3.1-moe:1b-instruct-q4_K_M,822MB,128K,Text,510368d8951b,1 year ago,ibm\granite3.1-moe.csv,0.802734375,False
granite3.1-moe:1b,822MB,128K,Text,510368d8951b,1 year ago,ibm\granite3.1-moe.csv,0.802734375,False
qwen2.5:1.5b-instruct-q3_K_M,824MB,32K,Text,5a4d48f91dab,1 year ago,qwen\qwen2.5.csv,0.8046875,False
qwen2.5-coder:1.5b-instruct-q3_K_M,824MB,32K,Text,3100989a4f7e,1 year ago,qwen\qwen2.5-coder.csv,0.8046875,False
qwen3:0.6b-q8_0,832MB,40K,Text,f6358994266d,1 year ago,qwen\qwen3.csv,0.8125,False
llama3.2:1b-instruct-q4_1,832MB,128K,Text,6163c9206d44,1 year ago,llama\llama3.2.csv,0.8125,False
llama3.2:1b-text-q4_1,832MB,128K,Text,280b5553539c,1 year ago,llama\llama3.2.csv,0.8125,False
granite3.1-moe:1b-instruct-q4_K_M,834MB,128K,Text,f825ee9e296f,1 year ago,granite\granite3.1-moe.csv,0.814453125,False
llama-guard3:1b-q3_K_L,845MB,128K,Text,56573dbb7522,1 year ago,llama\llama-guard3.csv,0.8251953125,False
granite3.1-moe:1b-instruct-q4_1,849MB,128K,Text,f7f109bb91ea,1 year ago,ibm\granite3.1-moe.csv,0.8291015625,False
granite3-moe:1b-instruct-q4_1,849MB,4K,Text,c3aa5d722767,1 year ago,granite\granite3-moe.csv,0.8291015625,False
granite3.1-moe:1b-base-q4_1,849MB,128K,Text,a9595d72e87d,1 year ago,ibm\granite3.1-moe.csv,0.8291015625,False
granite3-moe:1b-instruct-q4_1,849MB,4K,Text,64cb2cb753a0,1 year ago,ibm\granite3-moe.csv,0.8291015625,False
granite3-moe:1b-base-q4_K_M,850MB,4K,Text,bf5713f93334,1 year ago,ibm\granite3-moe.csv,0.830078125,False
qwen:1.8b-text-q2_K,853MB,8K,Text,25e8928e67d8,2 years ago,qwen\qwen.csv,0.8330078125,False
qwen:1.8b-chat-q2_K,853MB,8K,Text,467dbacce487,2 years ago,qwen\qwen.csv,0.8330078125,False
deepseek-coder:1.3b-instruct-q4_1,856MB,16K,Text,403b7eec078d,2 years ago,deepseek\deepseek-coder.csv,0.8359375,False
deepseek-coder:1.3b-base-q4_1,856MB,16K,Text,75c6c24f8b9a,2 years ago,deepseek\deepseek-coder.csv,0.8359375,False
granite4:1b-q3_K_M,860MB,128K,Text,ceb1c75e26f1,10 months ago,ibm\granite4.csv,0.83984375,False
granite4:1b-base-q3_K_M,860MB,128K,Text,4952c67a331f,10 months ago,ibm\granite4.csv,0.83984375,False
granite3.1-moe:1b-instruct-q4_1,861MB,128K,Text,d62c69d05bc9,1 year ago,granite\granite3.1-moe.csv,0.8408203125,False
qwen:1.8b-text-v1.5-q2_K,863MB,32K,Text,9fbae281c54a,2 years ago,qwen\qwen.csv,0.8427734375,False
qwen:1.8b-chat-v1.5-q2_K,863MB,32K,Text,5ec5deec0331,2 years ago,qwen\qwen.csv,0.8427734375,False
granite4:1b-h-base-q4_0,868MB,1M,Text,5e5794340010,10 months ago,ibm\granite4.csv,0.84765625,False
granite4:1b-h-q4_0,868MB,1M,Text,02302f39df66,10 months ago,ibm\granite4.csv,0.84765625,False
granite4:1b-h-q4_K_S,873MB,1M,Text,24456b5fd2da,10 months ago,ibm\granite4.csv,0.8525390625,False
granite4:1b-h-base-q4_K_S,873MB,1M,Text,cb390dcab69a,10 months ago,ibm\granite4.csv,0.8525390625,False
deepseek-coder:1.3b-instruct-q4_K_M,874MB,16K,Text,d84d8a173290,2 years ago,deepseek\deepseek-coder.csv,0.853515625,False
deepseek-coder:1.3b-base-q4_K_M,874MB,16K,Text,4e17652b15c5,2 years ago,deepseek\deepseek-coder.csv,0.853515625,False
qwen2.5:1.5b-instruct-q3_K_L,880MB,32K,Text,b16c18a133fa,1 year ago,qwen\qwen2.5.csv,0.859375,False
granite3-moe:1b-base-q4_1,880MB,4K,Text,23f343d74126,1 year ago,ibm\granite3-moe.csv,0.859375,False
qwen2.5-coder:1.5b-instruct-q3_K_L,880MB,32K,Text,ec7d0b60e2cd,1 year ago,qwen\qwen2.5-coder.csv,0.859375,False
llama3.2:1b-instruct-q5_K_S,893MB,128K,Text,751fb3907a1a,1 year ago,llama\llama3.2.csv,0.8720703125,False
llama3.2:1b-text-q5_0,893MB,128K,Text,b51a18e69a04,1 year ago,llama\llama3.2.csv,0.8720703125,False
llama3.2:1b-instruct-q5_0,893MB,128K,Text,e903048bd12a,1 year ago,llama\llama3.2.csv,0.8720703125,False
llama3.2:1b-text-q5_K_S,893MB,128K,Text,297b115ffc1d,1 year ago,llama\llama3.2.csv,0.8720703125,False
granite4:1b-h-q4_K_M,901MB,1M,Text,0edb9a6ca284,10 months ago,ibm\granite4.csv,0.8798828125,False
granite4:1b-h-base-q4_K_M,901MB,1M,Text,1b08c9e641aa,10 months ago,ibm\granite4.csv,0.8798828125,False
llama3.2:1b-text-q5_K_M,912MB,128K,Text,87388f217df5,1 year ago,llama\llama3.2.csv,0.890625,False
llama3.2:1b-instruct-q5_K_M,912MB,128K,Text,3df5a9009be6,1 year ago,llama\llama3.2.csv,0.890625,False
llama-guard3:1b-q4_0,919MB,128K,Text,9ef1b1d8bcf1,1 year ago,llama\llama-guard3.csv,0.8974609375,False
llama-guard3:1b-q4_K_S,923MB,128K,Text,c704818a1eb7,1 year ago,llama\llama-guard3.csv,0.9013671875,False
granite4:1b-q3_K_L,926MB,128K,Text,43668b72fe11,10 months ago,ibm\granite4.csv,0.904296875,False
granite4:1b-base-q3_K_L,926MB,128K,Text,65ffca9fa61c,10 months ago,ibm\granite4.csv,0.904296875,False
granite3-moe:1b-instruct-q5_K_S,929MB,4K,Text,3269f94b9141,1 year ago,ibm\granite3-moe.csv,0.9072265625,False
granite3-moe:1b-instruct-q5_0,929MB,4K,Text,f5b0ed0fd0ad,1 year ago,ibm\granite3-moe.csv,0.9072265625,False
granite3.1-moe:1b-base-q5_K_S,929MB,128K,Text,7c12116ef9d6,1 year ago,ibm\granite3.1-moe.csv,0.9072265625,False
granite3.1-moe:1b-base-q5_0,929MB,128K,Text,97bfbc6ea723,1 year ago,ibm\granite3.1-moe.csv,0.9072265625,False
granite3-moe:1b-instruct-q5_K_S,929MB,4K,Text,427124d0793f,1 year ago,granite\granite3-moe.csv,0.9072265625,False
granite3-moe:1b-instruct-q5_0,929MB,4K,Text,f49b9c68d958,1 year ago,granite\granite3-moe.csv,0.9072265625,False
granite3.1-moe:1b-instruct-q5_0,929MB,128K,Text,275b4a3cdc41,1 year ago,ibm\granite3.1-moe.csv,0.9072265625,False
granite3.1-moe:1b-instruct-q5_K_S,929MB,128K,Text,b5a7417ac31b,1 year ago,ibm\granite3.1-moe.csv,0.9072265625,False
qwen2.5:1.5b-instruct-q4_0,935MB,32K,Text,635e70c8687b,1 year ago,qwen\qwen2.5.csv,0.9130859375,False
qwen2.5-coder:1.5b-instruct-q4_0,935MB,32K,Text,27dfe771df04,1 year ago,qwen\qwen2.5-coder.csv,0.9130859375,False
deepseek-coder:1.3b-instruct-q5_0,936MB,16K,Text,5f4cd944cf61,2 years ago,deepseek\deepseek-coder.csv,0.9140625,False
deepseek-coder:1.3b-base-q5_0,936MB,16K,Text,2d4798d07377,2 years ago,deepseek\deepseek-coder.csv,0.9140625,False
qwen2.5-coder:1.5b-instruct-q4_K_S,940MB,32K,Text,0c75bb7da9d0,1 year ago,qwen\qwen2.5-coder.csv,0.91796875,False
qwen2.5:1.5b-instruct-q4_K_S,940MB,32K,Text,17dd5468f0a7,1 year ago,qwen\qwen2.5.csv,0.91796875,False
granite3.1-moe:1b-instruct-q5_0,941MB,128K,Text,3d8012283ac9,1 year ago,granite\granite3.1-moe.csv,0.9189453125,False
granite3.1-moe:1b-instruct-q5_K_S,941MB,128K,Text,fcc3d042cf51,1 year ago,granite\granite3.1-moe.csv,0.9189453125,False
granite4:1b-h-base-q4_1,950MB,1M,Text,548994e31191,10 months ago,ibm\granite4.csv,0.927734375,False
granite4:1b-h-q4_1,950MB,1M,Text,8eb7be51e860,10 months ago,ibm\granite4.csv,0.927734375,False
deepseek-coder:1.3b-instruct-q5_K_S,953MB,16K,Text,ca290ca9a10a,2 years ago,deepseek\deepseek-coder.csv,0.9306640625,False
deepseek-coder:1.3b-base-q5_K_S,953MB,16K,Text,f2689d6fec98,2 years ago,deepseek\deepseek-coder.csv,0.9306640625,False
llama3.2:1b-text-q5_1,953MB,128K,Text,b495a5b181dd,1 year ago,llama\llama3.2.csv,0.9306640625,False
llama3.2:1b-instruct-q5_1,953MB,128K,Text,910be2666935,1 year ago,llama\llama3.2.csv,0.9306640625,False
llama-guard3:1b-q4_K_M,955MB,128K,Text,f00008beff55,1 year ago,llama\llama-guard3.csv,0.9326171875,False
granite3.1-moe:1b-instruct-q5_K_M,956MB,128K,Text,fe232dba3829,1 year ago,ibm\granite3.1-moe.csv,0.93359375,False
granite3.1-moe:1b-base-q5_K_M,956MB,128K,Text,a8c103ddab62,1 year ago,ibm\granite3.1-moe.csv,0.93359375,False
granite3-moe:1b-instruct-q5_K_M,956MB,4K,Text,c51ea1c8bab3,1 year ago,granite\granite3-moe.csv,0.93359375,False
granite3-moe:1b-instruct-q5_K_M,956MB,4K,Text,0f7b50af0817,1 year ago,ibm\granite3-moe.csv,0.93359375,False
granite3-moe:1b-base-q5_K_S,963MB,4K,Text,b01d5ecb7f71,1 year ago,ibm\granite3-moe.csv,0.9404296875,False
granite3-moe:1b-base-q5_0,963MB,4K,Text,229e3fac3caf,1 year ago,ibm\granite3-moe.csv,0.9404296875,False
granite3.1-moe:1b-instruct-q5_K_M,969MB,128K,Text,6c0ad5f8dbc5,1 year ago,granite\granite3.1-moe.csv,0.9462890625,False
qwen:1.8b-text-v1.5-q3_K_S,970MB,32K,Text,cfddca3d7609,2 years ago,qwen\qwen.csv,0.947265625,False
qwen:1.8b-chat-q3_K_S,970MB,8K,Text,9c807784e6fb,2 years ago,qwen\qwen.csv,0.947265625,False
qwen:1.8b-text-q3_K_S,970MB,8K,Text,6d276d0b0e4d,2 years ago,qwen\qwen.csv,0.947265625,False
qwen:1.8b-chat-v1.5-q3_K_S,970MB,32K,Text,45631575b031,2 years ago,qwen\qwen.csv,0.947265625,False
granite4:1b-base-q4_0,975MB,128K,Text,373f27cac06f,10 months ago,ibm\granite4.csv,0.9521484375,False
granite4:1b-q4_0,975MB,128K,Text,872caea5aeed,10 months ago,ibm\granite4.csv,0.9521484375,False
granite3.1-dense:2b-instruct-q2_K,978MB,128K,Text,5eecbc140e7b,1 year ago,ibm\granite3.1-dense.csv,0.955078125,False
granite3.1-dense:2b-base-q2_K,978MB,128K,Text,0af90f3e2aa0,1 year ago,ibm\granite3.1-dense.csv,0.955078125,False
granite3-dense:2b-base-q2_K,978MB,4K,Text,aa3a82c06828,1 year ago,ibm\granite3-dense.csv,0.955078125,False
granite3.3:2b-base-q2_K,978MB,128K,Text,87bb55e269d4,1 year ago,ibm\granite3.3.csv,0.955078125,False
granite3.2:2b-instruct-q2_K,978MB,128K,Text,1d3a38db6ba9,1 year ago,ibm\granite3.2.csv,0.955078125,False
granite3.3:2b-instruct-q2_K,978MB,128K,Text,0f179758a23c,1 year ago,ibm\granite3.3.csv,0.955078125,False
granite4:1b-base-q4_K_S,981MB,128K,Text,c00347af2bb9,10 months ago,ibm\granite4.csv,0.9580078125,False
granite4:1b-q4_K_S,981MB,128K,Text,41096a47db73,10 months ago,ibm\granite4.csv,0.9580078125,False
qwen2.5:1.5b-instruct,986MB,32K,Text,65ec06548149,1 year ago,qwen\qwen2.5.csv,0.962890625,False
qwen2.5:1.5b-instruct-q4_K_M,986MB,32K,Text,65ec06548149,1 year ago,qwen\qwen2.5.csv,0.962890625,False
qwen2.5:1.5b,986MB,32K,Text,65ec06548149,1 year ago,qwen\qwen2.5.csv,0.962890625,False
qwen2.5-coder:1.5b-instruct,986MB,32K,Text,d7372fd82851,1 year ago,qwen\qwen2.5-coder.csv,0.962890625,False
granite3-moe:1b-base-q5_K_M,991MB,4K,Text,237914d52501,1 year ago,ibm\granite3-moe.csv,0.9677734375,False
qwen2.5:0.5b-instruct-fp16,994MB,32K,Text,c82efd44bfdc,1 year ago,qwen\qwen2.5.csv,0.970703125,False
llama-guard3:1b-q4_1,996MB,128K,Text,472f17649b81,1 year ago,llama\llama-guard3.csv,0.97265625,False
deepseek-coder:1.3b-base-q5_1,1.0GB,16K,Text,2eb01ebad3f6,2 years ago,deepseek\deepseek-coder.csv,1.0,False
qwen3.5:0.8b-nvfp4,MLX 1.0GB,256K,"Text, Image",6d2b253cfc04,5 months ago,qwen\qwen3.5.csv,1.0,False
qwen3.5:0.8b-q8_0,1.0GB,256K,"Text, Image",f3817196d142,6 months ago,qwen\qwen3.5.csv,1.0,False
qwen3.5:0.8b,1.0GB,256K,"Text, Image",f3817196d142,6 months ago,qwen\qwen3.5.csv,1.0,False
deepseek-coder:1.3b-base-q5_K_M,1.0GB,16K,Text,2940f35e76bc,2 years ago,deepseek\deepseek-coder.csv,1.0,False
granite3.1-moe:1b-instruct-q5_1,1.0GB,128K,Text,39b91d40cf9e,1 year ago,granite\granite3.1-moe.csv,1.0,False
granite4:1b-base-q4_K_M,1.0GB,128K,Text,c8892f62bfcd,10 months ago,ibm\granite4.csv,1.0,False
granite3-dense:2b-instruct-q2_K,1.0GB,4K,Text,4595ebb16046,1 year ago,ibm\granite3-dense.csv,1.0,False
granite4:1b-h-base-q5_K_M,1.0GB,1M,Text,9e3e981b1b33,10 months ago,ibm\granite4.csv,1.0,False
granite4:1b-h-q5_K_S,1.0GB,1M,Text,8154dcc811d0,10 months ago,ibm\granite4.csv,1.0,False
granite4:1b-h-base-q5_K_S,1.0GB,1M,Text,d678bd8ddc91,10 months ago,ibm\granite4.csv,1.0,False
granite3.1-dense:2b-instruct-q2_K,1.0GB,128K,Text,f412eb659c66,1 year ago,granite\granite3.1-dense.csv,1.0,False
granite3-moe:1b-instruct-q5_1,1.0GB,4K,Text,f1dbdb4ce40f,1 year ago,granite\granite3-moe.csv,1.0,False
granite4:1b-h-q5_K_M,1.0GB,1M,Text,2e60bc7b0025,10 months ago,ibm\granite4.csv,1.0,False
granite4:1b-h-base-q5_0,1.0GB,1M,Text,3d9d4e2c0945,10 months ago,ibm\granite4.csv,1.0,False
granite4:1b-h-q5_0,1.0GB,1M,Text,4f1206d96a08,10 months ago,ibm\granite4.csv,1.0,False
granite4:1b-q4_K_M,1.0GB,128K,Text,2ab52bcf7214,10 months ago,ibm\granite4.csv,1.0,False
granite3-moe:1b-base-q5_1,1.0GB,4K,Text,b742c7900989,1 year ago,ibm\granite3-moe.csv,1.0,False
gemma3:1b-it-qat,1.0GB,32K,Text,b491bd3989c6,1 year ago,gemma\gemma3.csv,1.0,False
qwen:1.8b-text-v1.5-q3_K_M,1.0GB,32K,Text,1e00ca7ca1af,2 years ago,qwen\qwen.csv,1.0,False
qwen:1.8b-text-q3_K_M,1.0GB,8K,Text,2d9bc3e28126,2 years ago,qwen\qwen.csv,1.0,False
qwen2.5:1.5b-instruct-q4_1,1.0GB,32K,Text,4543b48a5085,1 year ago,qwen\qwen2.5.csv,1.0,False
granite3-moe:1b-instruct-q5_1,1.0GB,4K,Text,b67f2065e097,1 year ago,ibm\granite3-moe.csv,1.0,False
granite3-dense:2b-instruct-q2_K,1.0GB,4K,Text,2261d92d6175,1 year ago,granite\granite3-dense.csv,1.0,False
deepseek-coder:1.3b-instruct-q5_1,1.0GB,16K,Text,334319021268,2 years ago,deepseek\deepseek-coder.csv,1.0,False
granite3.1-moe:1b-instruct-q5_1,1.0GB,128K,Text,10299ee73867,1 year ago,ibm\granite3.1-moe.csv,1.0,False
qwen2.5-coder:1.5b-instruct-q4_1,1.0GB,32K,Text,29e8647bfa15,1 year ago,qwen\qwen2.5-coder.csv,1.0,False
granite3.1-moe:1b-base-q5_1,1.0GB,128K,Text,1ea493b96031,1 year ago,ibm\granite3.1-moe.csv,1.0,False
qwen:1.8b-chat-v1.5-q3_K_M,1.0GB,32K,Text,1e7a582ce4d6,2 years ago,qwen\qwen.csv,1.0,False
qwen:1.8b-chat-q3_K_M,1.0GB,8K,Text,f7be0cbb0c5c,2 years ago,qwen\qwen.csv,1.0,False
llama3.2:1b-text-q6_K,1.0GB,128K,Text,8ed38933c055,1 year ago,llama\llama3.2.csv,1.0,False
deepseek-coder:1.3b-instruct-q5_K_M,1.0GB,16K,Text,2ff0e9282aba,2 years ago,deepseek\deepseek-coder.csv,1.0,False
llama3.2:1b-instruct-q6_K,1.0GB,128K,Text,4a2e49e49240,1 year ago,llama\llama3.2.csv,1.0,False
gemma3:1b-it-q8_0,1.1GB,32K,Text,0fdb9c7fefee,1 year ago,gemma\gemma3.csv,1.1,False
qwen:1.8b-text-q4_0,1.1GB,8K,Text,03dc8b7a4353,2 years ago,qwen\qwen.csv,1.1,False
qwen:1.8b-text,1.1GB,32K,Text,617cceb63756,2 years ago,qwen\qwen.csv,1.1,False
qwen2.5:1.5b-instruct-q5_0,1.1GB,32K,Text,267c3094f0b0,1 year ago,qwen\qwen2.5.csv,1.1,False
qwen:1.8b-text-v1.5-q4_0,1.1GB,32K,Text,617cceb63756,2 years ago,qwen\qwen.csv,1.1,False
qwen2.5:1.5b-instruct-q5_K_S,1.1GB,32K,Text,4dce61337043,1 year ago,qwen\qwen2.5.csv,1.1,False
granite3-moe:1b-instruct-q6_K,1.1GB,4K,Text,05a13dc5e171,1 year ago,ibm\granite3-moe.csv,1.1,False
qwen2.5:1.5b-instruct-q5_K_M,1.1GB,32K,Text,7a0e895425bc,1 year ago,qwen\qwen2.5.csv,1.1,False
granite3.1-dense:2b-instruct-q3_K_S,1.1GB,128K,Text,6989bf9381bd,1 year ago,ibm\granite3.1-dense.csv,1.1,False
qwen2.5-coder:1.5b-base-q5_K_S,1.1GB,32K,Text,3fee77d92bdb,1 year ago,qwen\qwen2.5-coder.csv,1.1,False
qwen2.5-coder:1.5b-base-q5_K_M,1.1GB,32K,Text,654fda51b75d,1 year ago,qwen\qwen2.5-coder.csv,1.1,False
qwen2.5-coder:1.5b-instruct-q5_0,1.1GB,32K,Text,b3359588c67d,1 year ago,qwen\qwen2.5-coder.csv,1.1,False
qwen2.5-coder:1.5b-instruct-q5_K_S,1.1GB,32K,Text,ef800a86cb7d,1 year ago,qwen\qwen2.5-coder.csv,1.1,False
qwen:1.8b-chat,1.1GB,32K,Text,b6e8ec2e7126,2 years ago,qwen\qwen.csv,1.1,False
qwen:1.8b-chat-v1.5-q3_K_L,1.1GB,32K,Text,7e69fb050fc6,2 years ago,qwen\qwen.csv,1.1,False
llama-guard3:1b-q5_0,1.1GB,128K,Text,addf16c29474,1 year ago,llama\llama-guard3.csv,1.1,False
qwen:1.8b-chat-v1.5-q4_0,1.1GB,32K,Text,b6e8ec2e7126,2 years ago,qwen\qwen.csv,1.1,False
qwen:1.8b-chat-q4_0,1.1GB,8K,Text,ef087b004e83,2 years ago,qwen\qwen.csv,1.1,False
qwen:1.8b-text-q3_K_L,1.1GB,8K,Text,b6d15127867d,2 years ago,qwen\qwen.csv,1.1,False
granite3.1-dense:2b-base-q3_K_S,1.1GB,128K,Text,7729e350c3ba,1 year ago,ibm\granite3.1-dense.csv,1.1,False
qwen:1.8b-text-v1.5-q3_K_L,1.1GB,32K,Text,55006f44ba8f,2 years ago,qwen\qwen.csv,1.1,False
granite3.1-moe:1b-instruct-q6_K,1.1GB,128K,Text,72cde855354e,1 year ago,granite\granite3.1-moe.csv,1.1,False
granite4:1b-base-q4_1,1.1GB,128K,Text,47e34d293042,10 months ago,ibm\granite4.csv,1.1,False
granite3-dense:2b-base-q3_K_S,1.1GB,4K,Text,8c5c4047dc74,1 year ago,ibm\granite3-dense.csv,1.1,False
granite3-moe:1b-base-q6_K,1.1GB,4K,Text,ffedebb21268,1 year ago,ibm\granite3-moe.csv,1.1,False
granite4:1b-h-base-q5_1,1.1GB,1M,Text,c689da56298f,10 months ago,ibm\granite4.csv,1.1,False
granite4:1b-h-q5_1,1.1GB,1M,Text,adbc7ffd477c,10 months ago,ibm\granite4.csv,1.1,False
granite3-moe:1b-instruct-q6_K,1.1GB,4K,Text,a585cc84307b,1 year ago,granite\granite3-moe.csv,1.1,False
granite4:1b-q4_1,1.1GB,128K,Text,db76cdf9bdfd,10 months ago,ibm\granite4.csv,1.1,False
granite3.3:2b-instruct-q3_K_S,1.1GB,128K,Text,e14331e9f31c,1 year ago,ibm\granite3.3.csv,1.1,False
granite3.3:2b-base-q3_K_S,1.1GB,128K,Text,f3aa60c085d1,1 year ago,ibm\granite3.3.csv,1.1,False
llama-guard3:1b-q5_K_M,1.1GB,128K,Text,ce0d5502e1e3,1 year ago,llama\llama-guard3.csv,1.1,False
llama-guard3:1b-q5_K_S,1.1GB,128K,Text,0d2095859cf0,1 year ago,llama\llama-guard3.csv,1.1,False
granite3.1-moe:1b-instruct-q6_K,1.1GB,128K,Text,aee50fe583ed,1 year ago,ibm\granite3.1-moe.csv,1.1,False
qwen2.5-coder:1.5b-instruct-q5_K_M,1.1GB,32K,Text,75166f189bc7,1 year ago,qwen\qwen2.5-coder.csv,1.1,False
qwen:1.8b-chat-q3_K_L,1.1GB,8K,Text,e3d057690a37,2 years ago,qwen\qwen.csv,1.1,False
granite3.1-moe:1b-base-q6_K,1.1GB,128K,Text,18e7c5020bca,1 year ago,ibm\granite3.1-moe.csv,1.1,False
granite3.2:2b-instruct-q3_K_S,1.1GB,128K,Text,f55e065ed93e,1 year ago,ibm\granite3.2.csv,1.1,False
qwen2.5-coder:1.5b-base-q5_0,1.1GB,32K,Text,b4c976b09f43,1 year ago,qwen\qwen2.5-coder.csv,1.1,False
deepseek-r1:1.5b-qwen-distill-q4_K_M,1.1GB,128K,Text,e0979632db5a,1 year ago,deepseek\deepseek-r1.csv,1.1,False
deepseek-r1:1.5b,1.1GB,128K,Text,e0979632db5a,1 year ago,deepseek\deepseek-r1.csv,1.1,False
gemma2:2b-text-q2_K,1.2GB,8K,Text,dc8ae2e5288f,2 years ago,gemma\gemma2.csv,1.2,False
qwen:0.5b-text-v1.5-fp16,1.2GB,32K,Text,9cedb3d846db,2 years ago,qwen\qwen.csv,1.2,False
gemma2:2b-instruct-q2_K,1.2GB,8K,Text,470392386d3f,2 years ago,gemma\gemma2.csv,1.2,False
llama-guard3:1b-q6_K,1.2GB,128K,Text,fa99080590a2,1 year ago,llama\llama-guard3.csv,1.2,False
qwen:0.5b-chat-v1.5-fp16,1.2GB,32K,Text,967f7a3593ba,2 years ago,qwen\qwen.csv,1.2,False
qwen:1.8b-chat-v1.5-q4_1,1.2GB,32K,Text,5520d901c708,2 years ago,qwen\qwen.csv,1.2,False
qwen2.5-coder:1.5b-instruct-q5_1,1.2GB,32K,Text,fe1d72286fc6,1 year ago,qwen\qwen2.5-coder.csv,1.2,False
qwen3-embedding:0.6b-fp16,1.2GB,32K,Text,67a7592a8852,11 months ago,qwen\qwen3-embedding.csv,1.2,False
granite3.1-moe:3b-instruct-q2_K,1.2GB,128K,Text,35264d5bbda2,1 year ago,ibm\granite3.1-moe.csv,1.2,False
gemma:2b-instruct-v1.1-q2_K,1.2GB,8K,Text,8be00e58cf4f,2 years ago,gemma\gemma.csv,1.2,False
phi:2.7b-chat-v2-q2_K,1.2GB,2K,Text,,,phi\phi.csv,1.2,False
llama-guard3:1b-q5_1,1.2GB,128K,Text,b50f55fc799b,1 year ago,llama\llama-guard3.csv,1.2,False
qwen:1.8b-chat-q4_1,1.2GB,8K,Text,e422a7c56e8a,2 years ago,qwen\qwen.csv,1.2,False
qwen3.5:0.8b-mlx,MLX 1.2GB,256K,"Text, Image",12f40a7f8473,2 days ago,qwen\qwen3.5.csv,1.2,False
codegemma:2b-code-v1.1-q2_K,1.2GB,8K,Text,,,gemma\codegemma.csv,1.2,False
qwen:1.8b-chat-q4_K_S,1.2GB,8K,Text,d04762cf1457,2 years ago,qwen\qwen.csv,1.2,False
qwen2.5-coder:1.5b-base-q5_1,1.2GB,32K,Text,88c33ad03a34,1 year ago,qwen\qwen2.5-coder.csv,1.2,False
qwen:1.8b-chat-v1.5-q4_K_S,1.2GB,32K,Text,318bbcfbbcb1,2 years ago,qwen\qwen.csv,1.2,False
qwen:1.8b-chat-q4_K_M,1.2GB,8K,Text,9c250efbd096,2 years ago,qwen\qwen.csv,1.2,False
qwen:1.8b-chat-v1.5-q4_K_M,1.2GB,32K,Text,27cd5d607aa3,2 years ago,qwen\qwen.csv,1.2,False
granite4:1b-q5_K_S,1.2GB,128K,Text,eac37d5e201d,10 months ago,ibm\granite4.csv,1.2,False
qwen2.5:1.5b-instruct-q5_1,1.2GB,32K,Text,828d5d698355,1 year ago,qwen\qwen2.5.csv,1.2,False
granite3-dense:2b-instruct-q3_K_S,1.2GB,4K,Text,7c6af70b9f11,1 year ago,granite\granite3-dense.csv,1.2,False
granite4:1b-q5_1,1.2GB,128K,Text,a941848b3f4b,10 months ago,ibm\granite4.csv,1.2,False
granite4:1b-q5_0,1.2GB,128K,Text,359eb5246771,10 months ago,ibm\granite4.csv,1.2,False
granite4:micro-h-base-q2_K,1.2GB,1M,Text,113c594e03e4,11 months ago,ibm\granite4.csv,1.2,False
granite4:micro-h-q2_K,1.2GB,1M,Text,e0b4698bef6f,11 months ago,ibm\granite4.csv,1.2,False
granite4:1b-q5_K_M,1.2GB,128K,Text,04919a96d1c0,10 months ago,ibm\granite4.csv,1.2,False
granite3.1-moe:3b-base-q2_K,1.2GB,128K,Text,ff164715b26e,1 year ago,ibm\granite3.1-moe.csv,1.2,False
qwen:1.8b-text-q4_K_S,1.2GB,8K,Text,35417f1033ba,2 years ago,qwen\qwen.csv,1.2,False
shieldgemma:2b-q2_K,1.2GB,8K,Text,8fe6125835d8,1 year ago,gemma\shieldgemma.csv,1.2,False
granite4:1b-h-q6_K,1.2GB,1M,Text,47d126dc2b8e,10 months ago,ibm\granite4.csv,1.2,False
qwen:1.8b-text-q4_K_M,1.2GB,8K,Text,8f4011c63861,2 years ago,qwen\qwen.csv,1.2,False
qwen:1.8b-text-v1.5-q4_K_S,1.2GB,32K,Text,9de4291d63b0,2 years ago,qwen\qwen.csv,1.2,False
granite3.1-dense:2b-instruct-q3_K_S,1.2GB,128K,Text,74791f52899c,1 year ago,granite\granite3.1-dense.csv,1.2,False
granite4:1b-h-base-q6_K,1.2GB,1M,Text,25f67dce907b,10 months ago,ibm\granite4.csv,1.2,False
granite4:1b-base-q5_K_M,1.2GB,128K,Text,8b421f6fb5d3,10 months ago,ibm\granite4.csv,1.2,False
granite4:1b-base-q5_1,1.2GB,128K,Text,7f6307f2cc8c,10 months ago,ibm\granite4.csv,1.2,False
qwen:1.8b-text-v1.5-q4_K_M,1.2GB,32K,Text,2120d6a01bc3,2 years ago,qwen\qwen.csv,1.2,False
qwen:1.8b-text-q4_1,1.2GB,8K,Text,9d03e4ff6283,2 years ago,qwen\qwen.csv,1.2,False
qwen:1.8b-text-v1.5-q4_1,1.2GB,32K,Text,9c3064af8a6a,2 years ago,qwen\qwen.csv,1.2,False
granite4:1b-base-q5_0,1.2GB,128K,Text,c7baa7aa30e8,10 months ago,ibm\granite4.csv,1.2,False
granite4:1b-base-q5_K_S,1.2GB,128K,Text,dee359a7888b,10 months ago,ibm\granite4.csv,1.2,False
deepseek-coder:1.3b-base-q6_K,1.2GB,16K,Text,87397ba29cd4,2 years ago,deepseek\deepseek-coder.csv,1.2,False
deepseek-coder:1.3b-instruct-q6_K,1.2GB,16K,Text,ce574ed6d34f,2 years ago,deepseek\deepseek-coder.csv,1.2,False
qwen3.5:0.8b-mxfp8,MLX 1.2GB,256K,"Text, Image",12f40a7f8473,2 days ago,qwen\qwen3.5.csv,1.2,False
granite3-dense:2b-instruct-q3_K_S,1.2GB,4K,Text,f22819cd568a,1 year ago,ibm\granite3-dense.csv,1.2,False
codegemma:2b-code-q2_K,1.2GB,8K,Text,,,gemma\codegemma.csv,1.2,False
llama3.2:1b-text-q8_0,1.3GB,128K,Text,943f46940dae,1 year ago,llama\llama3.2.csv,1.3,False
codegemma:2b-code-q3_K_S,1.3GB,8K,Text,,,gemma\codegemma.csv,1.3,False
llama3.2:1b-instruct-q8_0,1.3GB,128K,Text,baf6a787fdff,1 year ago,llama\llama3.2.csv,1.3,False
granite3-dense:2b-instruct-q3_K_M,1.3GB,4K,Text,c08ae454856c,1 year ago,granite\granite3-dense.csv,1.3,False
granite3-moe:3b-base-q2_K,1.3GB,4K,Text,851f85ebe97b,1 year ago,ibm\granite3-moe.csv,1.3,False
qwen:1.8b-text-v1.5-q5_K_S,1.3GB,32K,Text,b12f16343645,2 years ago,qwen\qwen.csv,1.3,False
qwen:1.8b-text-q5_K_S,1.3GB,8K,Text,fc7b98d4110c,2 years ago,qwen\qwen.csv,1.3,False
granite3-moe:3b-instruct-q2_K,1.3GB,4K,Text,48ee4c1b7090,1 year ago,granite\granite3-moe.csv,1.3,False
granite3-dense:2b-instruct-q3_K_M,1.3GB,4K,Text,497d255beef8,1 year ago,ibm\granite3-dense.csv,1.3,False
granite4:1b-base-q6_K,1.3GB,128K,Text,506968fbbf51,10 months ago,ibm\granite4.csv,1.3,False
granite3.1-moe:3b-instruct-q2_K,1.3GB,128K,Text,7ea974a9d11f,1 year ago,granite\granite3.1-moe.csv,1.3,False
granite3-dense:2b-base-q3_K_M,1.3GB,4K,Text,ab143329c189,1 year ago,ibm\granite3-dense.csv,1.3,False
qwen:1.8b-text-q5_0,1.3GB,8K,Text,5dee62f8b270,2 years ago,qwen\qwen.csv,1.3,False
qwen2.5-coder:3b-instruct-q2_K,1.3GB,32K,Text,ae1e7fbfd6ff,1 year ago,qwen\qwen2.5-coder.csv,1.3,False
qwen:1.8b-text-v1.5-q5_0,1.3GB,32K,Text,fbc1dd7dbb3f,2 years ago,qwen\qwen.csv,1.3,False
granite3.1-dense:2b-base-q3_K_M,1.3GB,128K,Text,60f852922ea6,1 year ago,ibm\granite3.1-dense.csv,1.3,False
qwen2.5-coder:1.5b-base-q6_K,1.3GB,32K,Text,ee6aadc25edf,1 year ago,qwen\qwen2.5-coder.csv,1.3,False
qwen2.5:3b-instruct-q2_K,1.3GB,32K,Text,1fe27cd0c26a,1 year ago,qwen\qwen2.5.csv,1.3,False
granite3-moe:3b-instruct-q2_K,1.3GB,4K,Text,dc7d3a081cda,1 year ago,ibm\granite3-moe.csv,1.3,False
gemma:2b-instruct-q2_K,1.3GB,8K,Text,462aa639add9,2 years ago,gemma\gemma.csv,1.3,False
codegemma:2b-code-v1.1-q3_K_S,1.3GB,8K,Text,,,gemma\codegemma.csv,1.3,False
gemma:2b-instruct-v1.1-q3_K_S,1.3GB,8K,Text,fa7ef5ec4918,2 years ago,gemma\gemma.csv,1.3,False
qwen:1.8b-chat-q5_K_S,1.3GB,8K,Text,857ae180d71f,2 years ago,qwen\qwen.csv,1.3,False
granite3.3:2b-base-q3_K_M,1.3GB,128K,Text,8a89d4f16e80,1 year ago,ibm\granite3.3.csv,1.3,False
llama3.2:1b,1.3GB,128K,Text,baf6a787fdff,1 year ago,llama\llama3.2.csv,1.3,False
qwen:1.8b-chat-v1.5-q5_0,1.3GB,32K,Text,942791d6df80,2 years ago,qwen\qwen.csv,1.3,False
qwen2.5:1.5b-instruct-q6_K,1.3GB,32K,Text,03ec957c269f,1 year ago,qwen\qwen2.5.csv,1.3,False
qwen:1.8b-chat-v1.5-q5_K_S,1.3GB,32K,Text,63a97b074a77,2 years ago,qwen\qwen.csv,1.3,False
granite3.1-dense:2b-instruct-q3_K_M,1.3GB,128K,Text,d21b926872b8,1 year ago,ibm\granite3.1-dense.csv,1.3,False
qwen2.5-coder:3b-base-q2_K,1.3GB,32K,Text,7bd2c4ab30c1,1 year ago,qwen\qwen2.5-coder.csv,1.3,False
granite3.1-dense:2b-instruct-q3_K_M,1.3GB,128K,Text,d65eb61a1e65,1 year ago,granite\granite3.1-dense.csv,1.3,False
granite4:1b-q6_K,1.3GB,128K,Text,d613923cdcae,10 months ago,ibm\granite4.csv,1.3,False
qwen:1.8b-chat-q5_0,1.3GB,8K,Text,39b08d9c553f,2 years ago,qwen\qwen.csv,1.3,False
granite3.2:2b-instruct-q3_K_M,1.3GB,128K,Text,0959bec6d9cd,1 year ago,ibm\granite3.2.csv,1.3,False
qwen2.5-coder:1.5b-instruct-q6_K,1.3GB,32K,Text,883db0c781e0,1 year ago,qwen\qwen2.5-coder.csv,1.3,False
phi:2.7b-chat-v2-q3_K_S,1.3GB,2K,Text,,,phi\phi.csv,1.3,False
granite3.3:2b-instruct-q3_K_M,1.3GB,128K,Text,34a621e9099f,1 year ago,ibm\granite3.3.csv,1.3,False
gemma:2b-text-q2_K,1.3GB,8K,Text,fa08f447fb74,2 years ago,gemma\gemma.csv,1.3,False
granite4:micro-q2_K,1.4GB,128K,Text,e334ebe56cfe,11 months ago,ibm\granite4.csv,1.4,False
granite3-moe:1b-instruct-q8_0,1.4GB,4K,Text,1da557af245f,1 year ago,ibm\granite3-moe.csv,1.4,False
granite3-dense:2b-instruct-q3_K_L,1.4GB,4K,Text,201ccf1522e8,1 year ago,granite\granite3-dense.csv,1.4,False
qwen:1.8b-chat-q5_K_M,1.4GB,8K,Text,8341fb324ce5,2 years ago,qwen\qwen.csv,1.4,False
qwen:1.8b-chat-v1.5-q5_K_M,1.4GB,32K,Text,c3c9b43d0ae7,2 years ago,qwen\qwen.csv,1.4,False
granite4:micro-base-q2_K,1.4GB,128K,Text,aabf3f4482b6,11 months ago,ibm\granite4.csv,1.4,False
shieldgemma:2b-q3_K_S,1.4GB,8K,Text,ed1adf76cf49,1 year ago,gemma\shieldgemma.csv,1.4,False
granite4.1:3b-q2_K,1.4GB,128K,Text,41d7e7e6dc59,4 months ago,ibm\granite4.1.csv,1.4,False
granite3.1-moe:1b-instruct-q8_0,1.4GB,128K,Text,3269ce3e31ea,1 year ago,granite\granite3.1-moe.csv,1.4,False
granite3-dense:2b-base-q3_K_L,1.4GB,4K,Text,d073c1711638,1 year ago,ibm\granite3-dense.csv,1.4,False
deepseek-coder:1.3b-instruct-q8_0,1.4GB,16K,Text,44e92342b6c8,2 years ago,deepseek\deepseek-coder.csv,1.4,False
llama3.2:3b-text-q2_K,1.4GB,128K,Text,dd1eb967998d,1 year ago,llama\llama3.2.csv,1.4,False
qwen3:1.7b-q4_K_M,1.4GB,40K,Text,8f68893c685c,1 year ago,qwen\qwen3.csv,1.4,False
deepseek-coder:1.3b-base-q8_0,1.4GB,16K,Text,71f702eff852,2 years ago,deepseek\deepseek-coder.csv,1.4,False
granite3-dense:2b-instruct-q3_K_L,1.4GB,4K,Text,8b4a92109823,1 year ago,ibm\granite3-dense.csv,1.4,False
qwen:1.8b-text-v1.5-q5_1,1.4GB,32K,Text,110bb7065fe0,2 years ago,qwen\qwen.csv,1.4,False
granite4.1:3b-q2_K,1.4GB,128K,Text,41d7e7e6dc59,4 months ago,granite\granite4.1.csv,1.4,False
qwen:1.8b-text-q5_1,1.4GB,8K,Text,1ace6d0d6868,2 years ago,qwen\qwen.csv,1.4,False
qwen:1.8b-text-q5_K_M,1.4GB,8K,Text,ba3f032feb07,2 years ago,qwen\qwen.csv,1.4,False
granite3.1-moe:1b,1.4GB,128K,Text,3269ce3e31ea,1 year ago,granite\granite3.1-moe.csv,1.4,False
granite3.1-dense:2b-instruct-q3_K_L,1.4GB,128K,Text,85ad99cb9a18,1 year ago,granite\granite3.1-dense.csv,1.4,False
granite3-moe:1b-instruct-q8_0,1.4GB,4K,Text,84f7efa9cc2d,1 year ago,granite\granite3-moe.csv,1.4,False
qwen:1.8b-text-v1.5-q5_K_M,1.4GB,32K,Text,e2aedf4a65d7,2 years ago,qwen\qwen.csv,1.4,False
granite3.1-dense:2b-base-q3_K_L,1.4GB,128K,Text,11eaf289883f,1 year ago,ibm\granite3.1-dense.csv,1.4,False
granite3.3:2b-instruct-q3_K_L,1.4GB,128K,Text,e4695d7ed6a6,1 year ago,ibm\granite3.3.csv,1.4,False
granite3.1-dense:2b-instruct-q3_K_L,1.4GB,128K,Text,c86015ddf1b0,1 year ago,ibm\granite3.1-dense.csv,1.4,False
codegemma:2b-code-v1.1-q3_K_M,1.4GB,8K,Text,,,gemma\codegemma.csv,1.4,False
gemma:2b-instruct-q3_K_S,1.4GB,8K,Text,1147ae8910c1,2 years ago,gemma\gemma.csv,1.4,False
phi3:3.8b-mini-128k-instruct-q2_K,1.4GB,4K,Text,0dc429b5761b,2 years ago,phi\phi3.csv,1.4,False
phi3:3.8b-mini-4k-instruct-q2_K,1.4GB,4K,Text,f71db22ea23b,2 years ago,phi\phi3.csv,1.4,False
gemma:2b-instruct-v1.1-q3_K_M,1.4GB,8K,Text,5bb1882722eb,2 years ago,gemma\gemma.csv,1.4,False
granite3.2:2b-instruct-q3_K_L,1.4GB,128K,Text,5fadf81b47f9,1 year ago,ibm\granite3.2.csv,1.4,False
qwen:1.8b-chat-q5_1,1.4GB,8K,Text,ac833a41e88c,2 years ago,qwen\qwen.csv,1.4,False
granite3.3:2b-base-q3_K_L,1.4GB,128K,Text,3c98db82ae02,1 year ago,ibm\granite3.3.csv,1.4,False
gemma2:2b-instruct-q3_K_S,1.4GB,8K,Text,23e3c31b0102,2 years ago,gemma\gemma2.csv,1.4,False
gemma2:2b-text-q3_K_S,1.4GB,8K,Text,79e51c86c582,2 years ago,gemma\gemma2.csv,1.4,False
gemma:2b-text-q3_K_S,1.4GB,8K,Text,30edc7975a67,2 years ago,gemma\gemma.csv,1.4,False
qwen:1.8b-chat-v1.5-q5_1,1.4GB,32K,Text,5cb573856803,2 years ago,qwen\qwen.csv,1.4,False
phi3.5:3.8b-mini-instruct-q2_K,1.4GB,4K,Text,45b8dc82a846,1 year ago,phi\phi3.5.csv,1.4,False
codegemma:2b-code-q3_K_M,1.4GB,8K,Text,,,gemma\codegemma.csv,1.4,False
granite3.1-moe:1b-base-q8_0,1.4GB,128K,Text,8b17fe333408,1 year ago,ibm\granite3.1-moe.csv,1.4,False
granite3.1-moe:1b-instruct-q8_0,1.4GB,128K,Text,a5c382123835,1 year ago,ibm\granite3.1-moe.csv,1.4,False
llama3.2:3b-instruct-q2_K,1.4GB,128K,Text,43e1dcc10fd4,1 year ago,llama\llama3.2.csv,1.4,False
qwen3:0.6b-fp16,1.5GB,40K,Text,626c9556a80f,1 year ago,qwen\qwen3.csv,1.5,False
granite3.3:2b-base,1.5GB,128K,Text,855440fe8358,1 year ago,ibm\granite3.3.csv,1.5,False
llama3.2:3b-text-q3_K_S,1.5GB,128K,Text,4b3d962d7792,1 year ago,llama\llama3.2.csv,1.5,False
granite3.3:2b,1.5GB,128K,Text,b7b711f14c01,1 year ago,ibm\granite3.3.csv,1.5,False
codegemma:2b-code-q3_K_L,1.5GB,8K,Text,,,gemma\codegemma.csv,1.5,False
codegemma:2b-code-v1.1-q3_K_L,1.5GB,8K,Text,,,gemma\codegemma.csv,1.5,False
granite3.2:2b-instruct-q4_K_S,1.5GB,128K,Text,283a19e5b88a,1 year ago,ibm\granite3.2.csv,1.5,False
granite3.2:2b-instruct-q4_K_M,1.5GB,128K,Text,6b566ad49a64,1 year ago,ibm\granite3.2.csv,1.5,False
qwen2.5:3b-instruct-q3_K_S,1.5GB,32K,Text,5ed381ff5c13,1 year ago,qwen\qwen2.5.csv,1.5,False
granite3.2:2b-instruct-q4_0,1.5GB,128K,Text,c3d29e70aa2f,1 year ago,ibm\granite3.2.csv,1.5,False
granite3.1-guardian:2b-q4_K_M,1.5GB,128K,Text,ae05d19265b6,1 year ago,ibm\granite3.1-guardian.csv,1.5,False
granite3.3:2b-base-q4_K_S,1.5GB,128K,Text,2223d6d39c2d,1 year ago,ibm\granite3.3.csv,1.5,False
shieldgemma:2b-q3_K_M,1.5GB,8K,Text,8792c0fdb69d,1 year ago,gemma\shieldgemma.csv,1.5,False
granite3.3:2b-base-q4_0,1.5GB,128K,Text,1a9c2dfe96b3,1 year ago,ibm\granite3.3.csv,1.5,False
granite3.1-dense:2b-instruct-q4_K_M,1.5GB,128K,Text,2c9b483d277f,1 year ago,ibm\granite3.1-dense.csv,1.5,False
granite3.1-dense:2b-instruct-q4_K_S,1.5GB,128K,Text,1ebd7a6e4584,1 year ago,ibm\granite3.1-dense.csv,1.5,False
gemma2:2b-text-q3_K_M,1.5GB,8K,Text,d1fbc3646636,2 years ago,gemma\gemma2.csv,1.5,False
granite3.3:2b-base-q4_K_M,1.5GB,128K,Text,8af557b664af,1 year ago,ibm\granite3.3.csv,1.5,False
granite3.1-dense:2b-instruct-q4_0,1.5GB,128K,Text,5819b07a3a01,1 year ago,ibm\granite3.1-dense.csv,1.5,False
granite3.3:2b-instruct-q4_K_S,1.5GB,128K,Text,336476674e52,1 year ago,ibm\granite3.3.csv,1.5,False
granite3.3:2b-instruct-q4_K_M,1.5GB,128K,Text,b7b711f14c01,1 year ago,ibm\granite3.3.csv,1.5,False
granite3-dense:2b-instruct-q4_0,1.5GB,4K,Text,dd4a07b9e1b7,1 year ago,granite\granite3-dense.csv,1.5,False
granite4:micro-h-q3_K_S,1.5GB,1M,Text,3dbcbe3a2893,11 months ago,ibm\granite4.csv,1.5,False
granite4:micro-h-base-q3_K_S,1.5GB,1M,Text,8ef6c45ca095,11 months ago,ibm\granite4.csv,1.5,False
gemma2:2b-instruct-q3_K_M,1.5GB,8K,Text,c9f6dc0ebba9,2 years ago,gemma\gemma2.csv,1.5,False
granite3.1-dense:2b-base-q4_K_M,1.5GB,128K,Text,57628a01feab,1 year ago,ibm\granite3.1-dense.csv,1.5,False
granite3.1-dense:2b-base-q4_0,1.5GB,128K,Text,0712decd1f96,1 year ago,ibm\granite3.1-dense.csv,1.5,False
granite3.1-dense:2b,1.5GB,128K,Text,2c9b483d277f,1 year ago,ibm\granite3.1-dense.csv,1.5,False
granite3-moe:3b-instruct-q3_K_S,1.5GB,4K,Text,debfeb7f5259,1 year ago,ibm\granite3-moe.csv,1.5,False
granite3.1-dense:2b-base-q4_K_S,1.5GB,128K,Text,f04d9fd1fb68,1 year ago,ibm\granite3.1-dense.csv,1.5,False
qwen2.5-coder:3b-base-q3_K_S,1.5GB,32K,Text,490a8c46fec2,1 year ago,qwen\qwen2.5-coder.csv,1.5,False
granite3.3:2b-instruct-q4_0,1.5GB,128K,Text,3346774d0a60,1 year ago,ibm\granite3.3.csv,1.5,False
granite3-dense:2b-instruct-q4_K_S,1.5GB,4K,Text,0f87f54eb387,1 year ago,granite\granite3-dense.csv,1.5,False
granite4.2:3b-q2_K,1.5GB,128K,Text,0681d16a437e,1 week ago,ibm\granite4.2.csv,1.5,False
granite3-dense:2b-instruct-q4_K_S,1.5GB,4K,Text,4961f9306303,1 year ago,ibm\granite3-dense.csv,1.5,False
granite3.1-moe:3b-instruct-q3_K_S,1.5GB,128K,Text,86de476c2ed2,1 year ago,granite\granite3.1-moe.csv,1.5,False
granite3.2:2b,1.5GB,128K,Text,9d79a41f2f75,1 year ago,granite\granite3.2.csv,1.5,False
gemma:2b-text-q3_K_M,1.5GB,8K,Text,3755aa666a62,2 years ago,gemma\gemma.csv,1.5,False
granite3.2:2b-instruct-q4_K_M,1.5GB,128K,Text,9d79a41f2f75,1 year ago,granite\granite3.2.csv,1.5,False
gemma:2b-instruct-q3_K_M,1.5GB,8K,Text,0bb5a6a99256,2 years ago,gemma\gemma.csv,1.5,False
granite3.2:2b,1.5GB,128K,Text,6b566ad49a64,1 year ago,ibm\granite3.2.csv,1.5,False
granite3.1-moe:3b-base-q3_K_S,1.5GB,128K,Text,85d804a7e3a3,1 year ago,ibm\granite3.1-moe.csv,1.5,False
granite3-dense:2b-instruct-q4_0,1.5GB,4K,Text,16ab5bedbdde,1 year ago,ibm\granite3-dense.csv,1.5,False
granite3-dense:2b-base-q4_K_M,1.5GB,4K,Text,2d13f4257c57,1 year ago,ibm\granite3-dense.csv,1.5,False
granite3-dense:2b-base-q4_K_S,1.5GB,4K,Text,df5f2511b63f,1 year ago,ibm\granite3-dense.csv,1.5,False
granite3-dense:2b-base-q4_0,1.5GB,4K,Text,52ae00d9b99a,1 year ago,ibm\granite3-dense.csv,1.5,False
granite4.2:3b-q2_K,1.5GB,128K,Text,21007f3e04e1,1 week ago,granite\granite4.2.csv,1.5,False
granite3.1-moe:3b-instruct-q3_K_S,1.5GB,128K,Text,fa5c2530207d,1 year ago,ibm\granite3.1-moe.csv,1.5,False
gemma:2b-instruct-v1.1-q3_K_L,1.5GB,8K,Text,198260e1ebc4,2 years ago,gemma\gemma.csv,1.5,False
llama3.2:3b-instruct-q3_K_S,1.5GB,128K,Text,860e23062c32,1 year ago,llama\llama3.2.csv,1.5,False
qwen2.5-coder:3b-instruct-q3_K_S,1.5GB,32K,Text,ed2bcd656906,1 year ago,qwen\qwen2.5-coder.csv,1.5,False
granite3-moe:3b-instruct-q3_K_S,1.5GB,4K,Text,5952b23cdd5c,1 year ago,granite\granite3-moe.csv,1.5,False
granite3-moe:3b-base-q3_K_S,1.5GB,4K,Text,51404cb617f6,1 year ago,ibm\granite3-moe.csv,1.5,False
granite3-moe:1b-base-q8_0,1.5GB,4K,Text,f6b34e4e8789,1 year ago,ibm\granite3-moe.csv,1.5,False
granite3-guardian:2b-q4_K_M,1.5GB,8K,Text,cc73c57fd569,1 year ago,ibm\granite3-guardian.csv,1.5,False
granite3.3:2b,1.5GB,128K,Text,07bd1f170855,1 year ago,granite\granite3.3.csv,1.5,False
granite3.1-dense:2b-instruct-q4_K_S,1.5GB,128K,Text,a8d7602ade5f,1 year ago,granite\granite3.1-dense.csv,1.5,False
granite3.1-dense:2b-instruct-q4_0,1.5GB,128K,Text,7ed050a70760,1 year ago,granite\granite3.1-dense.csv,1.5,False
phi:2.7b-chat-v2-q3_K_M,1.5GB,2K,Text,,,phi\phi.csv,1.5,False
gemma2:2b-text-q3_K_L,1.6GB,8K,Text,3bb5d7d90c92,2 years ago,gemma\gemma2.csv,1.6,False
granite3.3:2b-instruct-q4_1,1.6GB,128K,Text,76592eda4695,1 year ago,ibm\granite3.3.csv,1.6,False
qwen:1.8b-chat-q6_K,1.6GB,8K,Text,6068eacf7eab,2 years ago,qwen\qwen.csv,1.6,False
shieldgemma:2b-q3_K_L,1.6GB,8K,Text,6e1f85ff56c4,1 year ago,gemma\shieldgemma.csv,1.6,False
granite3.1-dense:2b-instruct-q4_1,1.6GB,128K,Text,f02b026e3468,1 year ago,ibm\granite3.1-dense.csv,1.6,False
granite3-dense:latest,1.6GB,4K,Text,5c2e6f3112f4,1 year ago,granite\granite3-dense.csv,1.6,False
granite3-dense:2b-instruct-q4_K_M,1.6GB,4K,Text,5c2e6f3112f4,1 year ago,granite\granite3-dense.csv,1.6,False
granite3-dense:2b,1.6GB,4K,Text,5c2e6f3112f4,1 year ago,granite\granite3-dense.csv,1.6,False
qwen:1.8b-text-q6_K,1.6GB,8K,Text,60c274911b01,2 years ago,qwen\qwen.csv,1.6,False
granite4:micro-q3_K_S,1.6GB,128K,Text,5f1165d4a7bc,11 months ago,ibm\granite4.csv,1.6,False
granite4:micro-base-q3_K_S,1.6GB,128K,Text,3205e26f39fc,11 months ago,ibm\granite4.csv,1.6,False
qwen:1.8b-text-v1.5-q6_K,1.6GB,32K,Text,e7be77cc89a1,2 years ago,qwen\qwen.csv,1.6,False
qwen2.5-coder:3b-base-q3_K_M,1.6GB,32K,Text,c039b31a931f,1 year ago,qwen\qwen2.5-coder.csv,1.6,False
qwen:4b-text-v1.5-q2_K,1.6GB,32K,Text,9f5aaac70cb0,2 years ago,qwen\qwen.csv,1.6,False
qwen:4b-chat-v1.5-q2_K,1.6GB,32K,Text,e6c11802c6ad,2 years ago,qwen\qwen.csv,1.6,False
codegemma:2b-v1.1,1.6GB,8K,Text,,,gemma\codegemma.csv,1.6,False
gemma2:2b-instruct-q4_0,1.6GB,8K,Text,8ccf136fdd52,2 years ago,gemma\gemma2.csv,1.6,False
shieldgemma:2b-q4_K_S,1.6GB,8K,Text,460e97ad8fe1,1 year ago,gemma\shieldgemma.csv,1.6,False
gemma2:2b,1.6GB,8K,Text,8ccf136fdd52,2 years ago,gemma\gemma2.csv,1.6,False
granite4.1:3b-q3_K_S,1.6GB,128K,Text,1daefd678dc8,4 months ago,ibm\granite4.1.csv,1.6,False
gemma:2b-instruct,1.6GB,8K,Text,030ee63283b5,2 years ago,gemma\gemma.csv,1.6,False
codegemma:2b-code-v1.1-q4_0,1.6GB,8K,Text,,,gemma\codegemma.csv,1.6,False
codegemma:2b-code-q4_K_M,1.6GB,8K,Text,,,gemma\codegemma.csv,1.6,False
granite3.1-moe:3b-base-q3_K_M,1.6GB,128K,Text,1ecb95c4eca2,1 year ago,ibm\granite3.1-moe.csv,1.6,False
granite3.1-moe:3b-instruct-q3_K_M,1.6GB,128K,Text,ea959198ada9,1 year ago,ibm\granite3.1-moe.csv,1.6,False
granite4.1:3b-q3_K_S,1.6GB,128K,Text,1daefd678dc8,4 months ago,granite\granite4.1.csv,1.6,False
gemma:2b-instruct-q3_K_L,1.6GB,8K,Text,a5e1a96f2947,2 years ago,gemma\gemma.csv,1.6,False
granite3-dense:2b-instruct-q4_K_M,1.6GB,4K,Text,35d2593ca718,1 year ago,ibm\granite3-dense.csv,1.6,False
gemma:2b-instruct-v1.1-q4_0,1.6GB,8K,Text,030ee63283b5,2 years ago,gemma\gemma.csv,1.6,False
granite3-dense:2b,1.6GB,4K,Text,35d2593ca718,1 year ago,ibm\granite3-dense.csv,1.6,False
codegemma:2b-code-q4_K_S,1.6GB,8K,Text,,,gemma\codegemma.csv,1.6,False
codegemma:2b-code-q4_0,1.6GB,8K,Text,,,gemma\codegemma.csv,1.6,False
gemma:2b-text-q3_K_L,1.6GB,8K,Text,fb3cb86ed3a0,2 years ago,gemma\gemma.csv,1.6,False
gemma:2b-instruct-v1.1-q4_K_S,1.6GB,8K,Text,0c8c655954ea,2 years ago,gemma\gemma.csv,1.6,False
granite3-moe:3b-base-q3_K_M,1.6GB,4K,Text,b8cfc96b5203,1 year ago,ibm\granite3-moe.csv,1.6,False
granite3-moe:3b-instruct-q3_K_M,1.6GB,4K,Text,cc32cde7c1fe,1 year ago,granite\granite3-moe.csv,1.6,False
granite4:1b-h-base-q8_0,1.6GB,1M,Text,4c11ecc40d05,10 months ago,ibm\granite4.csv,1.6,False
granite3.1-dense:2b-instruct-q4_1,1.6GB,128K,Text,c265a649f4f8,1 year ago,granite\granite3.1-dense.csv,1.6,False
granite3.1-dense:2b-instruct-q4_K_M,1.6GB,128K,Text,fba1ad01113e,1 year ago,granite\granite3.1-dense.csv,1.6,False
qwen2.5-coder:3b-instruct-q3_K_M,1.6GB,32K,Text,65ff2bc170f3,1 year ago,qwen\qwen2.5-coder.csv,1.6,False
granite3.1-dense:2b,1.6GB,128K,Text,fba1ad01113e,1 year ago,granite\granite3.1-dense.csv,1.6,False
shieldgemma:2b-q4_0,1.6GB,8K,Text,8c75ad5241ba,1 year ago,gemma\shieldgemma.csv,1.6,False
granite4:micro-h-base-q3_K_L,1.6GB,1M,Text,ee8a7e105f0f,11 months ago,ibm\granite4.csv,1.6,False
granite4:micro-h-q3_K_L,1.6GB,1M,Text,75ced4412134,11 months ago,ibm\granite4.csv,1.6,False
granite4:micro-h-q3_K_M,1.6GB,1M,Text,eae373516bff,11 months ago,ibm\granite4.csv,1.6,False
granite4:micro-h-base-q3_K_M,1.6GB,1M,Text,0006c65f1fe4,11 months ago,ibm\granite4.csv,1.6,False
llama-guard3:1b-q8_0,1.6GB,128K,Text,494147e06bf9,1 year ago,llama\llama-guard3.csv,1.6,False
gemma2:2b-instruct-q4_K_S,1.6GB,8K,Text,832970b742f1,2 years ago,gemma\gemma2.csv,1.6,False
gemma2:2b-instruct-q3_K_L,1.6GB,8K,Text,3f4d7eff5631,2 years ago,gemma\gemma2.csv,1.6,False
gemma:2b-v1.1,1.6GB,8K,Text,030ee63283b5,2 years ago,gemma\gemma.csv,1.6,False
granite3.1-dense:2b-base-q4_1,1.6GB,128K,Text,14e35033be82,1 year ago,ibm\granite3.1-dense.csv,1.6,False
granite3-moe:3b-instruct-q3_K_M,1.6GB,4K,Text,4be3394227d0,1 year ago,ibm\granite3-moe.csv,1.6,False
qwen2.5-coder:1.5b-instruct-q8_0,1.6GB,32K,Text,00f372390c1d,1 year ago,qwen\qwen2.5-coder.csv,1.6,False
granite3.3:2b-base-q4_1,1.6GB,128K,Text,7acabcae2f43,1 year ago,ibm\granite3.3.csv,1.6,False
gemma2:2b-text-q4_K_S,1.6GB,8K,Text,d86f9248222e,2 years ago,gemma\gemma2.csv,1.6,False
gemma2:2b-text-q4_0,1.6GB,8K,Text,3e796d92bb34,2 years ago,gemma\gemma2.csv,1.6,False
qwen2.5:1.5b-instruct-q8_0,1.6GB,32K,Text,b19683a34698,1 year ago,qwen\qwen2.5.csv,1.6,False
granite3.2:2b-instruct-q4_1,1.6GB,128K,Text,d7e971e2e21b,1 year ago,ibm\granite3.2.csv,1.6,False
llama-guard3:1b,1.6GB,128K,Text,494147e06bf9,1 year ago,llama\llama-guard3.csv,1.6,False
qwen:1.8b-chat-v1.5-q6_K,1.6GB,32K,Text,1b54bd2ede5d,2 years ago,qwen\qwen.csv,1.6,False
qwen2.5:3b-instruct-q3_K_M,1.6GB,32K,Text,c3240229f22f,1 year ago,qwen\qwen2.5.csv,1.6,False
codegemma:2b,1.6GB,8K,Text,,,gemma\codegemma.csv,1.6,False
codegemma:code,1.6GB,8K,Text,,,gemma\codegemma.csv,1.6,False
qwen2.5-coder:1.5b-base-q8_0,1.6GB,32K,Text,e24beaf2eeb1,1 year ago,qwen\qwen2.5-coder.csv,1.6,False
codegemma:2b-code,1.6GB,8K,Text,,,gemma\codegemma.csv,1.6,False
granite3.1-moe:3b-instruct-q3_K_M,1.6GB,128K,Text,216dcd8f0222,1 year ago,granite\granite3.1-moe.csv,1.6,False
codegemma:2b-code-v1.1-q4_K_S,1.6GB,8K,Text,,,gemma\codegemma.csv,1.6,False
granite3-dense:2b-base-q4_1,1.6GB,4K,Text,b907032d8cd0,1 year ago,ibm\granite3-dense.csv,1.6,False
granite4:1b-h-q8_0,1.6GB,1M,Text,7761ae79cab9,10 months ago,ibm\granite4.csv,1.6,False
phi:2.7b,1.6GB,2K,Text,,,phi\phi.csv,1.6,False
phi:2.7b-chat-v2-q4_K_S,1.6GB,2K,Text,,,phi\phi.csv,1.6,False
phi:2.7b-chat-v2-q3_K_L,1.6GB,2K,Text,,,phi\phi.csv,1.6,False
phi:2.7b-chat-v2-q4_0,1.6GB,2K,Text,,,phi\phi.csv,1.6,False
phi:chat,1.6GB,2K,Text,,,phi\phi.csv,1.6,False
phi:latest,1.6GB,2K,Text,,,phi\phi.csv,1.6,False
qwen3.5:0.8b-mlx-bf16,MLX 1.7GB,256K,"Text, Image",95fbaba894b5,5 months ago,qwen\qwen3.5.csv,1.7,False
granite4.2:3b-q3_K_S,1.7GB,128K,Text,d1ad36607eac,1 week ago,granite\granite4.2.csv,1.7,False
granite3-dense:2b-instruct-q4_1,1.7GB,4K,Text,616acd8fb9d1,1 year ago,ibm\granite3-dense.csv,1.7,False
gemma:2b,1.7GB,8K,Text,b50d6c999e59,2 years ago,gemma\gemma.csv,1.7,False
granite4.1:3b-q3_K_M,1.7GB,128K,Text,bd72b20cd67b,4 months ago,granite\granite4.1.csv,1.7,False
granite4:1b-base-q8_0,1.7GB,128K,Text,903d9d7a0c17,10 months ago,ibm\granite4.csv,1.7,False
granite4.2:3b-q3_K_S,1.7GB,128K,Text,9f0ff9d12685,1 week ago,ibm\granite4.2.csv,1.7,False
granite3.1-moe:3b-base-q3_K_L,1.7GB,128K,Text,6fdafe1ea334,1 year ago,ibm\granite3.1-moe.csv,1.7,False
gemma:2b-text,1.7GB,8K,Text,4003359bdf67,2 years ago,gemma\gemma.csv,1.7,False
llama3.2:3b-instruct-q3_K_M,1.7GB,128K,Text,fea4b4677930,1 year ago,llama\llama3.2.csv,1.7,False
gemma:2b-text-q4_K_S,1.7GB,8K,Text,e1f170c66fed,2 years ago,gemma\gemma.csv,1.7,False
gemma:2b-instruct-v1.1-q4_1,1.7GB,8K,Text,7eceb81ab6c2,2 years ago,gemma\gemma.csv,1.7,False
phi3:3.8b-mini-128k-instruct-q3_K_S,1.7GB,4K,Text,b867d0390a90,2 years ago,phi\phi3.csv,1.7,False
phi3:3.8b-mini-4k-instruct-q3_K_S,1.7GB,4K,Text,71d5c0da0a45,2 years ago,phi\phi3.csv,1.7,False
codegemma:2b-code-q4_1,1.7GB,8K,Text,,,gemma\codegemma.csv,1.7,False
codegemma:2b-code-v1.1-q4_1,1.7GB,8K,Text,,,gemma\codegemma.csv,1.7,False
granite3.1-moe:3b-instruct-q3_K_L,1.7GB,128K,Text,871533849c8a,1 year ago,ibm\granite3.1-moe.csv,1.7,False
gemma:2b-instruct-q4_0,1.7GB,8K,Text,b50d6c999e59,2 years ago,gemma\gemma.csv,1.7,False
gemma:2b-text-q4_0,1.7GB,8K,Text,4003359bdf67,2 years ago,gemma\gemma.csv,1.7,False
gemma:2b-instruct-q4_K_S,1.7GB,8K,Text,1f62e695daaf,2 years ago,gemma\gemma.csv,1.7,False
phi3.5:3.8b-mini-instruct-q3_K_S,1.7GB,4K,Text,a96deac0d01a,1 year ago,phi\phi3.5.csv,1.7,False
qwen2.5-coder:3b-instruct-q3_K_L,1.7GB,32K,Text,361756468e52,1 year ago,qwen\qwen2.5-coder.csv,1.7,False
gemma2:2b-text-q4_K_M,1.7GB,8K,Text,c104b2dcf9cd,2 years ago,gemma\gemma2.csv,1.7,False
qwen2.5:3b-instruct-q3_K_L,1.7GB,32K,Text,f8d588c5572a,1 year ago,qwen\qwen2.5.csv,1.7,False
llama3.2:3b-text-q3_K_M,1.7GB,128K,Text,c0f8d9281394,1 year ago,llama\llama3.2.csv,1.7,False
shieldgemma:2b,1.7GB,8K,Text,5aad5044d142,1 year ago,gemma\shieldgemma.csv,1.7,False
granite4:1b-q8_0,1.7GB,128K,Text,cbde93658fc5,10 months ago,ibm\granite4.csv,1.7,False
granite4:micro-q3_K_M,1.7GB,128K,Text,d0626413a629,11 months ago,ibm\granite4.csv,1.7,False
granite3-dense:2b-instruct-q4_1,1.7GB,4K,Text,e12ad0fad2ad,1 year ago,granite\granite3-dense.csv,1.7,False
granite4:micro-base-q3_K_M,1.7GB,128K,Text,478fd9c2c463,11 months ago,ibm\granite4.csv,1.7,False
qwen2.5-coder:3b-base-q3_K_L,1.7GB,32K,Text,e5e9e860e01c,1 year ago,qwen\qwen2.5-coder.csv,1.7,False
granite4.1:3b-q3_K_M,1.7GB,128K,Text,bd72b20cd67b,4 months ago,ibm\granite4.1.csv,1.7,False
llama3.2:3b-text-q3_K_L,1.8GB,128K,Text,4e8b52d4f25e,1 year ago,llama\llama3.2.csv,1.8,False
qwen3.5:0.8b-bf16,1.8GB,256K,"Text, Image",81a0b6550a2d,5 months ago,qwen\qwen3.5.csv,1.8,False
granite3.2:2b-instruct-q5_K_M,1.8GB,128K,Text,518e6ff197d2,1 year ago,ibm\granite3.2.csv,1.8,False
granite3.2:2b-instruct-q5_K_S,1.8GB,128K,Text,296b9f05260d,1 year ago,ibm\granite3.2.csv,1.8,False
granite3.1-dense:2b-instruct-q5_K_M,1.8GB,128K,Text,8233d53724b4,1 year ago,ibm\granite3.1-dense.csv,1.8,False
granite3.1-guardian:2b-q5_K_M,1.8GB,128K,Text,1806c284004c,1 year ago,ibm\granite3.1-guardian.csv,1.8,False
qwen2.5:3b-instruct-q4_K_S,1.8GB,32K,Text,3033a0ab2cfd,1 year ago,qwen\qwen2.5.csv,1.8,False
qwen2.5:3b-instruct-q4_0,1.8GB,32K,Text,09f7fe4d29e6,1 year ago,qwen\qwen2.5.csv,1.8,False
granite3.2:2b-instruct-q5_0,1.8GB,128K,Text,57b30c387429,1 year ago,ibm\granite3.2.csv,1.8,False
granite3.1-dense:2b-instruct-q5_K_S,1.8GB,128K,Text,a65e7800002b,1 year ago,ibm\granite3.1-dense.csv,1.8,False
granite3.3:2b-base-q5_K_M,1.8GB,128K,Text,db2d4f1d04c8,1 year ago,ibm\granite3.3.csv,1.8,False
granite3.3:2b-base-q5_K_S,1.8GB,128K,Text,40e5ee71c60c,1 year ago,ibm\granite3.3.csv,1.8,False
gemma2:2b-text-q4_1,1.8GB,8K,Text,47a5df96d4e0,2 years ago,gemma\gemma2.csv,1.8,False
granite3.1-dense:2b-instruct-q5_0,1.8GB,128K,Text,ce61a69f74bd,1 year ago,ibm\granite3.1-dense.csv,1.8,False
granite3.3:2b-base-q5_0,1.8GB,128K,Text,1d8696cb3c9d,1 year ago,ibm\granite3.3.csv,1.8,False
qwen2.5-coder:3b-base-q4_K_S,1.8GB,32K,Text,09aa6f058dde,1 year ago,qwen\qwen2.5-coder.csv,1.8,False
granite3.3:2b-instruct-q5_K_S,1.8GB,128K,Text,7129de5deb0d,1 year ago,ibm\granite3.3.csv,1.8,False
granite3.3:2b-instruct-q5_K_M,1.8GB,128K,Text,123cb9d5e275,1 year ago,ibm\granite3.3.csv,1.8,False
qwen2.5-coder:3b-base-q4_0,1.8GB,32K,Text,f1f7ad8989c3,1 year ago,qwen\qwen2.5-coder.csv,1.8,False
granite3.3:2b-instruct-q5_0,1.8GB,128K,Text,0b200242af09,1 year ago,ibm\granite3.3.csv,1.8,False
granite3-dense:2b-instruct-q5_0,1.8GB,4K,Text,db3fbcdec89b,1 year ago,granite\granite3-dense.csv,1.8,False
granite3-dense:2b-instruct-q5_K_S,1.8GB,4K,Text,be9d8efefd30,1 year ago,granite\granite3-dense.csv,1.8,False
codegemma:2b-code-v1.1-q5_0,1.8GB,8K,Text,,,gemma\codegemma.csv,1.8,False
codegemma:2b-code-q5_K_M,1.8GB,8K,Text,,,gemma\codegemma.csv,1.8,False
codegemma:2b-code-v1.1-q5_K_M,1.8GB,8K,Text,,,gemma\codegemma.csv,1.8,False
codegemma:2b-code-q5_K_S,1.8GB,8K,Text,,,gemma\codegemma.csv,1.8,False
codegemma:2b-code-v1.1-q5_K_S,1.8GB,8K,Text,,,gemma\codegemma.csv,1.8,False
phi:2.7b-chat-v2-q4_K_M,1.8GB,2K,Text,,,phi\phi.csv,1.8,False
granite3-moe:3b-instruct-q3_K_L,1.8GB,4K,Text,f02ae56465b6,1 year ago,ibm\granite3-moe.csv,1.8,False
granite3.1-dense:2b-base-q5_K_M,1.8GB,128K,Text,4567cbb198b4,1 year ago,ibm\granite3.1-dense.csv,1.8,False
granite3.1-dense:2b-base-q5_K_S,1.8GB,128K,Text,9e4cbb110958,1 year ago,ibm\granite3.1-dense.csv,1.8,False
granite3.1-dense:2b-base-q5_0,1.8GB,128K,Text,95282e8aeea5,1 year ago,ibm\granite3.1-dense.csv,1.8,False
shieldgemma:2b-q4_1,1.8GB,8K,Text,8079392bcbe5,1 year ago,gemma\shieldgemma.csv,1.8,False
gemma:2b-text-q4_K_M,1.8GB,8K,Text,14b9181dd33c,2 years ago,gemma\gemma.csv,1.8,False
granite4.2:3b-q3_K_M,1.8GB,128K,Text,bacb915b3d79,1 week ago,ibm\granite4.2.csv,1.8,False
gemma2:2b-instruct-q4_1,1.8GB,8K,Text,147febd40666,2 years ago,gemma\gemma2.csv,1.8,False
phi:2.7b-chat-v2-q4_1,1.8GB,2K,Text,,,phi\phi.csv,1.8,False
granite3-moe:3b-base-q3_K_L,1.8GB,4K,Text,c4c5252125fd,1 year ago,ibm\granite3-moe.csv,1.8,False
gemma:2b-instruct-q4_1,1.8GB,8K,Text,79f47baf629d,2 years ago,gemma\gemma.csv,1.8,False
granite3.1-dense:2b-instruct-q5_K_S,1.8GB,128K,Text,1a2b39f6e69c,1 year ago,granite\granite3.1-dense.csv,1.8,False
granite3-dense:2b-instruct-q5_0,1.8GB,4K,Text,d886ce2427bb,1 year ago,ibm\granite3-dense.csv,1.8,False
granite3-dense:2b-instruct-q5_K_S,1.8GB,4K,Text,03aade47da2d,1 year ago,ibm\granite3-dense.csv,1.8,False
granite3.1-dense:2b-instruct-q5_0,1.8GB,128K,Text,f26890da1451,1 year ago,granite\granite3.1-dense.csv,1.8,False
gemma:2b-instruct-v1.1-q5_0,1.8GB,8K,Text,08119f9e759a,2 years ago,gemma\gemma.csv,1.8,False
granite3.1-dense:2b-instruct-q5_K_M,1.8GB,128K,Text,86cdcdb94cd6,1 year ago,granite\granite3.1-dense.csv,1.8,False
granite3.1-moe:3b-instruct-q3_K_L,1.8GB,128K,Text,712573071d24,1 year ago,granite\granite3.1-moe.csv,1.8,False
llama3.2:3b-instruct-q3_K_L,1.8GB,128K,Text,adcbc7b3c10e,1 year ago,llama\llama3.2.csv,1.8,False
gemma:2b-instruct-q4_K_M,1.8GB,8K,Text,073d0876d678,2 years ago,gemma\gemma.csv,1.8,False
granite3-guardian:2b-q5_K_M,1.8GB,8K,Text,79aef5af3f6b,1 year ago,ibm\granite3-guardian.csv,1.8,False
qwen2.5-coder:3b-instruct-q4_K_S,1.8GB,32K,Text,e6e376f35d18,1 year ago,qwen\qwen2.5-coder.csv,1.8,False
granite3-moe:3b-instruct-q3_K_L,1.8GB,4K,Text,8c76215f504a,1 year ago,granite\granite3-moe.csv,1.8,False
qwen2.5-coder:3b-instruct-q4_0,1.8GB,32K,Text,6a55fb15068d,1 year ago,qwen\qwen2.5-coder.csv,1.8,False
gemma:2b-instruct-v1.1-q5_K_M,1.8GB,8K,Text,8b4445dd0168,2 years ago,gemma\gemma.csv,1.8,False
gemma:2b-text-q4_1,1.8GB,8K,Text,2336b3481fc2,2 years ago,gemma\gemma.csv,1.8,False
granite4.2:3b-q3_K_M,1.8GB,128K,Text,37c1855f627f,1 week ago,granite\granite4.2.csv,1.8,False
codegemma:2b-code-q5_0,1.8GB,8K,Text,,,gemma\codegemma.csv,1.8,False
gemma:2b-instruct-v1.1-q5_K_S,1.8GB,8K,Text,86981b46f254,2 years ago,gemma\gemma.csv,1.8,False
granite3-dense:2b-base-q5_0,1.8GB,4K,Text,ecea55c737b4,1 year ago,ibm\granite3-dense.csv,1.8,False
granite3-dense:2b-base-q5_K_M,1.8GB,4K,Text,025368ebfee9,1 year ago,ibm\granite3-dense.csv,1.8,False
granite3-dense:2b-base-q5_K_S,1.8GB,4K,Text,c62635bd3bd5,1 year ago,ibm\granite3-dense.csv,1.8,False
qwen3-vl:2b-thinking,1.9GB,256K,"Text, Image",0635d9d857d4,10 months ago,qwen\qwen3-vl.csv,1.9,False
qwen3-vl:2b-thinking-q4_K_M,1.9GB,256K,"Text, Image",0635d9d857d4,10 months ago,qwen\qwen3-vl.csv,1.9,False
granite3.1-moe:3b-base-q4_0,1.9GB,128K,Text,8e8c36ce822d,1 year ago,ibm\granite3.1-moe.csv,1.9,False
granite3.1-moe:3b-instruct-q4_0,1.9GB,128K,Text,4028910e5822,1 year ago,ibm\granite3.1-moe.csv,1.9,False
granite3.1-moe:3b-instruct-q4_K_S,1.9GB,128K,Text,44f84831f9bf,1 year ago,ibm\granite3.1-moe.csv,1.9,False
nemotron-mini:4b-instruct-q2_K,1.9GB,4K,Text,71c1aed58cc4,1 year ago,nemotron\nemotron-mini.csv,1.9,False
llama3.2:3b-instruct-q4_K_S,1.9GB,128K,Text,80f2089878c9,1 year ago,llama\llama3.2.csv,1.9,False
granite3.1-moe:3b-base-q4_K_S,1.9GB,128K,Text,aaf55e133a5b,1 year ago,ibm\granite3.1-moe.csv,1.9,False
qwen3-vl:2b-instruct-q4_K_M,1.9GB,256K,"Text, Image",ea422f1e7365,10 months ago,qwen\qwen3-vl.csv,1.9,False
granite4.1:3b-q3_K_L,1.9GB,128K,Text,eb446378f84c,4 months ago,granite\granite4.1.csv,1.9,False
deepseek-r1:1.5b-qwen-distill-q8_0,1.9GB,128K,Text,21c9dbd320fa,1 year ago,deepseek\deepseek-r1.csv,1.9,False
qwen2.5:3b,1.9GB,32K,Text,357c53fb659c,1 year ago,qwen\qwen2.5.csv,1.9,False
granite3.1-moe:3b-instruct-q4_K_S,1.9GB,128K,Text,71da5b32c299,1 year ago,granite\granite3.1-moe.csv,1.9,False
gemma:2b-instruct-q5_0,1.9GB,8K,Text,f2e0978e20a7,2 years ago,gemma\gemma.csv,1.9,False
granite3-dense:2b-base-q5_1,1.9GB,4K,Text,b10ec8811d0d,1 year ago,ibm\granite3-dense.csv,1.9,False
granite3-dense:2b-instruct-q5_K_M,1.9GB,4K,Text,36dc7cf596aa,1 year ago,ibm\granite3-dense.csv,1.9,False
gemma:2b-instruct-v1.1-q5_1,1.9GB,8K,Text,c30cb73e47bb,2 years ago,gemma\gemma.csv,1.9,False
gemma:2b-instruct-q5_K_S,1.9GB,8K,Text,466d55f10b72,2 years ago,gemma\gemma.csv,1.9,False
llama3.2:3b-text-q4_0,1.9GB,128K,Text,d7842f3d2c28,1 year ago,llama\llama3.2.csv,1.9,False
qwen2.5-coder:3b-instruct,1.9GB,32K,Text,f72c60cabf62,1 year ago,qwen\qwen2.5-coder.csv,1.9,False
llama3.2:3b-instruct-q4_0,1.9GB,128K,Text,9b9453afbdd6,1 year ago,llama\llama3.2.csv,1.9,False
granite3-moe:3b-instruct-q4_0,1.9GB,4K,Text,d144aac2b0d8,1 year ago,granite\granite3-moe.csv,1.9,False
qwen2.5-coder:3b-instruct-q4_K_M,1.9GB,32K,Text,f72c60cabf62,1 year ago,qwen\qwen2.5-coder.csv,1.9,False
granite3-moe:3b-instruct-q4_K_S,1.9GB,4K,Text,9f5ecea51621,1 year ago,granite\granite3-moe.csv,1.9,False
llama3.2:3b-text-q4_K_S,1.9GB,128K,Text,8265cd0d8cf7,1 year ago,llama\llama3.2.csv,1.9,False
granite3.1-moe:3b-instruct-q4_0,1.9GB,128K,Text,575c94ea9f74,1 year ago,granite\granite3.1-moe.csv,1.9,False
granite3.1-dense:2b-instruct-q5_1,1.9GB,128K,Text,35c067239cb5,1 year ago,granite\granite3.1-dense.csv,1.9,False
granite3-dense:2b-instruct-q5_K_M,1.9GB,4K,Text,dcace13d6d34,1 year ago,granite\granite3-dense.csv,1.9,False
granite4:micro-base-q3_K_L,1.9GB,128K,Text,fee0a53232cd,11 months ago,ibm\granite4.csv,1.9,False
granite4:micro-q3_K_L,1.9GB,128K,Text,d72bd87fb725,11 months ago,ibm\granite4.csv,1.9,False
granite3-moe:3b-base-q4_K_S,1.9GB,4K,Text,897eb47878e1,1 year ago,ibm\granite3-moe.csv,1.9,False
granite3-moe:3b-base-q4_0,1.9GB,4K,Text,b8e16596ae0d,1 year ago,ibm\granite3-moe.csv,1.9,False
codegemma:2b-code-q5_1,1.9GB,8K,Text,,,gemma\codegemma.csv,1.9,False
codegemma:2b-code-v1.1-q5_1,1.9GB,8K,Text,,,gemma\codegemma.csv,1.9,False
granite4.1:3b-q3_K_L,1.9GB,128K,Text,eb446378f84c,4 months ago,ibm\granite4.1.csv,1.9,False
gemma2:2b-instruct-q5_0,1.9GB,8K,Text,33c77c94b6d9,2 years ago,gemma\gemma2.csv,1.9,False
shieldgemma:2b-q5_0,1.9GB,8K,Text,f0ccd970270f,1 year ago,gemma\shieldgemma.csv,1.9,False
granite4:micro-h-q4_K_M,1.9GB,1M,Text,076afb3855dc,11 months ago,ibm\granite4.csv,1.9,False
granite4:micro-h-base-q4_K_M,1.9GB,1M,Text,727d887e8421,11 months ago,ibm\granite4.csv,1.9,False
granite3-moe:3b-instruct-q4_0,1.9GB,4K,Text,4104d45b42bc,1 year ago,ibm\granite3-moe.csv,1.9,False
gemma:2b-text-q5_0,1.9GB,8K,Text,b82a85f35c76,2 years ago,gemma\gemma.csv,1.9,False
gemma:2b-text-q5_K_S,1.9GB,8K,Text,dbbce6ea20a0,2 years ago,gemma\gemma.csv,1.9,False
granite3-moe:3b-instruct-q4_K_S,1.9GB,4K,Text,2ff1618be396,1 year ago,ibm\granite3-moe.csv,1.9,False
granite4:micro-h-base-q4_K_S,1.9GB,1M,Text,5ad525058a75,11 months ago,ibm\granite4.csv,1.9,False
granite4:micro-h-q4_K_S,1.9GB,1M,Text,3124a420a568,11 months ago,ibm\granite4.csv,1.9,False
granite4:micro-h-q4_0,1.9GB,1M,Text,8ae6bdefeff0,11 months ago,ibm\granite4.csv,1.9,False
shieldgemma:2b-q5_K_M,1.9GB,8K,Text,29b311ed2d95,1 year ago,gemma\shieldgemma.csv,1.9,False
shieldgemma:2b-q5_K_S,1.9GB,8K,Text,e87b5af5b923,1 year ago,gemma\shieldgemma.csv,1.9,False
granite4:micro-h,1.9GB,1M,Text,076afb3855dc,11 months ago,ibm\granite4.csv,1.9,False
granite4:micro-h-base-q4_0,1.9GB,1M,Text,8b18e2fdd412,11 months ago,ibm\granite4.csv,1.9,False
qwen:4b-chat-v1.5-q3_K_S,1.9GB,32K,Text,d75968a2b37c,2 years ago,qwen\qwen.csv,1.9,False
phi:2.7b-chat-v2-q5_0,1.9GB,2K,Text,,,phi\phi.csv,1.9,False
phi:2.7b-chat-v2-q5_K_S,1.9GB,2K,Text,,,phi\phi.csv,1.9,False
qwen:4b-text-v1.5-q3_K_S,1.9GB,32K,Text,8a41ec56a16b,2 years ago,qwen\qwen.csv,1.9,False
gemma2:2b-text-q5_K_M,1.9GB,8K,Text,d298863d20ab,2 years ago,gemma\gemma2.csv,1.9,False
qwen2.5-coder:3b-base-q4_K_M,1.9GB,32K,Text,b71a053ff1b3,1 year ago,qwen\qwen2.5-coder.csv,1.9,False
granite3.3:2b-base-q5_1,1.9GB,128K,Text,d97fdc536fdc,1 year ago,ibm\granite3.3.csv,1.9,False
gemma2:2b-text-q5_0,1.9GB,8K,Text,5584a807b8ba,2 years ago,gemma\gemma2.csv,1.9,False
gemma2:2b-text-q5_K_S,1.9GB,8K,Text,a3cd2a717100,2 years ago,gemma\gemma2.csv,1.9,False
qwen2.5-coder:3b-base,1.9GB,32K,Text,b71a053ff1b3,1 year ago,qwen\qwen2.5-coder.csv,1.9,False
granite3.3:2b-instruct-q5_1,1.9GB,128K,Text,1cc05fa53e95,1 year ago,ibm\granite3.3.csv,1.9,False
granite3.1-dense:2b-base-q5_1,1.9GB,128K,Text,7bc513ae4525,1 year ago,ibm\granite3.1-dense.csv,1.9,False
granite3.1-dense:2b-instruct-q5_1,1.9GB,128K,Text,40450b76460d,1 year ago,ibm\granite3.1-dense.csv,1.9,False
qwen2.5:3b-instruct,1.9GB,32K,Text,357c53fb659c,1 year ago,qwen\qwen2.5.csv,1.9,False
gemma2:2b-instruct-q5_K_S,1.9GB,8K,Text,6ced300e723a,2 years ago,gemma\gemma2.csv,1.9,False
qwen3-vl:2b,1.9GB,256K,"Text, Image",0635d9d857d4,10 months ago,qwen\qwen3-vl.csv,1.9,False
gemma2:2b-instruct-q5_K_M,1.9GB,8K,Text,44b731fe20db,2 years ago,gemma\gemma2.csv,1.9,False
granite3.2:2b-instruct-q5_1,1.9GB,128K,Text,55b35b9dd8f5,1 year ago,ibm\granite3.2.csv,1.9,False
qwen2.5:3b-instruct-q4_K_M,1.9GB,32K,Text,357c53fb659c,1 year ago,qwen\qwen2.5.csv,1.9,False
qwen3.5:2b-q4_K_M,1.9GB,256K,"Text, Image",124a03c34777,6 months ago,qwen\qwen3.5.csv,1.9,False
qwen3-vl:2b-instruct,1.9GB,256K,"Text, Image",ea422f1e7365,10 months ago,qwen\qwen3-vl.csv,1.9,False
qwen:4b-text-v1.5-q3_K_M,2.0GB,32K,Text,b446af0b99f1,2 years ago,qwen\qwen.csv,2.0,False
granite4.2:3b-q3_K_L,2.0GB,128K,Text,6b46da5ef255,1 week ago,ibm\granite4.2.csv,2.0,False
qwen:1.8b-text-q8_0,2.0GB,8K,Text,fb7576710ad5,2 years ago,qwen\qwen.csv,2.0,False
qwen:4b-chat-v1.5-q3_K_M,2.0GB,32K,Text,da9fe589f9b3,2 years ago,qwen\qwen.csv,2.0,False
llama3.2:3b,2.0GB,128K,Text,a80c4f17acd5,1 year ago,llama\llama3.2.csv,2.0,False
llama3.2:latest,2.0GB,128K,Text,a80c4f17acd5,1 year ago,llama\llama3.2.csv,2.0,False
gemma:2b-text-q5_K_M,2.0GB,8K,Text,75095004592a,2 years ago,gemma\gemma.csv,2.0,False
granite4.1:3b-q4_0,2.0GB,128K,Text,010f4b63e5f7,4 months ago,ibm\granite4.1.csv,2.0,False
granite4:micro-h-base-q4_1,2.0GB,1M,Text,0a0c09b2365e,11 months ago,ibm\granite4.csv,2.0,False
shieldgemma:2b-q5_1,2.0GB,8K,Text,86dd3e901f29,1 year ago,gemma\shieldgemma.csv,2.0,False
granite4:micro-h-q4_1,2.0GB,1M,Text,00e60a382b5d,11 months ago,ibm\granite4.csv,2.0,False
granite4.1:3b-q4_K_S,2.0GB,128K,Text,aaf53db81651,4 months ago,ibm\granite4.1.csv,2.0,False
granite4:micro-base-q4_K_S,2.0GB,128K,Text,951699524644,11 months ago,ibm\granite4.csv,2.0,False
granite4:micro-q4_0,2.0GB,128K,Text,4ecf35fdfe65,11 months ago,ibm\granite4.csv,2.0,False
granite4.1:3b-q4_K_S,2.0GB,128K,Text,aaf53db81651,4 months ago,granite\granite4.1.csv,2.0,False
granite4:micro-base-q4_0,2.0GB,128K,Text,98d9c22e865a,11 months ago,ibm\granite4.csv,2.0,False
phi3:3.8b-mini-4k-instruct-q3_K_M,2.0GB,4K,Text,9971a6367aaa,2 years ago,phi\phi3.csv,2.0,False
qwen2.5-coder:3b-instruct-q4_1,2.0GB,32K,Text,c687a8f39d3a,1 year ago,qwen\qwen2.5-coder.csv,2.0,False
llama3.2:3b-instruct-q4_K_M,2.0GB,128K,Text,a80c4f17acd5,1 year ago,llama\llama3.2.csv,2.0,False
gemma:2b-instruct-q5_K_M,2.0GB,8K,Text,79fe7a4a6e26,2 years ago,gemma\gemma.csv,2.0,False
granite3.1-moe:3b-instruct-q4_K_M,2.0GB,128K,Text,b43d80d7fca7,1 year ago,granite\granite3.1-moe.csv,2.0,False
granite3.1-moe:3b-base-q4_K_M,2.0GB,128K,Text,4be76733faf4,1 year ago,ibm\granite3.1-moe.csv,2.0,False
granite3.2-guardian:3b-q4_K_M,2.0GB,128K,Text,e04204f2f749,1 year ago,ibm\granite3.2-guardian.csv,2.0,False
qwen:1.8b-text-v1.5-q8_0,2.0GB,32K,Text,48d0284fc9fe,2 years ago,qwen\qwen.csv,2.0,False
granite3.1-moe:latest,2.0GB,128K,Text,b43d80d7fca7,1 year ago,granite\granite3.1-moe.csv,2.0,False
granite3.1-moe:3b,2.0GB,128K,Text,b43d80d7fca7,1 year ago,granite\granite3.1-moe.csv,2.0,False
granite3-dense:2b-instruct-q5_1,2.0GB,4K,Text,45b7bd2bde9b,1 year ago,ibm\granite3-dense.csv,2.0,False
granite4:micro-q4_K_S,2.0GB,128K,Text,f345703933d0,11 months ago,ibm\granite4.csv,2.0,False
granite3.1-moe:3b,2.0GB,128K,Text,605fe091a8c3,1 year ago,ibm\granite3.1-moe.csv,2.0,False
granite3.1-moe:3b-instruct-q4_K_M,2.0GB,128K,Text,605fe091a8c3,1 year ago,ibm\granite3.1-moe.csv,2.0,False
gemma2:2b-text-q5_1,2.0GB,8K,Text,6fb41a6313fd,2 years ago,gemma\gemma2.csv,2.0,False
qwen:1.8b-chat-v1.5-q8_0,2.0GB,32K,Text,2af802a8e3c4,2 years ago,qwen\qwen.csv,2.0,False
gemma2:2b-instruct-q5_1,2.0GB,8K,Text,3d4744db4971,2 years ago,gemma\gemma2.csv,2.0,False
gemma3:1b-it-fp16,2.0GB,32K,Text,16d00907691b,1 year ago,gemma\gemma3.csv,2.0,False
qwen2.5-coder:3b-base-q4_1,2.0GB,32K,Text,6ba296c4ee70,1 year ago,qwen\qwen2.5-coder.csv,2.0,False
qwen2.5:3b-instruct-q4_1,2.0GB,32K,Text,c8aefde2cd4f,1 year ago,qwen\qwen2.5.csv,2.0,False
qwen:1.8b-chat-q8_0,2.0GB,8K,Text,761057adac8d,2 years ago,qwen\qwen.csv,2.0,False
phi3:3.8b-mini-128k-instruct-q3_K_M,2.0GB,4K,Text,bf51ffbfc6fd,2 years ago,phi\phi3.csv,2.0,False
granite3-dense:2b-instruct-q5_1,2.0GB,4K,Text,bc5ed577d64f,1 year ago,granite\granite3-dense.csv,2.0,False
phi3.5:3.8b-mini-instruct-q3_K_M,2.0GB,4K,Text,0d7837063f04,1 year ago,phi\phi3.5.csv,2.0,False
granite4.2:3b-q3_K_L,2.0GB,128K,Text,92299e79879e,1 week ago,granite\granite4.2.csv,2.0,False
granite4.1:3b-q4_0,2.0GB,128K,Text,010f4b63e5f7,4 months ago,granite\granite4.1.csv,2.0,False
llama3.2:3b-text-q4_K_M,2.0GB,128K,Text,632997a5a262,1 year ago,llama\llama3.2.csv,2.0,False
granite3-moe:3b,2.1GB,4K,Text,157f538ae66e,1 year ago,granite\granite3-moe.csv,2.1,False
phi:2.7b-chat-v2-q5_K_M,2.1GB,2K,Text,,,phi\phi.csv,2.1,False
granite3-moe:3b-instruct-q4_K_M,2.1GB,4K,Text,157f538ae66e,1 year ago,granite\granite3-moe.csv,2.1,False
phi3:3.8b-mini-128k-instruct-q3_K_L,2.1GB,4K,Text,58dabb8dab6e,2 years ago,phi\phi3.csv,2.1,False
phi3.5:3.8b-mini-instruct-q3_K_L,2.1GB,4K,Text,1a0c69ceca7c,1 year ago,phi\phi3.5.csv,2.1,False
granite3.1-moe:3b-base-q4_1,2.1GB,128K,Text,8942c9a09ac4,1 year ago,ibm\granite3.1-moe.csv,2.1,False
granite4.1:3b-q4_K_M,2.1GB,128K,Text,6fd349357287,4 months ago,granite\granite4.1.csv,2.1,False
granite4.2:3b-q4_K_S,2.1GB,128K,Text,4182b0b98b0e,1 week ago,granite\granite4.2.csv,2.1,False
granite3.1-moe:3b-instruct-q4_1,2.1GB,128K,Text,43836bcffc16,1 year ago,ibm\granite3.1-moe.csv,2.1,False
granite4.2:3b-q4_0,2.1GB,128K,Text,ffe53a4441a1,1 week ago,granite\granite4.2.csv,2.1,False
granite4.1:3b,2.1GB,128K,Text,6fd349357287,4 months ago,granite\granite4.1.csv,2.1,False
phi3:3.8b-mini-4k-instruct-q3_K_L,2.1GB,4K,Text,7b07bdbff049,2 years ago,phi\phi3.csv,2.1,False
granite3-moe:3b-instruct-q4_1,2.1GB,4K,Text,606fa12edcea,1 year ago,ibm\granite3-moe.csv,2.1,False
granite4.1:3b,2.1GB,128K,Text,6fd349357287,4 months ago,ibm\granite4.1.csv,2.1,False
gemma:2b-text-q5_1,2.1GB,8K,Text,af9d160f687e,2 years ago,gemma\gemma.csv,2.1,False
granite4:micro-q4_K_M,2.1GB,128K,Text,89962fcc7523,11 months ago,ibm\granite4.csv,2.1,False
granite4.1:3b-q4_K_M,2.1GB,128K,Text,6fd349357287,4 months ago,ibm\granite4.1.csv,2.1,False
codegemma:2b-code-v1.1-q6_K,2.1GB,8K,Text,,,gemma\codegemma.csv,2.1,False
codegemma:2b-code-q6_K,2.1GB,8K,Text,,,gemma\codegemma.csv,2.1,False
granite3-guardian:2b-q6_K,2.1GB,8K,Text,660ad5f95636,1 year ago,ibm\granite3-guardian.csv,2.1,False
granite4:micro-base-q4_K_M,2.1GB,128K,Text,7965ef1fc4e2,11 months ago,ibm\granite4.csv,2.1,False
granite3-moe:3b,2.1GB,4K,Text,60cecf1845f2,1 year ago,ibm\granite3-moe.csv,2.1,False
granite3-moe:3b-base-q4_K_M,2.1GB,4K,Text,8d43894dbc2d,1 year ago,ibm\granite3-moe.csv,2.1,False
granite4:micro,2.1GB,128K,Text,89962fcc7523,11 months ago,ibm\granite4.csv,2.1,False
granite4.2:3b-q4_0,2.1GB,128K,Text,7bc936b56fec,1 week ago,ibm\granite4.2.csv,2.1,False
granite4.2:3b-q4_K_S,2.1GB,128K,Text,0ff85ec2f9bc,1 week ago,ibm\granite4.2.csv,2.1,False
phi:2.7b-chat-v2-q5_1,2.1GB,2K,Text,,,phi\phi.csv,2.1,False
granite3-moe:3b-base-q4_1,2.1GB,4K,Text,3e315e983cf6,1 year ago,ibm\granite3-moe.csv,2.1,False
granite4:latest,2.1GB,128K,Text,98b5cfd619dd,10 months ago,ibm\granite4.csv,2.1,False
granite3-dense:2b-base-q6_K,2.1GB,4K,Text,6a1802d2a90b,1 year ago,ibm\granite3-dense.csv,2.1,False
gemma:2b-instruct-v1.1-q6_K,2.1GB,8K,Text,25735feffbe0,2 years ago,gemma\gemma.csv,2.1,False
granite3.1-dense:2b-instruct-q6_K,2.1GB,128K,Text,66d07595e1dc,1 year ago,granite\granite3.1-dense.csv,2.1,False
granite3-guardian:2b,2.1GB,8K,Text,660ad5f95636,1 year ago,ibm\granite3-guardian.csv,2.1,False
gemma:2b-instruct-q5_1,2.1GB,8K,Text,2005cd5b9f9a,2 years ago,gemma\gemma.csv,2.1,False
granite3.1-moe:3b-instruct-q4_1,2.1GB,128K,Text,a4c8618969bb,1 year ago,granite\granite3.1-moe.csv,2.1,False
llama3.2:3b-text-q4_1,2.1GB,128K,Text,7c21a62209c3,1 year ago,llama\llama3.2.csv,2.1,False
granite3-moe:3b-instruct-q4_1,2.1GB,4K,Text,ac91c7b62cc7,1 year ago,granite\granite3-moe.csv,2.1,False
llama3.2:3b-instruct-q4_1,2.1GB,128K,Text,c910c5139ab6,1 year ago,llama\llama3.2.csv,2.1,False
granite3.3:2b-base-q6_K,2.1GB,128K,Text,b7e6b87bd6af,1 year ago,ibm\granite3.3.csv,2.1,False
granite3.1-guardian:2b,2.1GB,128K,Text,ed797887459c,1 year ago,ibm\granite3.1-guardian.csv,2.1,False
granite3-moe:3b-instruct-q4_K_M,2.1GB,4K,Text,60cecf1845f2,1 year ago,ibm\granite3-moe.csv,2.1,False
granite3.1-dense:2b-base-q6_K,2.1GB,128K,Text,e17ea579f83a,1 year ago,ibm\granite3.1-dense.csv,2.1,False
granite3.3:2b-instruct-q6_K,2.1GB,128K,Text,9ee1132c27b7,1 year ago,ibm\granite3.3.csv,2.1,False
granite3.2:2b-instruct-q6_K,2.1GB,128K,Text,205a90583676,1 year ago,ibm\granite3.2.csv,2.1,False
granite3.1-guardian:2b-q6_K,2.1GB,128K,Text,ed797887459c,1 year ago,ibm\granite3.1-guardian.csv,2.1,False
granite3.1-dense:2b-instruct-q6_K,2.1GB,128K,Text,7b97db92ed46,1 year ago,ibm\granite3.1-dense.csv,2.1,False
nemotron-mini:4b-instruct-q3_K_S,2.1GB,4K,Text,28cabdeeb76e,1 year ago,nemotron\nemotron-mini.csv,2.1,False
qwen3:1.7b-q8_0,2.2GB,40K,Text,29b6a7a420a4,1 year ago,qwen\qwen3.csv,2.2,False
qwen2.5:3b-instruct-q5_K_M,2.2GB,32K,Text,19cf317bd479,1 year ago,qwen\qwen2.5.csv,2.2,False
gemma2:2b-instruct-q6_K,2.2GB,8K,Text,6c5eedbb9189,2 years ago,gemma\gemma2.csv,2.2,False
qwen2.5:3b-instruct-q5_0,2.2GB,32K,Text,f2c8c51a4c62,1 year ago,qwen\qwen2.5.csv,2.2,False
granite4:micro-h-q5_0,2.2GB,1M,Text,b1d21507c2fa,11 months ago,ibm\granite4.csv,2.2,False
granite4:micro-h-base-q5_0,2.2GB,1M,Text,fa4bdab3c2fa,11 months ago,ibm\granite4.csv,2.2,False
qwen2.5:3b-instruct-q5_K_S,2.2GB,32K,Text,8ce4b148557a,1 year ago,qwen\qwen2.5.csv,2.2,False
gemma2:2b-text-q6_K,2.2GB,8K,Text,3b637a49f20f,2 years ago,gemma\gemma2.csv,2.2,False
granite4:micro-h-q5_K_S,2.2GB,1M,Text,e57f8e91e1f3,11 months ago,ibm\granite4.csv,2.2,False
shieldgemma:2b-q6_K,2.2GB,8K,Text,d6bc266fff20,1 year ago,gemma\shieldgemma.csv,2.2,False
granite4:micro-h-base-q5_K_S,2.2GB,1M,Text,28d7355f2a2e,11 months ago,ibm\granite4.csv,2.2,False
granite4.2:3b,2.2GB,128K,Text,40577dc168a3,1 week ago,granite\granite4.2.csv,2.2,False
granite4:micro-base-q4_1,2.2GB,128K,Text,574f1deabae1,11 months ago,ibm\granite4.csv,2.2,False
granite4:micro-q4_1,2.2GB,128K,Text,f1750ae5b358,11 months ago,ibm\granite4.csv,2.2,False
granite3-dense:2b-instruct-q6_K,2.2GB,4K,Text,7f374efdad9b,1 year ago,granite\granite3-dense.csv,2.2,False
gemma:2b-text-q6_K,2.2GB,8K,Text,5bd4a449bdbe,2 years ago,gemma\gemma.csv,2.2,False
gemma:2b-instruct-q6_K,2.2GB,8K,Text,2934d89f4873,2 years ago,gemma\gemma.csv,2.2,False
granite4.1:3b-q4_1,2.2GB,128K,Text,53377988686e,4 months ago,granite\granite4.1.csv,2.2,False
granite3-dense:2b-instruct-q6_K,2.2GB,4K,Text,16dc0862d52f,1 year ago,ibm\granite3-dense.csv,2.2,False
phi3:3.8b-mini-128k-instruct-q4_K_S,2.2GB,4K,Text,786fb198d976,2 years ago,phi\phi3.csv,2.2,False
phi3.5:latest,2.2GB,128K,Text,61819fb370a3,1 year ago,phi\phi3.5.csv,2.2,False
phi3:3.8b-mini-128k-instruct-q4_0,2.2GB,128K,Text,4f2222927938,2 years ago,phi\phi3.csv,2.2,False
qwen2.5-coder:3b-instruct-q5_0,2.2GB,32K,Text,29a4dfd4e052,1 year ago,qwen\qwen2.5-coder.csv,2.2,False
phi3:latest,2.2GB,128K,Text,4f2222927938,2 years ago,phi\phi3.csv,2.2,False
phi3:instruct,2.2GB,128K,Text,4f2222927938,2 years ago,phi\phi3.csv,2.2,False
phi3:mini,2.2GB,128K,Text,4f2222927938,2 years ago,phi\phi3.csv,2.2,False
phi3:3.8b,2.2GB,128K,Text,4f2222927938,2 years ago,phi\phi3.csv,2.2,False
phi3:3.8b-instruct,2.2GB,128K,Text,4f2222927938,2 years ago,phi\phi3.csv,2.2,False
phi3:mini-128k,2.2GB,128K,Text,4f2222927938,2 years ago,phi\phi3.csv,2.2,False
phi3:3.8b-mini-4k-instruct-q4_K_S,2.2GB,4K,Text,3a368186663f,2 years ago,phi\phi3.csv,2.2,False
phi3:3.8b-mini-4k-instruct-q4_0,2.2GB,4K,Text,9e6804ea5320,2 years ago,phi\phi3.csv,2.2,False
phi3.5:3.8b,2.2GB,128K,Text,61819fb370a3,1 year ago,phi\phi3.5.csv,2.2,False
phi3.5:3.8b-mini-instruct-q4_0,2.2GB,128K,Text,61819fb370a3,1 year ago,phi\phi3.5.csv,2.2,False
qwen2.5-coder:3b-instruct-q5_K_M,2.2GB,32K,Text,cbccf6dfb086,1 year ago,qwen\qwen2.5-coder.csv,2.2,False
qwen2.5-coder:3b-instruct-q5_K_S,2.2GB,32K,Text,3d691932fd92,1 year ago,qwen\qwen2.5-coder.csv,2.2,False
phi3.5:3.8b-mini-instruct-q4_K_S,2.2GB,4K,Text,593801e5a118,1 year ago,phi\phi3.5.csv,2.2,False
qwen:4b-text-v1.5-q3_K_L,2.2GB,32K,Text,34cd35706e60,2 years ago,qwen\qwen.csv,2.2,False
qwen:4b-chat-v1.5-q3_K_L,2.2GB,32K,Text,373625817e6f,2 years ago,qwen\qwen.csv,2.2,False
qwen2.5-coder:3b-base-q5_K_S,2.2GB,32K,Text,a5c8f5c89aec,1 year ago,qwen\qwen2.5-coder.csv,2.2,False
qwen2.5-coder:3b-base-q5_0,2.2GB,32K,Text,5d9e4253f276,1 year ago,qwen\qwen2.5-coder.csv,2.2,False
granite4.2:3b,2.2GB,128K,Text,7a65e6414ad6,1 week ago,ibm\granite4.2.csv,2.2,False
qwen2.5-coder:3b-base-q5_K_M,2.2GB,32K,Text,5ebe29b5b83a,1 year ago,qwen\qwen2.5-coder.csv,2.2,False
granite4.1:3b-q4_1,2.2GB,128K,Text,53377988686e,4 months ago,ibm\granite4.1.csv,2.2,False
qwen:4b-chat-v1.5-q4_K_S,2.3GB,32K,Text,1f33fcfdb4b1,2 years ago,qwen\qwen.csv,2.3,False
qwen:4b-text,2.3GB,32K,Text,a1332f1a62c4,2 years ago,qwen\qwen.csv,2.3,False
qwen:4b-chat-v1.5-q4_0,2.3GB,32K,Text,d53d04290064,2 years ago,qwen\qwen.csv,2.3,False
llama3.2:3b-text-q5_K_M,2.3GB,128K,Text,5115e096cd33,1 year ago,llama\llama3.2.csv,2.3,False
llama3.2:3b-text-q5_0,2.3GB,128K,Text,3f80b071deb8,1 year ago,llama\llama3.2.csv,2.3,False
qwen:latest,2.3GB,32K,Text,d53d04290064,2 years ago,qwen\qwen.csv,2.3,False
granite3-moe:3b-instruct-q5_0,2.3GB,4K,Text,e623edd5db90,1 year ago,granite\granite3-moe.csv,2.3,False
granite3.1-moe:3b-instruct-q5_K_S,2.3GB,128K,Text,ec25600ae9c5,1 year ago,granite\granite3.1-moe.csv,2.3,False
granite4.2:3b-q4_1,2.3GB,128K,Text,954511ce239c,1 week ago,granite\granite4.2.csv,2.3,False
granite3.1-moe:3b-instruct-q5_0,2.3GB,128K,Text,ac1c3501f148,1 year ago,granite\granite3.1-moe.csv,2.3,False
granite3.1-moe:3b-instruct-q5_K_S,2.3GB,128K,Text,0ccfd258132c,1 year ago,ibm\granite3.1-moe.csv,2.3,False
granite3.1-moe:3b-instruct-q5_0,2.3GB,128K,Text,e3c9d355c20b,1 year ago,ibm\granite3.1-moe.csv,2.3,False
granite3-moe:3b-instruct-q5_K_S,2.3GB,4K,Text,c84b2a3a27fd,1 year ago,granite\granite3-moe.csv,2.3,False
granite4.2:3b-q4_1,2.3GB,128K,Text,b56bbd9a3274,1 week ago,ibm\granite4.2.csv,2.3,False
qwen:4b-chat,2.3GB,32K,Text,d53d04290064,2 years ago,qwen\qwen.csv,2.3,False
qwen2.5-coder:3b-instruct-q5_1,2.3GB,32K,Text,6d4e1a16fa81,1 year ago,qwen\qwen2.5-coder.csv,2.3,False
llama3.2:3b-text-q5_K_S,2.3GB,128K,Text,ca4813388da9,1 year ago,llama\llama3.2.csv,2.3,False
phi:2.7b-chat-v2-q6_K,2.3GB,2K,Text,,,phi\phi.csv,2.3,False
granite3-moe:3b-base-q5_0,2.3GB,4K,Text,1daa0e7d58e5,1 year ago,ibm\granite3-moe.csv,2.3,False
granite3-moe:3b-base-q5_K_S,2.3GB,4K,Text,6180e4e7792a,1 year ago,ibm\granite3-moe.csv,2.3,False
llama3.2:3b-instruct-q5_K_M,2.3GB,128K,Text,7709c7357e6d,1 year ago,llama\llama3.2.csv,2.3,False
granite3.1-moe:3b-base-q5_0,2.3GB,128K,Text,c032a21bcbb2,1 year ago,ibm\granite3.1-moe.csv,2.3,False
llama3.2:3b-instruct-q5_K_S,2.3GB,128K,Text,97ef2f873c2c,1 year ago,llama\llama3.2.csv,2.3,False
nemotron-mini:4b-instruct-q3_K_M,2.3GB,4K,Text,91b07164ba46,1 year ago,nemotron\nemotron-mini.csv,2.3,False
llama3.2:3b-instruct-q5_0,2.3GB,128K,Text,fa2b62a5f96d,1 year ago,llama\llama3.2.csv,2.3,False
granite3.1-moe:3b-base-q5_K_S,2.3GB,128K,Text,f7830781cc25,1 year ago,ibm\granite3.1-moe.csv,2.3,False
granite3-moe:3b-instruct-q5_0,2.3GB,4K,Text,8f4b2ad62be1,1 year ago,ibm\granite3-moe.csv,2.3,False
granite3-moe:3b-instruct-q5_K_S,2.3GB,4K,Text,dea1584df0ba,1 year ago,ibm\granite3-moe.csv,2.3,False
qwen2.5-coder:3b-base-q5_1,2.3GB,32K,Text,1a003934c203,1 year ago,qwen\qwen2.5-coder.csv,2.3,False
qwen2.5:3b-instruct-q5_1,2.3GB,32K,Text,c7e5301cb49e,1 year ago,qwen\qwen2.5.csv,2.3,False
granite4:micro-h-base-q5_K_M,2.3GB,1M,Text,77061c83832e,11 months ago,ibm\granite4.csv,2.3,False
granite4:micro-h-q5_K_M,2.3GB,1M,Text,836b214e86a2,11 months ago,ibm\granite4.csv,2.3,False
qwen:4b-text-v1.5-q4_0,2.3GB,32K,Text,a1332f1a62c4,2 years ago,qwen\qwen.csv,2.3,False
qwen:4b-text-v1.5-q4_K_S,2.3GB,32K,Text,a569a7c9c36b,2 years ago,qwen\qwen.csv,2.3,False
granite4:micro-base-q5_K_S,2.4GB,128K,Text,4a469e1f8bf4,11 months ago,ibm\granite4.csv,2.4,False
granite4:micro-q5_K_M,2.4GB,128K,Text,0a36f5740acb,11 months ago,ibm\granite4.csv,2.4,False
granite3.2-guardian:3b-q5_K_M,2.4GB,128K,Text,0d841878ed23,1 year ago,ibm\granite3.2-guardian.csv,2.4,False
granite3.1-moe:3b-instruct-q5_K_M,2.4GB,128K,Text,e24810cea34a,1 year ago,ibm\granite3.1-moe.csv,2.4,False
phi3.5:3.8b-mini-instruct-q4_1,2.4GB,4K,Text,4cbfba8563ff,1 year ago,phi\phi3.5.csv,2.4,False
phi3:3.8b-mini-128k-instruct-q4_K_M,2.4GB,4K,Text,5a157c52afff,2 years ago,phi\phi3.csv,2.4,False
granite3-moe:3b-base-q5_K_M,2.4GB,4K,Text,9767dca22587,1 year ago,ibm\granite3-moe.csv,2.4,False
phi3.5:3.8b-mini-instruct-q4_K_M,2.4GB,4K,Text,570961596984,1 year ago,phi\phi3.5.csv,2.4,False
llama3.2:3b-text-q5_1,2.4GB,128K,Text,4f906c782668,1 year ago,llama\llama3.2.csv,2.4,False
phi3:3.8b-mini-4k-instruct-q4_1,2.4GB,4K,Text,ce621d0c2d06,2 years ago,phi\phi3.csv,2.4,False
phi3:mini-4k,2.4GB,4K,Text,d5ea514251bf,2 years ago,phi\phi3.csv,2.4,False
phi3:3.8b-mini-4k-instruct-q4_K_M,2.4GB,4K,Text,d5ea514251bf,2 years ago,phi\phi3.csv,2.4,False
phi3:3.8b-mini-128k-instruct-q4_1,2.4GB,4K,Text,7ed2c3a2024e,2 years ago,phi\phi3.csv,2.4,False
granite3.1-moe:3b-instruct-q5_K_M,2.4GB,128K,Text,fac03e34e804,1 year ago,granite\granite3.1-moe.csv,2.4,False
granite4.1:3b-q5_0,2.4GB,128K,Text,655215522aaa,4 months ago,granite\granite4.1.csv,2.4,False
granite4.1:3b-q5_K_M,2.4GB,128K,Text,5f9ff57bab32,4 months ago,granite\granite4.1.csv,2.4,False
granite3-moe:3b-instruct-q5_K_M,2.4GB,4K,Text,4da7d618bf8b,1 year ago,ibm\granite3-moe.csv,2.4,False
granite4.1:3b-q5_K_S,2.4GB,128K,Text,d671c6877cde,4 months ago,ibm\granite4.1.csv,2.4,False
granite4:micro-base-q5_0,2.4GB,128K,Text,77ae9a627a2f,11 months ago,ibm\granite4.csv,2.4,False
granite4:micro-h-base-q5_1,2.4GB,1M,Text,feb02318a9ff,11 months ago,ibm\granite4.csv,2.4,False
granite3.2-vision:2b-q4_K_M,2.4GB,128K,"Text, Image",8a2538362d20,1 year ago,ibm\granite3.2-vision.csv,2.4,False
granite4:micro-q5_0,2.4GB,128K,Text,61c605db92ef,11 months ago,ibm\granite4.csv,2.4,False
granite4:micro-h-q5_1,2.4GB,1M,Text,c50bdece1275,11 months ago,ibm\granite4.csv,2.4,False
granite4.1:3b-q5_K_S,2.4GB,128K,Text,d671c6877cde,4 months ago,granite\granite4.1.csv,2.4,False
granite3-moe:3b-instruct-q5_K_M,2.4GB,4K,Text,94e89b071306,1 year ago,granite\granite3-moe.csv,2.4,False
granite4:micro-base-q5_K_M,2.4GB,128K,Text,bf4bb9814f9d,11 months ago,ibm\granite4.csv,2.4,False
granite4:micro-q5_K_S,2.4GB,128K,Text,5b1091af68df,11 months ago,ibm\granite4.csv,2.4,False
granite3.3-vision:2b-q4_K_M,2.4GB,128K,"Text, Image",c1fc23351ef0,1 year ago,ibm\granite3.3-vision.csv,2.4,False
granite4.1:3b-q5_0,2.4GB,128K,Text,655215522aaa,4 months ago,ibm\granite4.1.csv,2.4,False
granite4.1:3b-q5_K_M,2.4GB,128K,Text,5f9ff57bab32,4 months ago,ibm\granite4.1.csv,2.4,False
granite3.1-moe:3b-base-q5_K_M,2.4GB,128K,Text,a0297e9a93b5,1 year ago,ibm\granite3.1-moe.csv,2.4,False
llama3.2:3b-instruct-q5_1,2.4GB,128K,Text,0452394ac7c9,1 year ago,llama\llama3.2.csv,2.4,False
qwen:4b-text-v1.5-q4_K_M,2.5GB,32K,Text,ba6453687014,2 years ago,qwen\qwen.csv,2.5,False
qwen2.5-coder:3b-instruct-q6_K,2.5GB,32K,Text,34027fd05f12,1 year ago,qwen\qwen2.5-coder.csv,2.5,False
granite3-moe:3b-base-q5_1,2.5GB,4K,Text,fece82ab1678,1 year ago,ibm\granite3-moe.csv,2.5,False
qwen:4b-chat-v1.5-q4_K_M,2.5GB,32K,Text,84dd8780ab54,2 years ago,qwen\qwen.csv,2.5,False
phi4-mini:3.8b-q4_K_M,2.5GB,128K,Text,78fad5d182a7,1 year ago,phi\phi4-mini.csv,2.5,False
llama3.2:1b-text-fp16,2.5GB,128K,Text,562d60c68b3d,1 year ago,llama\llama3.2.csv,2.5,False
phi4-mini:latest,2.5GB,128K,Text,78fad5d182a7,1 year ago,phi\phi4-mini.csv,2.5,False
phi4-mini:3.8b,2.5GB,128K,Text,78fad5d182a7,1 year ago,phi\phi4-mini.csv,2.5,False
qwen2.5:3b-instruct-q6_K,2.5GB,32K,Text,9f78f7728716,1 year ago,qwen\qwen2.5.csv,2.5,False
granite3-moe:3b-instruct-q5_1,2.5GB,4K,Text,e695fdce1d92,1 year ago,ibm\granite3-moe.csv,2.5,False
granite4.0-preview:tiny-base-q2_K,2.5GB,1M,Text,093e83613981,11 months ago,ibm\granite4.0-preview.csv,2.5,False
qwen3.5:2b-nvfp4,MLX 2.5GB,256K,"Text, Image",0ab1f7a1e882,5 months ago,qwen\qwen3.5.csv,2.5,False
qwen3:4b-instruct,2.5GB,256K,Text,0edcdef34593,11 months ago,qwen\qwen3.csv,2.5,False
granite3-moe:3b-instruct-q5_1,2.5GB,4K,Text,709d47478efd,1 year ago,granite\granite3-moe.csv,2.5,False
granite3.1-moe:3b-instruct-q5_1,2.5GB,128K,Text,14ba2faee6e3,1 year ago,granite\granite3.1-moe.csv,2.5,False
granite3.1-moe:3b-instruct-q5_1,2.5GB,128K,Text,f687f9feb1ad,1 year ago,ibm\granite3.1-moe.csv,2.5,False
qwen3:4b-thinking,2.5GB,256K,Text,359d7dd4bcda,10 months ago,qwen\qwen3.csv,2.5,False
qwen3-embedding:4b-q4_K_M,2.5GB,40K,Text,df5bd2e3c74c,11 months ago,qwen\qwen3-embedding.csv,2.5,False
granite3.1-moe:3b-base-q5_1,2.5GB,128K,Text,a532169b3f84,1 year ago,ibm\granite3.1-moe.csv,2.5,False
nemotron-mini:4b-instruct-q3_K_L,2.5GB,4K,Text,899020cd5b1e,1 year ago,nemotron\nemotron-mini.csv,2.5,False
qwen3:4b-instruct-2507-q4_K_M,2.5GB,256K,Text,0edcdef34593,11 months ago,qwen\qwen3.csv,2.5,False
qwen2.5-coder:3b-base-q6_K,2.5GB,32K,Text,30b38aca8440,1 year ago,qwen\qwen2.5-coder.csv,2.5,False
qwen3:4b-thinking-2507-q4_K_M,2.5GB,256K,Text,359d7dd4bcda,11 months ago,qwen\qwen3.csv,2.5,False
llama3.2:1b-instruct-fp16,2.5GB,128K,Text,2887c3d03e74,1 year ago,llama\llama3.2.csv,2.5,False
qwen3-embedding:4b,2.5GB,40K,Text,df5bd2e3c74c,11 months ago,qwen\qwen3-embedding.csv,2.5,False
granite4.0-preview:tiny-instruct-q2_K,2.5GB,1M,Text,1b0b4b5e36c6,11 months ago,ibm\granite4.0-preview.csv,2.5,False
qwen:4b-chat-v1.5-q4_1,2.6GB,32K,Text,8d4b987199fe,2 years ago,qwen\qwen.csv,2.6,False
phi3:3.8b-mini-128k-instruct-q5_0,2.6GB,128K,Text,68e0cbe0eb8a,2 years ago,phi\phi3.csv,2.6,False
phi3:3.8b-mini-128k-instruct-q5_K_S,2.6GB,4K,Text,86b1e7aa6fd8,2 years ago,phi\phi3.csv,2.6,False
phi3.5:3.8b-mini-instruct-q5_0,2.6GB,4K,Text,08d2a846d344,1 year ago,phi\phi3.5.csv,2.6,False
phi3.5:3.8b-mini-instruct-q5_K_S,2.6GB,4K,Text,359cb1eb71b5,1 year ago,phi\phi3.5.csv,2.6,False
granite4:tiny-h-q2_K,2.6GB,1M,Text,1562bb60f63b,11 months ago,ibm\granite4.csv,2.6,False
granite4:tiny-h-base-q2_K,2.6GB,1M,Text,bca9c4906a09,11 months ago,ibm\granite4.csv,2.6,False
granite4:micro-h-q6_K,2.6GB,1M,Text,04d7088a69df,11 months ago,ibm\granite4.csv,2.6,False
granite4:micro-h-base-q6_K,2.6GB,1M,Text,35c21a40474e,11 months ago,ibm\granite4.csv,2.6,False
qwen3-vl:2b-instruct-q8_0,2.6GB,256K,"Text, Image",9674b2259d72,10 months ago,qwen\qwen3-vl.csv,2.6,False
qwen3-vl:2b-thinking-q8_0,2.6GB,256K,"Text, Image",d73b897fb9aa,10 months ago,qwen\qwen3-vl.csv,2.6,False
qwen3:4b-q4_K_M,2.6GB,40K,Text,2bfd38a7daaf,1 year ago,qwen\qwen3.csv,2.6,False
llama3.2:3b-text-q6_K,2.6GB,128K,Text,2cc9f183bdd4,1 year ago,llama\llama3.2.csv,2.6,False
phi3:3.8b-mini-4k-instruct-q5_K_S,2.6GB,4K,Text,2f614430e421,2 years ago,phi\phi3.csv,2.6,False
phi3:3.8b-mini-4k-instruct-q5_0,2.6GB,4K,Text,df35ca8fb243,2 years ago,phi\phi3.csv,2.6,False
granite4.2:3b-q5_K_M,2.6GB,128K,Text,8a5cff2be752,1 week ago,granite\granite4.2.csv,2.6,False
granite4:micro-q5_1,2.6GB,128K,Text,356aac2d1775,11 months ago,ibm\granite4.csv,2.6,False
granite4:micro-base-q5_1,2.6GB,128K,Text,c37535d2f5ae,11 months ago,ibm\granite4.csv,2.6,False
granite4.1:3b-q5_1,2.6GB,128K,Text,7d0a195533f7,4 months ago,granite\granite4.1.csv,2.6,False
granite4.2:3b-q5_0,2.6GB,128K,Text,ddbab3d2014a,1 week ago,granite\granite4.2.csv,2.6,False
granite4.2:3b-q5_K_S,2.6GB,128K,Text,9ccbb8f64ae6,1 week ago,granite\granite4.2.csv,2.6,False
qwen:4b-text-v1.5-q4_1,2.6GB,32K,Text,0139d9637b43,2 years ago,qwen\qwen.csv,2.6,False
granite4.2:3b-q5_0,2.6GB,128K,Text,e083ed55bd53,1 week ago,ibm\granite4.2.csv,2.6,False
granite4.2:3b-q5_K_S,2.6GB,128K,Text,59e1cd391082,1 week ago,ibm\granite4.2.csv,2.6,False
granite4.1:3b-q5_1,2.6GB,128K,Text,7d0a195533f7,4 months ago,ibm\granite4.1.csv,2.6,False
granite4.2:3b-q5_K_M,2.6GB,128K,Text,895a8b7d3834,1 week ago,ibm\granite4.2.csv,2.6,False
llama3.2:3b-instruct-q6_K,2.6GB,128K,Text,355f7bc7ff61,1 year ago,llama\llama3.2.csv,2.6,False
nemotron-mini:4b-instruct-q4_0,2.6GB,4K,Text,041bd339f71f,1 year ago,nemotron\nemotron-mini.csv,2.6,False
nemotron-mini:4b-instruct-q4_K_S,2.6GB,4K,Text,59f3d2ea76f8,1 year ago,nemotron\nemotron-mini.csv,2.6,False
qwen3.5:2b-q8_0,2.7GB,256K,"Text, Image",324d162be6ca,6 months ago,qwen\qwen3.5.csv,2.7,False
qwen3.5:2b,2.7GB,256K,"Text, Image",324d162be6ca,6 months ago,qwen\qwen3.5.csv,2.7,False
nemotron-mini:4b,2.7GB,4K,Text,ed76ab18784f,1 year ago,nemotron\nemotron-mini.csv,2.7,False
granite3.2-vision:2b-q5_K_M,2.7GB,128K,"Text, Image",fc084518d0d8,1 year ago,ibm\granite3.2-vision.csv,2.7,False
granite3.1-moe:1b-base-f16,2.7GB,128K,Text,4cd3e8bd24af,1 year ago,ibm\granite3.1-moe.csv,2.7,False
granite3.1-moe:1b-instruct-f16,2.7GB,128K,Text,26addaa84231,1 year ago,ibm\granite3.1-moe.csv,2.7,False
codegemma:2b-code-q8_0,2.7GB,8K,Text,,,gemma\codegemma.csv,2.7,False
codegemma:2b-code-v1.1-q8_0,2.7GB,8K,Text,,,gemma\codegemma.csv,2.7,False
gemma:2b-instruct-q8_0,2.7GB,8K,Text,233b6c11a9a9,2 years ago,gemma\gemma.csv,2.7,False
gemma:2b-instruct-v1.1-q8_0,2.7GB,8K,Text,040645156534,2 years ago,gemma\gemma.csv,2.7,False
gemma:2b-text-q8_0,2.7GB,8K,Text,40e5082de8d9,2 years ago,gemma\gemma.csv,2.7,False
granite3-guardian:latest,2.7GB,8K,Text,ba81a177bd23,1 year ago,granite\granite3-guardian.csv,2.7,False
granite3-guardian:2b,2.7GB,8K,Text,ba81a177bd23,1 year ago,granite\granite3-guardian.csv,2.7,False
granite3-guardian:2b-q8_0,2.7GB,8K,Text,ba81a177bd23,1 year ago,granite\granite3-guardian.csv,2.7,False
granite3-moe:1b-instruct-fp16,2.7GB,4K,Text,cee5d696574c,1 year ago,granite\granite3-moe.csv,2.7,False
granite3.1-dense:2b-instruct-q8_0,2.7GB,128K,Text,ef1441680161,1 year ago,granite\granite3.1-dense.csv,2.7,False
granite3.1-moe:1b-instruct-fp16,2.7GB,128K,Text,99904f51aa5c,1 year ago,granite\granite3.1-moe.csv,2.7,False
granite3.1-moe:3b-instruct-q6_K,2.7GB,128K,Text,b49c14c5cac4,1 year ago,granite\granite3.1-moe.csv,2.7,False
granite3.2:2b-instruct-q8_0,2.7GB,128K,Text,f6f4d0d4b4fa,1 year ago,granite\granite3.2.csv,2.7,False
granite3-dense:2b-base-q8_0,2.7GB,4K,Text,c50fc2b9d8e2,1 year ago,ibm\granite3-dense.csv,2.7,False
nemotron-mini:latest,2.7GB,4K,Text,ed76ab18784f,1 year ago,nemotron\nemotron-mini.csv,2.7,False
granite3-guardian:2b-q8_0,2.7GB,8K,Text,f5ecf0283bcb,1 year ago,ibm\granite3-guardian.csv,2.7,False
granite3-moe:1b-instruct-f16,2.7GB,4K,Text,99d424d2ea37,1 year ago,ibm\granite3-moe.csv,2.7,False
granite3.3:2b-instruct-q8_0,2.7GB,128K,Text,cc5b7c6e75ed,1 year ago,ibm\granite3.3.csv,2.7,False
granite3.1-dense:2b-base-q8_0,2.7GB,128K,Text,7d2bc857bd3b,1 year ago,ibm\granite3.1-dense.csv,2.7,False
granite3.3:2b-base-q8_0,2.7GB,128K,Text,0e6d4e7fe611,1 year ago,ibm\granite3.3.csv,2.7,False
granite3.1-dense:2b-instruct-q8_0,2.7GB,128K,Text,1245da574577,1 year ago,ibm\granite3.1-dense.csv,2.7,False
granite3.1-guardian:2b-q8_0,2.7GB,128K,Text,1a2053ee14fb,1 year ago,ibm\granite3.1-guardian.csv,2.7,False
granite3.2:2b-instruct-q8_0,2.7GB,128K,Text,4e49d255178e,1 year ago,ibm\granite3.2.csv,2.7,False
nemotron-mini:4b-instruct-q4_K_M,2.7GB,4K,Text,ed76ab18784f,1 year ago,nemotron\nemotron-mini.csv,2.7,False
mistral:7b-text-v0.2-q2_K,2.7GB,16K,Text,748b32627509,2 years ago,mistral\mistral.csv,2.7,False
mistral:7b-instruct-v0.3-q2_K,2.7GB,32K,Text,8bada5a287d3,1 year ago,mistral\mistral.csv,2.7,False
dolphin-mistral:7b-v2.8-q2_K,2.7GB,32K,Text,703fcc8feca4,2 years ago,mistral\dolphin-mistral.csv,2.7,False
mathstral:7b-v0.1-q2_K,2.7GB,32K,Text,5137b80a2f9f,2 years ago,mistral\mathstral.csv,2.7,False
granite3.3-vision:2b-q5_K_M,2.7GB,128K,"Text, Image",1a9c7d7d5a0e,1 year ago,ibm\granite3.3-vision.csv,2.7,False
granite3.1-moe:3b-instruct-q6_K,2.7GB,128K,Text,2e3dcbe75177,1 year ago,ibm\granite3.1-moe.csv,2.7,False
granite3.2-guardian:3b,2.7GB,128K,Text,4f7cdff62b7e,1 year ago,ibm\granite3.2-guardian.csv,2.7,False
granite3.2-guardian:3b-q6_K,2.7GB,128K,Text,4f7cdff62b7e,1 year ago,ibm\granite3.2-guardian.csv,2.7,False
granite3.1-moe:3b-base-q6_K,2.7GB,128K,Text,d71b6ca55a7a,1 year ago,ibm\granite3.1-moe.csv,2.7,False
deepseek-coder:1.3b-base-fp16,2.7GB,16K,Text,02b95acb6d92,2 years ago,deepseek\deepseek-coder.csv,2.7,False
deepseek-coder:1.3b-instruct-fp16,2.7GB,16K,Text,89aaa860fc95,2 years ago,deepseek\deepseek-coder.csv,2.7,False
deepseek-coder:6.7b-base-q2_K,2.8GB,16K,Text,e13d22daf157,2 years ago,deepseek\deepseek-coder.csv,2.8,False
deepseek-coder:6.7b-instruct-q2_K,2.8GB,16K,Text,6fd7b2652ba7,2 years ago,deepseek\deepseek-coder.csv,2.8,False
gemma2:2b-instruct-q8_0,2.8GB,8K,Text,9d27a8c2325c,2 years ago,gemma\gemma2.csv,2.8,False
gemma2:2b-text-q8_0,2.8GB,8K,Text,302f408c0774,2 years ago,gemma\gemma2.csv,2.8,False
shieldgemma:2b-q8_0,2.8GB,8K,Text,4e23a11d17c8,1 year ago,gemma\shieldgemma.csv,2.8,False
granite4.1:3b-q6_K,2.8GB,128K,Text,3c142316f4cf,4 months ago,granite\granite4.1.csv,2.8,False
granite3-dense:2b-instruct-q8_0,2.8GB,4K,Text,f35cd2e1e433,1 year ago,granite\granite3-dense.csv,2.8,False
granite3-moe:3b-instruct-q6_K,2.8GB,4K,Text,c196db4b29bb,1 year ago,granite\granite3-moe.csv,2.8,False
granite4.2:3b-q5_1,2.8GB,128K,Text,9e9e61dce423,1 week ago,granite\granite4.2.csv,2.8,False
granite3-moe:3b-base-q6_K,2.8GB,4K,Text,a9e67307db4b,1 year ago,ibm\granite3-moe.csv,2.8,False
granite3-moe:3b-instruct-q6_K,2.8GB,4K,Text,d2920a652161,1 year ago,ibm\granite3-moe.csv,2.8,False
granite3-moe:1b-base-f16,2.8GB,4K,Text,a7c7e9d19bab,1 year ago,ibm\granite3-moe.csv,2.8,False
granite3-dense:2b-instruct-q8_0,2.8GB,4K,Text,738b0a192bee,1 year ago,ibm\granite3-dense.csv,2.8,False
qwen:4b-text-v1.5-q5_K_S,2.8GB,32K,Text,dc8f41c10a81,2 years ago,qwen\qwen.csv,2.8,False
granite4.1:3b-q6_K,2.8GB,128K,Text,3c142316f4cf,4 months ago,ibm\granite4.1.csv,2.8,False
granite4.2:3b-q5_1,2.8GB,128K,Text,89a2836a3b66,1 week ago,ibm\granite4.2.csv,2.8,False
qwen:4b-chat-v1.5-q5_K_M,2.8GB,32K,Text,0f701078af82,2 years ago,qwen\qwen.csv,2.8,False
qwen:4b-chat-v1.5-q5_K_S,2.8GB,32K,Text,4a434490ef35,2 years ago,qwen\qwen.csv,2.8,False
qwen:4b-chat-v1.5-q5_0,2.8GB,32K,Text,1a7d31503b2a,2 years ago,qwen\qwen.csv,2.8,False
granite4:micro-q6_K,2.8GB,128K,Text,f718ff166e01,11 months ago,ibm\granite4.csv,2.8,False
granite4:micro-base-q6_K,2.8GB,128K,Text,32dfc144c3a3,11 months ago,ibm\granite4.csv,2.8,False
llama2:7b-text-q2_K,2.8GB,4K,Text,c581571a4e90,2 years ago,llama\llama2.csv,2.8,False
llama2:7b-chat-q2_K,2.8GB,4K,Text,56baf05e3e67,2 years ago,llama\llama2.csv,2.8,False
llama2-uncensored:7b-chat-q2_K,2.8GB,2K,Text,74ae83e72254,2 years ago,llama\llama2-uncensored.csv,2.8,False
qwen:4b-text-v1.5-q5_K_M,2.8GB,32K,Text,55b9362ae113,2 years ago,qwen\qwen.csv,2.8,False
qwen:4b-text-v1.5-q5_0,2.8GB,32K,Text,9c5c32de923f,2 years ago,qwen\qwen.csv,2.8,False
phi3:3.8b-mini-128k-instruct-q5_K_M,2.8GB,4K,Text,ffbd0ae55416,2 years ago,phi\phi3.csv,2.8,False
nemotron-mini:4b-instruct-q4_1,2.8GB,4K,Text,715f0114b145,1 year ago,nemotron\nemotron-mini.csv,2.8,False
nemotron-3-nano:4b,2.8GB,256K,Text,6cc467f05439,5 months ago,nemotron\nemotron-3-nano.csv,2.8,False
phi3.5:3.8b-mini-instruct-q5_K_M,2.8GB,4K,Text,d8410edb4013,1 year ago,phi\phi3.5.csv,2.8,False
phi3:3.8b-mini-4k-instruct-q5_K_M,2.8GB,4K,Text,a902ed3435bb,2 years ago,phi\phi3.csv,2.8,False
granite4:1b-h-base-bf16,2.9GB,1M,Text,9c5a47645a5a,10 months ago,ibm\granite4.csv,2.9,False
llama2:7b-chat-q3_K_S,2.9GB,4K,Text,3af967e4a825,2 years ago,llama\llama2.csv,2.9,False
llama2:7b-text-q3_K_S,2.9GB,4K,Text,2f3ee65fe92a,2 years ago,llama\llama2.csv,2.9,False
llama2-uncensored:7b-chat-q3_K_S,2.9GB,2K,Text,3f56c4266b91,2 years ago,llama\llama2-uncensored.csv,2.9,False
granite4.0-preview:tiny-instruct-q3_K_S,2.9GB,1M,Text,56d20ece241e,11 months ago,ibm\granite4.0-preview.csv,2.9,False
granite4.0-preview:tiny-base-q3_K_S,2.9GB,1M,Text,c2ba604eb35d,11 months ago,ibm\granite4.0-preview.csv,2.9,False
granite4:1b-h-f16,2.9GB,1M,Text,6225a45edb4b,10 months ago,ibm\granite4.csv,2.9,False
granite4:1b-h-bf16,2.9GB,1M,Text,1245a435071f,10 months ago,ibm\granite4.csv,2.9,False
granite4:1b-h-base-f16,2.9GB,1M,Text,bc30f999ea0f,10 months ago,ibm\granite4.csv,2.9,False
phi3:3.8b-mini-4k-instruct-q5_1,2.9GB,4K,Text,416e85af3eae,2 years ago,phi\phi3.csv,2.9,False
phi3:3.8b-mini-128k-instruct-q5_1,2.9GB,4K,Text,7ccd40684bd5,2 years ago,phi\phi3.csv,2.9,False
phi3.5:3.8b-mini-instruct-q5_1,2.9GB,4K,Text,56d7624b988b,1 year ago,phi\phi3.5.csv,2.9,False
qwen2.5-coder:7b-instruct-q2_K,3.0GB,32K,Text,84115f3c993a,1 year ago,qwen\qwen2.5-coder.csv,3.0,False
qwen2.5:7b-instruct-q2_K,3.0GB,32K,Text,94ac6d14b93f,1 year ago,qwen\qwen2.5.csv,3.0,False
ministral-3:3b-instruct-2512-q4_K_M,3.0GB,256K,"Text, Image",f04aa1c738f6,8 months ago,mistral\ministral-3.csv,3.0,False
qwen:7b-q2_K,3.0GB,32K,Text,afe0b73c064a,2 years ago,qwen\qwen.csv,3.0,False
qwen:4b-text-v1.5-q5_1,3.0GB,32K,Text,33f576bd435a,2 years ago,qwen\qwen.csv,3.0,False
qwen2.5-coder:7b-base-q2_K,3.0GB,32K,Text,50bf64f37239,1 year ago,qwen\qwen2.5-coder.csv,3.0,False
granite4.2:3b-q6_K,3.0GB,128K,Text,6413701267c6,1 week ago,granite\granite4.2.csv,3.0,False
granite4.2:3b-q6_K,3.0GB,128K,Text,12e3b9262f02,1 week ago,ibm\granite4.2.csv,3.0,False
ministral-3:3b,3.0GB,256K,"Text, Image",f04aa1c738f6,8 months ago,mistral\ministral-3.csv,3.0,False
deepseek-coder:6.7b-base-q3_K_S,3.0GB,16K,Text,ef853316467f,2 years ago,deepseek\deepseek-coder.csv,3.0,False
phi:2.7b-chat-v2-q8_0,3.0GB,2K,Text,,,phi\phi.csv,3.0,False
nemotron-mini:4b-instruct-q5_0,3.0GB,4K,Text,e5f64c7116d1,1 year ago,nemotron\nemotron-mini.csv,3.0,False
nemotron-mini:4b-instruct-q5_K_S,3.0GB,4K,Text,072f4b7daa17,1 year ago,nemotron\nemotron-mini.csv,3.0,False
qwen:4b-chat-v1.5-q5_1,3.0GB,32K,Text,061afe4b95b5,2 years ago,qwen\qwen.csv,3.0,False
llama-guard3:1b-fp16,3.0GB,128K,Text,d72f84e54012,1 year ago,llama\llama-guard3.csv,3.0,False
deepseek-coder:6.7b-instruct-q3_K_S,3.0GB,16K,Text,38bce866b00f,2 years ago,deepseek\deepseek-coder.csv,3.0,False
qwen2:7b-text-q2_K,3.0GB,128K,Text,37935d384f48,2 years ago,qwen\qwen2.csv,3.0,False
qwen:7b-chat-q2_K,3.0GB,32K,Text,b1e83e951244,2 years ago,qwen\qwen.csv,3.0,False
qwen2:7b-instruct-q2_K,3.0GB,32K,Text,2ce92f066b62,1 year ago,qwen\qwen2.csv,3.0,False
granite3.3:8b-base-q2_K,3.1GB,128K,Text,234666d53ea7,1 year ago,ibm\granite3.3.csv,3.1,False
qwen2.5-coder:1.5b-instruct-fp16,3.1GB,32K,Text,924fe2ce462d,1 year ago,qwen\qwen2.5-coder.csv,3.1,False
phi3:3.8b-mini-4k-instruct-q6_K,3.1GB,4K,Text,bbae7edc39d4,2 years ago,phi\phi3.csv,3.1,False
mistral:7b-text-q2_K,3.1GB,32K,Text,741772b3543d,2 years ago,mistral\mistral.csv,3.1,False
qwen:7b-chat-v1.5-q2_K,3.1GB,32K,Text,faee39b0b827,2 years ago,qwen\qwen.csv,3.1,False
mistral-openorca:7b-q2_K,3.1GB,32K,Text,977fdfe52b7c,2 years ago,mistral\mistral-openorca.csv,3.1,False
mistral:7b-instruct-q2_K,3.1GB,32K,Text,1344ecf13c2e,2 years ago,mistral\mistral.csv,3.1,False
granite4:tiny-h-q3_K_S,3.1GB,1M,Text,d7b45217a61a,11 months ago,ibm\granite4.csv,3.1,False
granite4:tiny-h-base-q3_K_S,3.1GB,1M,Text,a7c0c24bd5ff,11 months ago,ibm\granite4.csv,3.1,False
mistral:7b-instruct-v0.2-q2_K,3.1GB,32K,Text,6deedd139c2a,2 years ago,mistral\mistral.csv,3.1,False
qwen:7b-text-v1.5-q2_K,3.1GB,32K,Text,7c798100fec5,2 years ago,qwen\qwen.csv,3.1,False
granite3.1-dense:8b-base-q2_K,3.1GB,128K,Text,d4036facb3cb,1 year ago,ibm\granite3.1-dense.csv,3.1,False
qwen3.5:2b-mxfp8,MLX 3.1GB,256K,"Text, Image",9dd89c688f18,2 days ago,qwen\qwen3.5.csv,3.1,False
qwen3.5:2b-mlx,MLX 3.1GB,256K,"Text, Image",9dd89c688f18,2 days ago,qwen\qwen3.5.csv,3.1,False
nemotron-mini:4b-instruct-q5_K_M,3.1GB,4K,Text,9e36e563dbdd,1 year ago,nemotron\nemotron-mini.csv,3.1,False
yarn-mistral:7b-64k-q2_K,3.1GB,32K,Text,7e69098a0185,2 years ago,mistral\yarn-mistral.csv,3.1,False
dolphin-mistral:7b-v2.2-q2_K,3.1GB,32K,Text,40af9615d065,2 years ago,mistral\dolphin-mistral.csv,3.1,False
dolphin-mistral:7b-v2.1-q2_K,3.1GB,32K,Text,09b2c7439c66,2 years ago,mistral\dolphin-mistral.csv,3.1,False
yarn-mistral:7b-128k-q2_K,3.1GB,128K,Text,4801801e65c9,2 years ago,mistral\yarn-mistral.csv,3.1,False
mistrallite:7b-v0.1-q2_K,3.1GB,32K,Text,32164f7b30a5,2 years ago,mistral\mistrallite.csv,3.1,False
phi3:3.8b-mini-128k-instruct-q6_K,3.1GB,4K,Text,90771235c599,2 years ago,phi\phi3.csv,3.1,False
phi3.5:3.8b-mini-instruct-q6_K,3.1GB,4K,Text,64777e5c6803,1 year ago,phi\phi3.5.csv,3.1,False
dolphin-mistral:7b-v2-q2_K,3.1GB,32K,Text,47e88c29db19,2 years ago,mistral\dolphin-mistral.csv,3.1,False
granite3-dense:8b-instruct-q2_K,3.1GB,4K,Text,2ea57f8bc8fd,1 year ago,granite\granite3-dense.csv,3.1,False
dolphin-mistral:7b-v2.6-q2_K,3.1GB,32K,Text,5095f4e248f8,2 years ago,mistral\dolphin-mistral.csv,3.1,False
granite3-dense:8b-instruct-q2_K,3.1GB,4K,Text,ebc82e288d55,1 year ago,ibm\granite3-dense.csv,3.1,False
dolphin-mistral:7b-v2.6-dpo-laser-q2_K,3.1GB,32K,Text,3d2e06cd1f34,2 years ago,mistral\dolphin-mistral.csv,3.1,False
qwen2.5:1.5b-instruct-fp16,3.1GB,32K,Text,d8035f049126,1 year ago,qwen\qwen2.5.csv,3.1,False
qwen2:1.5b-instruct-fp16,3.1GB,32K,Text,44ae02940761,2 years ago,qwen\qwen2.csv,3.1,False
dolphin-mistral:7b-v2.2.1-q2_K,3.1GB,32K,Text,994c722b1561,2 years ago,mistral\dolphin-mistral.csv,3.1,False
granite3.1-dense:8b-instruct-q2_K,3.1GB,128K,Text,408be7f9c7c6,1 year ago,ibm\granite3.1-dense.csv,3.1,False
granite3.2:8b-instruct-q2_K,3.1GB,128K,Text,ef803d73f852,1 year ago,ibm\granite3.2.csv,3.1,False
qwen2.5-coder:1.5b-base-fp16,3.1GB,32K,Text,c60c78f3f951,1 year ago,qwen\qwen2.5-coder.csv,3.1,False
granite3.3:8b-instruct-q2_K,3.1GB,128K,Text,bbfc4f1bd2d5,1 year ago,ibm\granite3.3.csv,3.1,False
llama3-chatqa:8b-v1.5-q2_K,3.2GB,8K,Text,010674c8ebb4,2 years ago,llama\llama3-chatqa.csv,3.2,False
qwen:4b-chat-v1.5-q6_K,3.2GB,32K,Text,13f15e36187d,2 years ago,qwen\qwen.csv,3.2,False
llama3:8b-text-q2_K,3.2GB,8K,Text,ddab15c8cb9c,2 years ago,llama\llama3.csv,3.2,False
nemotron-mini:4b-instruct-q5_1,3.2GB,4K,Text,8c244be13dfe,1 year ago,nemotron\nemotron-mini.csv,3.2,False
yarn-mistral:7b-128k-q3_K_S,3.2GB,128K,Text,150773407811,2 years ago,mistral\yarn-mistral.csv,3.2,False
yarn-mistral:7b-64k-q3_K_S,3.2GB,32K,Text,9f1a8b3eec09,2 years ago,mistral\yarn-mistral.csv,3.2,False
llama3:8b-instruct-q2_K,3.2GB,8K,Text,2745d547f376,2 years ago,llama\llama3.csv,3.2,False
llama3.1:8b-text-q2_K,3.2GB,128K,Text,82bedef0ef47,2 years ago,llama\llama3.1.csv,3.2,False
llama3.1:8b-instruct-q2_K,3.2GB,128K,Text,44a139eeb344,1 year ago,llama\llama3.1.csv,3.2,False
mistrallite:7b-v0.1-q3_K_S,3.2GB,32K,Text,ebf457323d7d,2 years ago,mistral\mistrallite.csv,3.2,False
dolphin-mistral:7b-v2.8-q3_K_S,3.2GB,32K,Text,b373bd912c47,2 years ago,mistral\dolphin-mistral.csv,3.2,False
mistral:7b-instruct-v0.2-q3_K_S,3.2GB,32K,Text,a0adecf535f4,2 years ago,mistral\mistral.csv,3.2,False
qwen:4b-text-v1.5-q6_K,3.2GB,32K,Text,e40c4d6f1e33,2 years ago,qwen\qwen.csv,3.2,False
granite4.0-preview:tiny-base-q3_K_M,3.2GB,1M,Text,17f4848f71b3,11 months ago,ibm\granite4.0-preview.csv,3.2,False
mistral:7b-text-v0.2-q3_K_S,3.2GB,16K,Text,1cd170493ae6,2 years ago,mistral\mistral.csv,3.2,False
phi4-mini-reasoning:3.8b,3.2GB,128K,Text,3ca8c2865ce9,1 year ago,phi\phi4-mini-reasoning.csv,3.2,False
phi4-mini-reasoning:latest,3.2GB,128K,Text,3ca8c2865ce9,1 year ago,phi\phi4-mini-reasoning.csv,3.2,False
phi4-mini-reasoning:3.8b-q4_K_M,3.2GB,128K,Text,3ca8c2865ce9,1 year ago,phi\phi4-mini-reasoning.csv,3.2,False
llama-guard3:8b-q2_K,3.2GB,128K,Text,48bd36a8a40c,1 year ago,llama\llama-guard3.csv,3.2,False
mistral:7b-text-q3_K_S,3.2GB,32K,Text,ec0a4bd34689,2 years ago,mistral\mistral.csv,3.2,False
mistral:7b-instruct-v0.3-q3_K_S,3.2GB,32K,Text,89f2f40a58a5,1 year ago,mistral\mistral.csv,3.2,False
dolphin-mistral:7b-v2-q3_K_S,3.2GB,32K,Text,9ce568107856,2 years ago,mistral\dolphin-mistral.csv,3.2,False
mathstral:7b-v0.1-q3_K_S,3.2GB,32K,Text,b75c7eed8cf3,2 years ago,mistral\mathstral.csv,3.2,False
dolphin-mistral:7b-v2.6-q3_K_S,3.2GB,32K,Text,7d87567ba4e1,2 years ago,mistral\dolphin-mistral.csv,3.2,False
dolphin-mistral:7b-v2.6-dpo-laser-q3_K_S,3.2GB,32K,Text,c4841f98c665,2 years ago,mistral\dolphin-mistral.csv,3.2,False
dolphin-mistral:7b-v2.2.1-q3_K_S,3.2GB,32K,Text,5753614304a2,2 years ago,mistral\dolphin-mistral.csv,3.2,False
granite3.1-dense:8b-instruct-q2_K,3.2GB,128K,Text,4b18119a5086,1 year ago,granite\granite3.1-dense.csv,3.2,False
mistral-openorca:7b-q3_K_S,3.2GB,32K,Text,2274bf658e73,2 years ago,mistral\mistral-openorca.csv,3.2,False
granite4.0-preview:tiny-instruct-q3_K_M,3.2GB,1M,Text,1cb208747b5f,11 months ago,ibm\granite4.0-preview.csv,3.2,False
mistral:7b-instruct-q3_K_S,3.2GB,32K,Text,30ead8e09346,2 years ago,mistral\mistral.csv,3.2,False
dolphin-mistral:7b-v2.1-q3_K_S,3.2GB,32K,Text,cae2e5bf7e2a,2 years ago,mistral\dolphin-mistral.csv,3.2,False
dolphin-mistral:7b-v2.2-q3_K_S,3.2GB,32K,Text,a646488b6fd5,2 years ago,mistral\dolphin-mistral.csv,3.2,False
llama3-groq-tool-use:8b-q2_K,3.2GB,8K,Text,37fac70005b1,2 years ago,llama\llama3-groq-tool-use.csv,3.2,False
llama3-gradient:8b-instruct-1048k-q2_K,3.2GB,1M,Text,c842eda5ddd5,2 years ago,llama\llama3-gradient.csv,3.2,False
granite4:1b,3.3GB,128K,Text,26e4cb132798,10 months ago,ibm\granite4.csv,3.3,False
granite4:1b-bf16,3.3GB,128K,Text,26e4cb132798,10 months ago,ibm\granite4.csv,3.3,False
granite4:1b-f16,3.3GB,128K,Text,c204e5c2b586,10 months ago,ibm\granite4.csv,3.3,False
llama2-uncensored:7b-chat-q3_K_M,3.3GB,2K,Text,e74d204469c8,2 years ago,llama\llama2-uncensored.csv,3.3,False
granite4.1-guardian:8b-q2_K,3.3GB,128K,Text,2c6ebdbc4c96,2 months ago,ibm\granite4.1-guardian.csv,3.3,False
qwen2.5:3b-instruct-q8_0,3.3GB,32K,Text,cd6aa8b25d7a,1 year ago,qwen\qwen2.5.csv,3.3,False
deepseek-coder:6.7b-instruct-q3_K_M,3.3GB,16K,Text,27c2e4ed6a59,2 years ago,deepseek\deepseek-coder.csv,3.3,False
qwen3-vl:4b-thinking-q4_K_M,3.3GB,256K,"Text, Image",1343d82ebee3,10 months ago,qwen\qwen3-vl.csv,3.3,False
qwen3-vl:4b-thinking,3.3GB,256K,"Text, Image",1343d82ebee3,10 months ago,qwen\qwen3-vl.csv,3.3,False
qwen3-vl:4b,3.3GB,256K,"Text, Image",1343d82ebee3,10 months ago,qwen\qwen3-vl.csv,3.3,False
granite4:1b-base-bf16,3.3GB,128K,Text,84ebb272fa5a,10 months ago,ibm\granite4.csv,3.3,False
granite4:1b-base-f16,3.3GB,128K,Text,5f735e6bf0de,10 months ago,ibm\granite4.csv,3.3,False
medgemma:latest,3.3GB,128K,"Text, Image",9fe4e9a6c9bd,4 months ago,gemma\medgemma.csv,3.3,False
gemma3:4b-it-q4_K_M,3.3GB,128K,"Text, Image",a2af6cc3eb7f,1 year ago,gemma\gemma3.csv,3.3,False
medgemma:4b,3.3GB,128K,"Text, Image",9fe4e9a6c9bd,4 months ago,gemma\medgemma.csv,3.3,False
medgemma1.5:latest,3.3GB,128K,"Text, Image",433252621ab1,4 months ago,gemma\medgemma1.5.csv,3.3,False
medgemma1.5:4b,3.3GB,128K,"Text, Image",433252621ab1,4 months ago,gemma\medgemma1.5.csv,3.3,False
gemma3:latest,3.3GB,128K,"Text, Image",a2af6cc3eb7f,1 year ago,gemma\gemma3.csv,3.3,False
gemma3:4b,3.3GB,128K,"Text, Image",a2af6cc3eb7f,1 year ago,gemma\gemma3.csv,3.3,False
translategemma:4b-it-q4_K_M,3.3GB,128K,"Text, Image",c49d986b0764,7 months ago,gemma\translategemma.csv,3.3,False
qwen2.5-coder:3b-base-q8_0,3.3GB,32K,Text,153d272fe602,1 year ago,qwen\qwen2.5-coder.csv,3.3,False
translategemma:4b,3.3GB,128K,"Text, Image",c49d986b0764,7 months ago,gemma\translategemma.csv,3.3,False
translategemma:latest,3.3GB,128K,"Text, Image",c49d986b0764,7 months ago,gemma\translategemma.csv,3.3,False
qwen2.5-coder:3b-instruct-q8_0,3.3GB,32K,Text,0dbd6230e2a1,1 year ago,qwen\qwen2.5-coder.csv,3.3,False
qwen3-vl:4b-instruct-q4_K_M,3.3GB,256K,"Text, Image",ee4b975b58c1,10 months ago,qwen\qwen3-vl.csv,3.3,False
qwen3-vl:4b-instruct,3.3GB,256K,"Text, Image",ee4b975b58c1,10 months ago,qwen\qwen3-vl.csv,3.3,False
llama2:7b-text-q3_K_M,3.3GB,4K,Text,c1ddf19ff6db,2 years ago,llama\llama2.csv,3.3,False
llama2:7b-chat-q3_K_M,3.3GB,4K,Text,63ebc93e095e,2 years ago,llama\llama2.csv,3.3,False
deepseek-coder:6.7b-base-q3_K_M,3.3GB,16K,Text,22ce0a5b45b2,2 years ago,deepseek\deepseek-coder.csv,3.3,False
nemotron-mini:4b-instruct-q6_K,3.4GB,4K,Text,4cf36901911e,1 year ago,nemotron\nemotron-mini.csv,3.4,False
granite4.0-preview:tiny-base-q3_K_L,3.4GB,1M,Text,b8125d507309,11 months ago,ibm\granite4.0-preview.csv,3.4,False
llama3.2:3b-text-q8_0,3.4GB,128K,Text,945fcc4a41b8,1 year ago,llama\llama3.2.csv,3.4,False
llama3.2:3b-instruct-q8_0,3.4GB,128K,Text,e410b836fe61,1 year ago,llama\llama3.2.csv,3.4,False
granite4.0-preview:tiny-instruct-q3_K_L,3.4GB,1M,Text,02230a76c984,11 months ago,ibm\granite4.0-preview.csv,3.4,False
granite4.2:8b-q2_K,3.4GB,128K,Text,a998461bae0d,1 week ago,ibm\granite4.2.csv,3.4,False
granite4.1:8b-q2_K,3.4GB,128K,Text,ccf96f3f0780,4 months ago,ibm\granite4.1.csv,3.4,False
granite4:tiny-h-q3_K_M,3.4GB,1M,Text,b9b00743a3c5,11 months ago,ibm\granite4.csv,3.4,False
granite4:micro-h-base-q8_0,3.4GB,1M,Text,301d47de605c,11 months ago,ibm\granite4.csv,3.4,False
granite4:micro-h-q8_0,3.4GB,1M,Text,2f534173f269,11 months ago,ibm\granite4.csv,3.4,False
granite4:tiny-h-base-q3_K_M,3.4GB,1M,Text,51114ec71fe6,11 months ago,ibm\granite4.csv,3.4,False
granite4.2:8b-q2_K,3.4GB,128K,Text,67f03ef49c65,1 week ago,granite\granite4.2.csv,3.4,False
qwen3.5:4b,3.4GB,256K,"Text, Image",2a654d98e6fb,6 months ago,qwen\qwen3.5.csv,3.4,False
qwen3.5:4b-q4_K_M,3.4GB,256K,"Text, Image",2a654d98e6fb,6 months ago,qwen\qwen3.5.csv,3.4,False
granite4.1:8b-q2_K,3.4GB,128K,Text,ccf96f3f0780,4 months ago,granite\granite4.1.csv,3.4,False
granite3.2-guardian:5b-q4_K_M,3.5GB,128K,Text,a1bcc6b428c9,1 year ago,ibm\granite3.2-guardian.csv,3.5,False
codegemma:7b-instruct-v1.1-q2_K,3.5GB,8K,Text,,,gemma\codegemma.csv,3.5,False
qwen2.5:7b-instruct-q3_K_S,3.5GB,32K,Text,05d9cc3116db,1 year ago,qwen\qwen2.5.csv,3.5,False
dolphin-mistral:7b-v2.6-dpo-laser-q3_K_M,3.5GB,32K,Text,d9a82ca1b186,2 years ago,mistral\dolphin-mistral.csv,3.5,False
dolphin-mistral:7b-v2.6-q3_K_M,3.5GB,32K,Text,fae30abf511f,2 years ago,mistral\dolphin-mistral.csv,3.5,False
codegemma:7b-instruct-q2_K,3.5GB,8K,Text,,,gemma\codegemma.csv,3.5,False
granite3.1-moe:3b-instruct-q8_0,3.5GB,128K,Text,bdf70fbd1296,1 year ago,ibm\granite3.1-moe.csv,3.5,False
granite3.2-guardian:3b-q8_0,3.5GB,128K,Text,d3f1876433ca,1 year ago,ibm\granite3.2-guardian.csv,3.5,False
mistral:7b-instruct-v0.3-q3_K_M,3.5GB,32K,Text,5f4359ac850d,1 year ago,mistral\mistral.csv,3.5,False
granite3.1-moe:3b-base-q8_0,3.5GB,128K,Text,5d9c9a3d47eb,1 year ago,ibm\granite3.1-moe.csv,3.5,False
mistral:7b-instruct-q3_K_M,3.5GB,32K,Text,9fddddabfd5d,2 years ago,mistral\mistral.csv,3.5,False
qwen2.5-coder:7b-instruct-q3_K_S,3.5GB,32K,Text,748645786a08,1 year ago,qwen\qwen2.5-coder.csv,3.5,False
mistral-openorca:7b-q3_K_M,3.5GB,32K,Text,1c71a3f469da,2 years ago,mistral\mistral-openorca.csv,3.5,False
qwen2:7b-text-q3_K_S,3.5GB,128K,Text,2eaaf224cac3,2 years ago,qwen\qwen2.csv,3.5,False
gemma:7b-instruct-v1.1-q2_K,3.5GB,8K,Text,bbdb1a3dd39f,2 years ago,gemma\gemma.csv,3.5,False
qwen2:7b-instruct-q3_K_S,3.5GB,32K,Text,ff9bc8063c30,1 year ago,qwen\qwen2.csv,3.5,False
codegemma:7b-code-q2_K,3.5GB,8K,Text,,,gemma\codegemma.csv,3.5,False
dolphin-mistral:7b-v2.8-q3_K_M,3.5GB,32K,Text,368c8b580b2c,2 years ago,mistral\dolphin-mistral.csv,3.5,False
mistrallite:7b-v0.1-q3_K_M,3.5GB,32K,Text,366ee513d776,2 years ago,mistral\mistrallite.csv,3.5,False
mistral:7b-instruct-v0.2-q3_K_M,3.5GB,32K,Text,6897f015d8dc,2 years ago,mistral\mistral.csv,3.5,False
qwen2.5-coder:7b-base-q3_K_S,3.5GB,32K,Text,7dad768fb3cc,1 year ago,qwen\qwen2.5-coder.csv,3.5,False
granite3.1-moe:3b-instruct-q8_0,3.5GB,128K,Text,038f46903bbd,1 year ago,granite\granite3.1-moe.csv,3.5,False
mistral:7b-text-v0.2-q3_K_M,3.5GB,16K,Text,519ef17de46e,2 years ago,mistral\mistral.csv,3.5,False
mistral:7b-text-q3_K_M,3.5GB,32K,Text,633491386324,2 years ago,mistral\mistral.csv,3.5,False
mathstral:7b-v0.1-q3_K_M,3.5GB,32K,Text,67dafe37f729,2 years ago,mistral\mathstral.csv,3.5,False
dolphin-mistral:7b-v2-q3_K_M,3.5GB,32K,Text,ae55e3ef02e8,2 years ago,mistral\dolphin-mistral.csv,3.5,False
dolphin-mistral:7b-v2.1-q3_K_M,3.5GB,32K,Text,de9aa2b8d525,2 years ago,mistral\dolphin-mistral.csv,3.5,False
dolphin-mistral:7b-v2.2.1-q3_K_M,3.5GB,32K,Text,6e92d0dbb4a0,2 years ago,mistral\dolphin-mistral.csv,3.5,False
llama-pro:8b-instruct-q2_K,3.5GB,4K,Text,,,llama\llama-pro.csv,3.5,False
llama-pro:8b-text-q2_K,3.5GB,4K,Text,,,llama\llama-pro.csv,3.5,False
dolphin-mistral:7b-v2.2-q3_K_M,3.5GB,32K,Text,807f7ccc72ae,2 years ago,mistral\dolphin-mistral.csv,3.5,False
yarn-mistral:7b-64k-q3_K_M,3.5GB,32K,Text,2fe3d1edecaa,2 years ago,mistral\yarn-mistral.csv,3.5,False
yarn-mistral:7b-128k-q3_K_M,3.5GB,128K,Text,c910ed0b2220,2 years ago,mistral\yarn-mistral.csv,3.5,False
granite4.1:3b-q8_0,3.6GB,128K,Text,f087f8b0712f,4 months ago,ibm\granite4.1.csv,3.6,False
granite3.3:8b-instruct-q3_K_S,3.6GB,128K,Text,7fa41a3f9143,1 year ago,ibm\granite3.3.csv,3.6,False
granite3.2:8b-instruct-q3_K_S,3.6GB,128K,Text,c49031fdb461,1 year ago,ibm\granite3.2.csv,3.6,False
granite4:tiny-h-base-q3_K_L,3.6GB,1M,Text,3ab280073cf4,11 months ago,ibm\granite4.csv,3.6,False
granite3-moe:3b-instruct-q8_0,3.6GB,4K,Text,f3b962d19110,1 year ago,granite\granite3-moe.csv,3.6,False
qwen:7b-chat-q3_K_S,3.6GB,32K,Text,6ee05062598c,2 years ago,qwen\qwen.csv,3.6,False
granite3-moe:3b-base-q8_0,3.6GB,4K,Text,c4cfb6ac3e80,1 year ago,ibm\granite3-moe.csv,3.6,False
granite3.2-vision:2b,3.6GB,128K,"Text, Image",f9140abda654,1 year ago,ibm\granite3.2-vision.csv,3.6,False
granite4:micro-base-q8_0,3.6GB,128K,Text,89f9ce3ccd39,11 months ago,ibm\granite4.csv,3.6,False
granite3-dense:8b-instruct-q3_K_S,3.6GB,4K,Text,70c6c8a7c75f,1 year ago,ibm\granite3-dense.csv,3.6,False
granite3.1-dense:8b-instruct-q3_K_S,3.6GB,128K,Text,338340c340cb,1 year ago,granite\granite3.1-dense.csv,3.6,False
granite4.1:3b-q8_0,3.6GB,128K,Text,f087f8b0712f,4 months ago,granite\granite4.1.csv,3.6,False
llama2:7b-text-q3_K_L,3.6GB,4K,Text,df57d4d53dac,2 years ago,llama\llama2.csv,3.6,False
granite4:micro-q8_0,3.6GB,128K,Text,0388d242cf01,11 months ago,ibm\granite4.csv,3.6,False
granite3-dense:8b-instruct-q3_K_S,3.6GB,4K,Text,4c5f0dba11a8,1 year ago,granite\granite3-dense.csv,3.6,False
llama2:7b-chat-q3_K_L,3.6GB,4K,Text,c04042faafd0,2 years ago,llama\llama2.csv,3.6,False
granite3-moe:3b-instruct-q8_0,3.6GB,4K,Text,380bfb0c44a9,1 year ago,ibm\granite3-moe.csv,3.6,False
granite4:tiny-h-q3_K_L,3.6GB,1M,Text,a84c80cc44ff,11 months ago,ibm\granite4.csv,3.6,False
qwen:7b-chat-v1.5-q3_K_S,3.6GB,32K,Text,ef462b8bc3ca,2 years ago,qwen\qwen.csv,3.6,False
granite3.3-vision:2b,3.6GB,128K,"Text, Image",5cdfea23a292,1 year ago,ibm\granite3.3-vision.csv,3.6,False
granite3.3-vision:2b-q8_0,3.6GB,128K,"Text, Image",5cdfea23a292,1 year ago,ibm\granite3.3-vision.csv,3.6,False
llama2-uncensored:7b-chat-q3_K_L,3.6GB,2K,Text,4c971d36df3a,2 years ago,llama\llama2-uncensored.csv,3.6,False
llama-pro:8b-instruct-q3_K_S,3.6GB,4K,Text,,,llama\llama-pro.csv,3.6,False
deepseek-coder:6.7b-instruct-q3_K_L,3.6GB,16K,Text,ea00a885753e,2 years ago,deepseek\deepseek-coder.csv,3.6,False
granite3.1-dense:8b-instruct-q3_K_S,3.6GB,128K,Text,a5e9b80dc14f,1 year ago,ibm\granite3.1-dense.csv,3.6,False
qwen:7b-text-v1.5-q3_K_S,3.6GB,32K,Text,59ff1e9f7a72,2 years ago,qwen\qwen.csv,3.6,False
deepseek-r1:1.5b-qwen-distill-fp16,3.6GB,128K,Text,80c3a3c97773,1 year ago,deepseek\deepseek-r1.csv,3.6,False
granite3.3:8b-base-q3_K_S,3.6GB,128K,Text,104cf4306765,1 year ago,ibm\granite3.3.csv,3.6,False
granite3.1-dense:8b-base-q3_K_S,3.6GB,128K,Text,8a9350462247,1 year ago,ibm\granite3.1-dense.csv,3.6,False
qwen:7b-q3_K_S,3.6GB,32K,Text,e770768ad724,2 years ago,qwen\qwen.csv,3.6,False
granite3.2-vision:2b-q8_0,3.6GB,128K,"Text, Image",f9140abda654,1 year ago,ibm\granite3.2-vision.csv,3.6,False
deepseek-coder:6.7b-base-q3_K_L,3.6GB,16K,Text,29f806615022,2 years ago,deepseek\deepseek-coder.csv,3.6,False
llama-pro:8b-text-q3_K_S,3.6GB,4K,Text,,,llama\llama-pro.csv,3.6,False
llama3:8b-text-q3_K_S,3.7GB,8K,Text,ef8314434744,2 years ago,llama\llama3.csv,3.7,False
llama-guard3:8b-q3_K_S,3.7GB,128K,Text,d1fa14fbd1a6,1 year ago,llama\llama-guard3.csv,3.7,False
qwen:1.8b-text-v1.5-fp16,3.7GB,32K,Text,5b31a65f7476,2 years ago,qwen\qwen.csv,3.7,False
llama3-gradient:8b-instruct-1048k-q3_K_S,3.7GB,1M,Text,ac6814bccbc9,2 years ago,llama\llama3-gradient.csv,3.7,False
qwen:1.8b-text-fp16,3.7GB,8K,Text,f4bf3caa7f4c,2 years ago,qwen\qwen.csv,3.7,False
qwen:1.8b-chat-fp16,3.7GB,8K,Text,7b9c77c7b5b6,2 years ago,qwen\qwen.csv,3.7,False
qwen:1.8b-chat-v1.5-fp16,3.7GB,32K,Text,e3562f7740ef,2 years ago,qwen\qwen.csv,3.7,False
llama3-groq-tool-use:8b-q3_K_S,3.7GB,8K,Text,3f7165ed6ac3,2 years ago,llama\llama3-groq-tool-use.csv,3.7,False
gemma:7b-text-q2_K,3.7GB,8K,Text,e43e18a484ed,2 years ago,gemma\gemma.csv,3.7,False
llama3-chatqa:8b-v1.5-q3_K_S,3.7GB,8K,Text,6d4cf2ccd7df,2 years ago,llama\llama3-chatqa.csv,3.7,False
llama3.1:8b-instruct-q3_K_S,3.7GB,128K,Text,16268e519444,1 year ago,llama\llama3.1.csv,3.7,False
llama3:8b-instruct-q3_K_S,3.7GB,8K,Text,0891d012c467,2 years ago,llama\llama3.csv,3.7,False
llama3.1:8b-text-q3_K_S,3.7GB,128K,Text,92c2cffe1a17,2 years ago,llama\llama3.1.csv,3.7,False
gemma:7b-instruct-q2_K,3.7GB,8K,Text,831e95226882,2 years ago,gemma\gemma.csv,3.7,False
qwen2.5:7b-instruct-q3_K_M,3.8GB,32K,Text,29492a928341,1 year ago,qwen\qwen2.5.csv,3.8,False
mistral:7b-text-v0.2-q3_K_L,3.8GB,16K,Text,991a9afb3a73,2 years ago,mistral\mistral.csv,3.8,False
mistral:7b-instruct-v0.2-q3_K_L,3.8GB,32K,Text,efe60f8368f7,2 years ago,mistral\mistral.csv,3.8,False
llama2:latest,3.8GB,4K,Text,78e26419b446,2 years ago,llama\llama2.csv,3.8,False
llama2:chat,3.8GB,4K,Text,78e26419b446,2 years ago,llama\llama2.csv,3.8,False
llama2:text,3.8GB,4K,Text,53b394a404fd,2 years ago,llama\llama2.csv,3.8,False
mistral:7b-text-q3_K_L,3.8GB,32K,Text,ae1eaf0c61df,2 years ago,mistral\mistral.csv,3.8,False
llama2:7b-chat-q4_0,3.8GB,4K,Text,78e26419b446,2 years ago,llama\llama2.csv,3.8,False
llama2:7b-text,3.8GB,4K,Text,53b394a404fd,2 years ago,llama\llama2.csv,3.8,False
dolphin-mistral:7b-v2.2-q3_K_L,3.8GB,32K,Text,2e2d34ffb211,2 years ago,mistral\dolphin-mistral.csv,3.8,False
mistrallite:7b-v0.1-q3_K_L,3.8GB,32K,Text,bb7562f0532f,2 years ago,mistral\mistrallite.csv,3.8,False
mistral:7b-instruct-q3_K_L,3.8GB,32K,Text,7f1b28865005,2 years ago,mistral\mistral.csv,3.8,False
qwen2.5-coder:7b-instruct-q3_K_M,3.8GB,32K,Text,bb739a02927e,1 year ago,qwen\qwen2.5-coder.csv,3.8,False
mistral:7b-instruct-v0.3-q3_K_L,3.8GB,32K,Text,9c690c1791aa,1 year ago,mistral\mistral.csv,3.8,False
dolphin-mistral:7b-v2.8-q3_K_L,3.8GB,32K,Text,3689be23e227,2 years ago,mistral\dolphin-mistral.csv,3.8,False
dolphin-mistral:7b-v2-q3_K_L,3.8GB,32K,Text,0a764a52371c,2 years ago,mistral\dolphin-mistral.csv,3.8,False
qwen2.5-coder:7b-base-q3_K_M,3.8GB,32K,Text,7220be37a0f0,1 year ago,qwen\qwen2.5-coder.csv,3.8,False
yarn-mistral:7b-64k-q3_K_L,3.8GB,32K,Text,6fec537d7505,2 years ago,mistral\yarn-mistral.csv,3.8,False
qwen2:7b-text-q3_K_M,3.8GB,128K,Text,636d21d77b6c,2 years ago,qwen\qwen2.csv,3.8,False
deepseek-coder:6.7b,3.8GB,16K,Text,ce298d984115,2 years ago,deepseek\deepseek-coder.csv,3.8,False
yarn-mistral:7b-128k-q3_K_L,3.8GB,128K,Text,04e1735cc221,2 years ago,mistral\yarn-mistral.csv,3.8,False
deepseek-coder:6.7b-base,3.8GB,16K,Text,585a5cb3b219,2 years ago,deepseek\deepseek-coder.csv,3.8,False
dolphin-mistral:7b-v2.6-dpo-laser-q3_K_L,3.8GB,32K,Text,fbd62dc63cf3,2 years ago,mistral\dolphin-mistral.csv,3.8,False
gemma2:9b-text-q2_K,3.8GB,8K,Text,81108b242383,2 years ago,gemma\gemma2.csv,3.8,False
dolphin-mistral:7b-v2.6-q3_K_L,3.8GB,32K,Text,3f69b8a407b5,2 years ago,mistral\dolphin-mistral.csv,3.8,False
granite4.0-preview:tiny-instruct-q4_K_S,3.8GB,1M,Text,e614ef0a2d45,11 months ago,ibm\granite4.0-preview.csv,3.8,False
gemma2:9b-instruct-q2_K,3.8GB,8K,Text,592e44efb2df,2 years ago,gemma\gemma2.csv,3.8,False
granite4.0-preview:tiny-instruct-q4_0,3.8GB,1M,Text,532787b8fce6,11 months ago,ibm\granite4.0-preview.csv,3.8,False
granite4.1-guardian:8b-q3_K_S,3.8GB,128K,Text,474fe767d1ed,2 months ago,ibm\granite4.1-guardian.csv,3.8,False
dolphin-mistral:7b-v2.2.1-q3_K_L,3.8GB,32K,Text,3bba1c1ad35a,2 years ago,mistral\dolphin-mistral.csv,3.8,False
mistral-openorca:7b-q3_K_L,3.8GB,32K,Text,e80eba13740d,2 years ago,mistral\mistral-openorca.csv,3.8,False
granite4.0-preview:tiny-base-q4_0,3.8GB,1M,Text,147a835023a1,11 months ago,ibm\granite4.0-preview.csv,3.8,False
qwen2:7b-instruct-q3_K_M,3.8GB,32K,Text,39ea238e2e11,1 year ago,qwen\qwen2.csv,3.8,False
dolphin-mistral:7b-v2.1-q3_K_L,3.8GB,32K,Text,d4e4ac49c638,2 years ago,mistral\dolphin-mistral.csv,3.8,False
deepseek-coder:6.7b-instruct,3.8GB,16K,Text,ce298d984115,2 years ago,deepseek\deepseek-coder.csv,3.8,False
llama2-uncensored:7b-chat,3.8GB,2K,Text,44040b922233,2 years ago,llama\llama2-uncensored.csv,3.8,False
llama2-uncensored:latest,3.8GB,2K,Text,44040b922233,2 years ago,llama\llama2-uncensored.csv,3.8,False
llama2-uncensored:7b,3.8GB,2K,Text,44040b922233,2 years ago,llama\llama2-uncensored.csv,3.8,False
granite4.0-preview:tiny-base-q4_K_S,3.8GB,1M,Text,22fe716d343f,11 months ago,ibm\granite4.0-preview.csv,3.8,False
deepseek-coder:6.7b-base-q4_0,3.8GB,16K,Text,585a5cb3b219,2 years ago,deepseek\deepseek-coder.csv,3.8,False
deepseek-coder:6.7b-instruct-q4_0,3.8GB,16K,Text,ce298d984115,2 years ago,deepseek\deepseek-coder.csv,3.8,False
mathstral:7b-v0.1-q3_K_L,3.8GB,32K,Text,f1a0d196fc05,2 years ago,mistral\mathstral.csv,3.8,False
shieldgemma:9b-q2_K,3.8GB,8K,Text,4705089a2870,1 year ago,gemma\shieldgemma.csv,3.8,False
llama2:7b-text-q4_0,3.8GB,4K,Text,53b394a404fd,2 years ago,llama\llama2.csv,3.8,False
llama2-uncensored:7b-chat-q4_0,3.8GB,2K,Text,44040b922233,2 years ago,llama\llama2-uncensored.csv,3.8,False
llama2:7b-chat,3.8GB,4K,Text,78e26419b446,2 years ago,llama\llama2.csv,3.8,False
llama2:7b,3.8GB,4K,Text,78e26419b446,2 years ago,llama\llama2.csv,3.8,False
qwen:7b-chat-v1.5-q3_K_M,3.9GB,32K,Text,dfd589fd9f3b,2 years ago,qwen\qwen.csv,3.9,False
qwen:7b-text-v1.5-q3_K_M,3.9GB,32K,Text,fab4b0426e2d,2 years ago,qwen\qwen.csv,3.9,False
granite4.2:3b-q8_0,3.9GB,128K,Text,f8163a0ed616,1 week ago,granite\granite4.2.csv,3.9,False
granite4.2:8b-q3_K_S,3.9GB,128K,Text,820e77415ef8,1 week ago,granite\granite4.2.csv,3.9,False
llama2:7b-text-q4_K_S,3.9GB,4K,Text,1c2571d89f3b,2 years ago,llama\llama2.csv,3.9,False
llama2-uncensored:7b-chat-q4_K_S,3.9GB,2K,Text,7c0b8e49e54b,2 years ago,llama\llama2-uncensored.csv,3.9,False
granite4.2:3b-q8_0,3.9GB,128K,Text,e4971383b71d,1 week ago,ibm\granite4.2.csv,3.9,False
llama2:7b-chat-q4_K_S,3.9GB,4K,Text,bec61ac554e8,2 years ago,llama\llama2.csv,3.9,False
granite4.2:8b-q3_K_S,3.9GB,128K,Text,64319701e841,1 week ago,ibm\granite4.2.csv,3.9,False
granite4.1:8b-q3_K_S,3.9GB,128K,Text,a6cf031b28f0,4 months ago,ibm\granite4.1.csv,3.9,False
granite4.1:8b-q3_K_S,3.9GB,128K,Text,a6cf031b28f0,4 months ago,granite\granite4.1.csv,3.9,False
deepseek-coder:6.7b-instruct-q4_K_S,3.9GB,16K,Text,aa47b230dd4a,2 years ago,deepseek\deepseek-coder.csv,3.9,False
deepseek-coder:6.7b-base-q4_K_S,3.9GB,16K,Text,b199f259ba9d,2 years ago,deepseek\deepseek-coder.csv,3.9,False
qwen3.5:4b-mlx,MLX 4.0GB,256K,"Text, Image",61aa3858e9d3,3 months ago,qwen\qwen3.5.csv,4.0,False
qwen3.5:4b-nvfp4,MLX 4.0GB,256K,"Text, Image",61aa3858e9d3,5 months ago,qwen\qwen3.5.csv,4.0,False
llama3:8b-text-q3_K_M,4.0GB,8K,Text,8dc24663264e,2 years ago,llama\llama3.csv,4.0,False
llama-guard3:8b-q3_K_M,4.0GB,128K,Text,0043e6c0f561,1 year ago,llama\llama-guard3.csv,4.0,False
granite4:tiny-h-q4_K_S,4.0GB,1M,Text,085f5e0895c9,11 months ago,ibm\granite4.csv,4.0,False
granite4:tiny-h-base-q4_K_S,4.0GB,1M,Text,860a19f4c87b,11 months ago,ibm\granite4.csv,4.0,False
granite4:tiny-h-q4_0,4.0GB,1M,Text,cba6eb07fb96,11 months ago,ibm\granite4.csv,4.0,False
granite3.1-dense:8b-instruct-q3_K_M,4.0GB,128K,Text,0dc5c3ac8a1e,1 year ago,granite\granite3.1-dense.csv,4.0,False
gemma3:4b-it-qat,4.0GB,128K,"Text, Image",d01ad0579247,1 year ago,gemma\gemma3.csv,4.0,False
granite3-dense:8b-instruct-q3_K_M,4.0GB,4K,Text,c1a94d47b25c,1 year ago,granite\granite3-dense.csv,4.0,False
granite4:tiny-h-base-q4_0,4.0GB,1M,Text,3f3c7e152bfe,11 months ago,ibm\granite4.csv,4.0,False
llama3-chatqa:8b-v1.5-q3_K_M,4.0GB,8K,Text,d1cbce0911ee,2 years ago,llama\llama3-chatqa.csv,4.0,False
llama3-gradient:8b-instruct-1048k-q3_K_M,4.0GB,1M,Text,786019279b07,2 years ago,llama\llama3-gradient.csv,4.0,False
llama3-groq-tool-use:8b-q3_K_M,4.0GB,8K,Text,def359e8ef42,2 years ago,llama\llama3-groq-tool-use.csv,4.0,False
granite3.1-dense:8b-instruct-q3_K_M,4.0GB,128K,Text,a9d0e37befa8,1 year ago,ibm\granite3.1-dense.csv,4.0,False
granite3-dense:8b-instruct-q3_K_M,4.0GB,4K,Text,6594e3e066f2,1 year ago,ibm\granite3-dense.csv,4.0,False
granite3.3:8b-instruct-q3_K_M,4.0GB,128K,Text,c5980626641c,1 year ago,ibm\granite3.3.csv,4.0,False
llama3.1:8b-text-q3_K_M,4.0GB,128K,Text,abcf9215e3df,2 years ago,llama\llama3.1.csv,4.0,False
granite3.1-dense:8b-base-q3_K_M,4.0GB,128K,Text,423b30e5defd,1 year ago,ibm\granite3.1-dense.csv,4.0,False
codegemma:7b-instruct-q3_K_S,4.0GB,8K,Text,,,gemma\codegemma.csv,4.0,False
gemma:7b-instruct-v1.1-q3_K_S,4.0GB,8K,Text,d858885a94e0,2 years ago,gemma\gemma.csv,4.0,False
granite3.2:8b-instruct-q3_K_M,4.0GB,128K,Text,c2fa8193d9d0,1 year ago,ibm\granite3.2.csv,4.0,False
codegemma:7b-code-q3_K_S,4.0GB,8K,Text,,,gemma\codegemma.csv,4.0,False
granite3.3:8b-base-q3_K_M,4.0GB,128K,Text,733ffcb40049,1 year ago,ibm\granite3.3.csv,4.0,False
codegemma:7b-instruct-v1.1-q3_K_S,4.0GB,8K,Text,,,gemma\codegemma.csv,4.0,False
llama3.1:8b-instruct-q3_K_M,4.0GB,128K,Text,4faa21fca5a2,1 year ago,llama\llama3.1.csv,4.0,False
granite4.0-preview:tiny,4.0GB,1M,Text,61f7d6c4f9b8,11 months ago,ibm\granite4.0-preview.csv,4.0,False
llama3:8b-instruct-q3_K_M,4.0GB,8K,Text,726a1960bfed,2 years ago,llama\llama3.csv,4.0,False
granite4.0-preview:tiny-instruct-q4_K_M,4.0GB,1M,Text,61f7d6c4f9b8,11 months ago,ibm\granite4.0-preview.csv,4.0,False
dolphin-mistral:v2.2,4.1GB,32K,Text,450ca08f6907,2 years ago,mistral\dolphin-mistral.csv,4.1,False
mistral:7b-text-v0.2-q4_0,4.1GB,16K,Text,495ae085225b,2 years ago,mistral\mistral.csv,4.1,False
mistral:7b-text-v0.2-q4_K_S,4.1GB,16K,Text,1a6db06e5aa7,2 years ago,mistral\mistral.csv,4.1,False
mistral:instruct,4.1GB,32K,Text,3944fe81ec14,1 year ago,mistral\mistral.csv,4.1,False
phi4-mini:3.8b-q8_0,4.1GB,4K,Text,0be8e6979181,1 year ago,phi\phi4-mini.csv,4.1,False
dolphin-mistral:7b-v2-q4_0,4.1GB,32K,Text,d4fedb7cc50d,2 years ago,mistral\dolphin-mistral.csv,4.1,False
dolphin-mistral:7b-v2.8-q4_K_S,4.1GB,32K,Text,f7fe7f8a5338,2 years ago,mistral\dolphin-mistral.csv,4.1,False
llama2:7b-chat-q4_K_M,4.1GB,4K,Text,fe3834f64df5,2 years ago,llama\llama2.csv,4.1,False
dolphin-mistral:7b-v2.8-q4_0,4.1GB,32K,Text,5dc8c5a2be65,2 years ago,mistral\dolphin-mistral.csv,4.1,False
mistral:7b-text,4.1GB,16K,Text,495ae085225b,2 years ago,mistral\mistral.csv,4.1,False
llama-pro:8b-instruct-q3_K_M,4.1GB,4K,Text,,,llama\llama-pro.csv,4.1,False
mathstral:latest,4.1GB,32K,Text,4ee7052be55a,2 years ago,mistral\mathstral.csv,4.1,False
llama2:7b-text-q4_K_M,4.1GB,4K,Text,b50304b988e8,2 years ago,llama\llama2.csv,4.1,False
dolphin-mistral:latest,4.1GB,32K,Text,5dc8c5a2be65,2 years ago,mistral\dolphin-mistral.csv,4.1,False
mistrallite:7b-v0.1-q4_0,4.1GB,32K,Text,5393d4f5f262,2 years ago,mistral\mistrallite.csv,4.1,False
yarn-mistral:7b,4.1GB,32K,Text,8e9c368a0ae4,2 years ago,mistral\yarn-mistral.csv,4.1,False
yarn-mistral:latest,4.1GB,32K,Text,8e9c368a0ae4,2 years ago,mistral\yarn-mistral.csv,4.1,False
dolphin-mistral:7b-v2.6-q4_K_S,4.1GB,32K,Text,d131e1a76ddc,2 years ago,mistral\dolphin-mistral.csv,4.1,False
dolphin-mistral:7b-v2.2-q4_0,4.1GB,32K,Text,450ca08f6907,2 years ago,mistral\dolphin-mistral.csv,4.1,False
mistral:7b-instruct-v0.3-q4_K_S,4.1GB,32K,Text,4567baa854e6,1 year ago,mistral\mistral.csv,4.1,False
mistral:7b-instruct-v0.2-q4_K_S,4.1GB,32K,Text,ba00d3a5239e,2 years ago,mistral\mistral.csv,4.1,False
mistral:7b-instruct-q4_0,4.1GB,32K,Text,b17615239298,2 years ago,mistral\mistral.csv,4.1,False
mistral:7b-instruct-v0.2-q4_0,4.1GB,32K,Text,61e88e884507,2 years ago,mistral\mistral.csv,4.1,False
mistral:7b-text-q4_0,4.1GB,32K,Text,d19e34de4cb6,2 years ago,mistral\mistral.csv,4.1,False
mistral:7b-text-q4_K_S,4.1GB,32K,Text,e6aa05445f6e,2 years ago,mistral\mistral.csv,4.1,False
mathstral:7b-v0.1-q4_0,4.1GB,32K,Text,4ee7052be55a,2 years ago,mistral\mathstral.csv,4.1,False
mathstral:7b,4.1GB,32K,Text,4ee7052be55a,2 years ago,mistral\mathstral.csv,4.1,False
llama2-uncensored:7b-chat-q4_K_M,4.1GB,2K,Text,a91c5baf8d31,2 years ago,llama\llama2-uncensored.csv,4.1,False
dolphin-mistral:v2.6,4.1GB,32K,Text,ecbf896611f5,2 years ago,mistral\dolphin-mistral.csv,4.1,False
dolphin-mistral:v2.1,4.1GB,32K,Text,e4e3238590aa,2 years ago,mistral\dolphin-mistral.csv,4.1,False
dolphin-mistral:v2.2.1,4.1GB,32K,Text,04b0ec52c40b,2 years ago,mistral\dolphin-mistral.csv,4.1,False
deepseek-coder:6.7b-base-q4_K_M,4.1GB,16K,Text,c12c864e1264,2 years ago,deepseek\deepseek-coder.csv,4.1,False
granite4.0-preview:tiny-base-q4_K_M,4.1GB,1M,Text,5934e75c5676,11 months ago,ibm\granite4.0-preview.csv,4.1,False
deepseek-coder:6.7b-instruct-q4_K_M,4.1GB,16K,Text,af6da0444f84,2 years ago,deepseek\deepseek-coder.csv,4.1,False
dolphin-mistral:7b-v2.1-q4_0,4.1GB,32K,Text,e4e3238590aa,2 years ago,mistral\dolphin-mistral.csv,4.1,False
mistrallite:7b-v0.1-q4_K_S,4.1GB,32K,Text,81a8a1744387,2 years ago,mistral\mistrallite.csv,4.1,False
mistrallite:latest,4.1GB,32K,Text,5393d4f5f262,2 years ago,mistral\mistrallite.csv,4.1,False
phi3.5:3.8b-mini-instruct-q8_0,4.1GB,4K,Text,8b50e8e1e216,1 year ago,phi\phi3.5.csv,4.1,False
qwen:7b-chat-q3_K_M,4.1GB,32K,Text,981740748bb1,2 years ago,qwen\qwen.csv,4.1,False
dolphin-mistral:7b-v2.6-dpo-laser-q4_K_S,4.1GB,32K,Text,251809e4483d,2 years ago,mistral\dolphin-mistral.csv,4.1,False
dolphin-mistral:7b-v2.6-q4_0,4.1GB,32K,Text,206a4093ff30,2 years ago,mistral\dolphin-mistral.csv,4.1,False
qwen2.5-coder:7b-instruct-q3_K_L,4.1GB,32K,Text,2be479bc8fba,1 year ago,qwen\qwen2.5-coder.csv,4.1,False
dolphin-mistral:7b-v2.6-dpo-laser-q4_0,4.1GB,32K,Text,ecbf896611f5,2 years ago,mistral\dolphin-mistral.csv,4.1,False
dolphin-mistral:7b-v2.2-q4_K_S,4.1GB,32K,Text,7c4ea4ac1b3d,2 years ago,mistral\dolphin-mistral.csv,4.1,False
phi3:3.8b-mini-128k-instruct-q8_0,4.1GB,4K,Text,adc0589ce82e,2 years ago,phi\phi3.csv,4.1,False
qwen2.5:7b-instruct-q3_K_L,4.1GB,32K,Text,6ed3506191d1,1 year ago,qwen\qwen2.5.csv,4.1,False
qwen:7b-q3_K_M,4.1GB,32K,Text,407571073d23,2 years ago,qwen\qwen.csv,4.1,False
phi3:3.8b-mini-4k-instruct-q8_0,4.1GB,4K,Text,6b7f8cbb8b25,2 years ago,phi\phi3.csv,4.1,False
mistral:v0.1,4.1GB,32K,Text,b17615239298,2 years ago,mistral\mistral.csv,4.1,False
yarn-mistral:7b-128k,4.1GB,128K,Text,6511b83c33d5,2 years ago,mistral\yarn-mistral.csv,4.1,False
mistral:7b-instruct-q4_K_S,4.1GB,32K,Text,d8ee783f8c73,2 years ago,mistral\mistral.csv,4.1,False
mistral:text,4.1GB,16K,Text,495ae085225b,2 years ago,mistral\mistral.csv,4.1,False
mathstral:7b-v0.1-q4_K_S,4.1GB,32K,Text,4c06df180823,2 years ago,mistral\mathstral.csv,4.1,False
qwen2.5-coder:7b-base-q3_K_L,4.1GB,32K,Text,59db8a8c458f,1 year ago,qwen\qwen2.5-coder.csv,4.1,False
mistral:v0.2,4.1GB,32K,Text,61e88e884507,2 years ago,mistral\mistral.csv,4.1,False
dolphin-mistral:v2,4.1GB,32K,Text,d4fedb7cc50d,2 years ago,mistral\dolphin-mistral.csv,4.1,False
mistrallite:7b,4.1GB,32K,Text,5393d4f5f262,2 years ago,mistral\mistrallite.csv,4.1,False
mistral:7b-instruct-v0.3-q4_0,4.1GB,32K,Text,3944fe81ec14,1 year ago,mistral\mistral.csv,4.1,False
mistral-openorca:7b-q4_K_S,4.1GB,32K,Text,b8b68de9a6c0,2 years ago,mistral\mistral-openorca.csv,4.1,False
qwen2:7b-instruct-q3_K_L,4.1GB,32K,Text,0022885490d9,1 year ago,qwen\qwen2.csv,4.1,False
dolphin-mistral:7b-v2.8,4.1GB,32K,Text,5dc8c5a2be65,2 years ago,mistral\dolphin-mistral.csv,4.1,False
dolphin-mistral:7b,4.1GB,32K,Text,5dc8c5a2be65,2 years ago,mistral\dolphin-mistral.csv,4.1,False
dolphin-mistral:v2.8,4.1GB,32K,Text,5dc8c5a2be65,2 years ago,mistral\dolphin-mistral.csv,4.1,False
dolphin-mistral:7b-v2,4.1GB,32K,Text,d4fedb7cc50d,2 years ago,mistral\dolphin-mistral.csv,4.1,False
llama-pro:8b-text-q3_K_M,4.1GB,4K,Text,,,llama\llama-pro.csv,4.1,False
qwen3:1.7b-fp16,4.1GB,40K,Text,e9354f6174db,1 year ago,qwen\qwen3.csv,4.1,False
dolphin-mistral:7b-v2.2.1,4.1GB,32K,Text,04b0ec52c40b,2 years ago,mistral\dolphin-mistral.csv,4.1,False
mistral-openorca:7b,4.1GB,32K,Text,12dc6acc14d0,2 years ago,mistral\mistral-openorca.csv,4.1,False
mistral-openorca:latest,4.1GB,32K,Text,12dc6acc14d0,2 years ago,mistral\mistral-openorca.csv,4.1,False
granite3.2-guardian:5b-q5_K_M,4.1GB,128K,Text,e8741473bd5f,1 year ago,ibm\granite3.2-guardian.csv,4.1,False
qwen2:7b-text-q3_K_L,4.1GB,128K,Text,45ac40a8d58b,2 years ago,qwen\qwen2.csv,4.1,False
yarn-mistral:7b-64k-q4_K_S,4.1GB,32K,Text,6a3c24b1e938,2 years ago,mistral\yarn-mistral.csv,4.1,False
dolphin-mistral:7b-v2.1-q4_K_S,4.1GB,32K,Text,928488201dda,2 years ago,mistral\dolphin-mistral.csv,4.1,False
dolphin-mistral:7b-v2.2,4.1GB,32K,Text,450ca08f6907,2 years ago,mistral\dolphin-mistral.csv,4.1,False
dolphin-mistral:7b-v2.1,4.1GB,32K,Text,e4e3238590aa,2 years ago,mistral\dolphin-mistral.csv,4.1,False
yarn-mistral:7b-128k-q4_K_S,4.1GB,128K,Text,60021a54efbe,2 years ago,mistral\yarn-mistral.csv,4.1,False
yarn-mistral:7b-64k,4.1GB,32K,Text,8e9c368a0ae4,2 years ago,mistral\yarn-mistral.csv,4.1,False
dolphin-mistral:7b-v2.6-dpo-laser,4.1GB,32K,Text,ecbf896611f5,2 years ago,mistral\dolphin-mistral.csv,4.1,False
dolphin-mistral:7b-v2-q4_K_S,4.1GB,32K,Text,31bc12ff86a4,2 years ago,mistral\dolphin-mistral.csv,4.1,False
dolphin-mistral:7b-v2.2.1-q4_K_S,4.1GB,32K,Text,5029cbe43e9c,2 years ago,mistral\dolphin-mistral.csv,4.1,False
dolphin-mistral:7b-v2.2.1-q4_0,4.1GB,32K,Text,04b0ec52c40b,2 years ago,mistral\dolphin-mistral.csv,4.1,False
yarn-mistral:7b-128k-q4_0,4.1GB,128K,Text,6511b83c33d5,2 years ago,mistral\yarn-mistral.csv,4.1,False
dolphin-mistral:7b-v2.6,4.1GB,32K,Text,206a4093ff30,2 years ago,mistral\dolphin-mistral.csv,4.1,False
mistral-openorca:7b-q4_0,4.1GB,32K,Text,12dc6acc14d0,2 years ago,mistral\mistral-openorca.csv,4.1,False
yarn-mistral:7b-64k-q4_0,4.1GB,32K,Text,8e9c368a0ae4,2 years ago,mistral\yarn-mistral.csv,4.1,False
qwen:7b-chat-v1.5-q3_K_L,4.2GB,32K,Text,c78b559835da,2 years ago,qwen\qwen.csv,4.2,False
qwen:4b-chat-v1.5-q8_0,4.2GB,32K,Text,7dfc4f0660c0,2 years ago,qwen\qwen.csv,4.2,False
qwen:4b-text-v1.5-q8_0,4.2GB,32K,Text,e3bafc3eec84,2 years ago,qwen\qwen.csv,4.2,False
gemma:7b-text-q3_K_S,4.2GB,8K,Text,f40e21d459ff,2 years ago,gemma\gemma.csv,4.2,False
llama2-uncensored:7b-chat-q4_1,4.2GB,2K,Text,0126058e3693,2 years ago,llama\llama2-uncensored.csv,4.2,False
deepseek-coder:6.7b-instruct-q4_1,4.2GB,16K,Text,4c147a2a4536,2 years ago,deepseek\deepseek-coder.csv,4.2,False
nemotron-3-nano:4b-q8_0,4.2GB,256K,Text,c534497d032c,5 months ago,nemotron\nemotron-3-nano.csv,4.2,False
granite4:tiny-h-base-q4_K_M,4.2GB,1M,Text,e6ad422b0f47,11 months ago,ibm\granite4.csv,4.2,False
granite4:tiny-h-q4_K_M,4.2GB,1M,Text,566b725534ea,11 months ago,ibm\granite4.csv,4.2,False
deepseek-coder:6.7b-base-q4_1,4.2GB,16K,Text,a269275b3473,2 years ago,deepseek\deepseek-coder.csv,4.2,False
granite4:tiny-h,4.2GB,1M,Text,566b725534ea,11 months ago,ibm\granite4.csv,4.2,False
llama2:7b-text-q4_1,4.2GB,4K,Text,189a0d0904e4,2 years ago,llama\llama2.csv,4.2,False
llama2:7b-chat-q4_1,4.2GB,4K,Text,85eb4bc10598,2 years ago,llama\llama2.csv,4.2,False
gemma:7b-instruct-q3_K_S,4.2GB,8K,Text,e4aea70c287e,2 years ago,gemma\gemma.csv,4.2,False
granite4.0-preview:tiny-base-q4_1,4.2GB,1M,Text,8c28fd38f613,11 months ago,ibm\granite4.0-preview.csv,4.2,False
qwen:7b-text-v1.5-q3_K_L,4.2GB,32K,Text,c103abc28f47,2 years ago,qwen\qwen.csv,4.2,False
granite4.1-guardian:8b-q3_K_M,4.2GB,128K,Text,4b56e240be8d,2 months ago,ibm\granite4.1-guardian.csv,4.2,False
granite4.0-preview:tiny-instruct-q4_1,4.2GB,1M,Text,476533dfb86e,11 months ago,ibm\granite4.0-preview.csv,4.2,False
granite3.3:8b-instruct-q3_K_L,4.3GB,128K,Text,e03fac74858b,1 year ago,ibm\granite3.3.csv,4.3,False
granite3.3:8b-base-q3_K_L,4.3GB,128K,Text,7ba316d22b0b,1 year ago,ibm\granite3.3.csv,4.3,False
qwen:7b-q3_K_L,4.3GB,32K,Text,2a971f9c4019,2 years ago,qwen\qwen.csv,4.3,False
gemma2:9b-text-q3_K_S,4.3GB,8K,Text,021fbe1dc58b,2 years ago,gemma\gemma2.csv,4.3,False
granite4.1:8b-q3_K_M,4.3GB,128K,Text,11ec0ebc2697,4 months ago,ibm\granite4.1.csv,4.3,False
gemma2:9b-instruct-q3_K_S,4.3GB,8K,Text,1c8775e10b1c,2 years ago,gemma\gemma2.csv,4.3,False
llama3-gradient:8b-instruct-1048k-q3_K_L,4.3GB,1M,Text,5a2ea82ad056,2 years ago,llama\llama3-gradient.csv,4.3,False
qwen:7b-chat-q3_K_L,4.3GB,32K,Text,6c760e557c98,2 years ago,qwen\qwen.csv,4.3,False
llama3-groq-tool-use:8b-q3_K_L,4.3GB,8K,Text,57fbbf9656ef,2 years ago,llama\llama3-groq-tool-use.csv,4.3,False
granite3.2:8b-instruct-q3_K_L,4.3GB,128K,Text,bf3068be1581,1 year ago,ibm\granite3.2.csv,4.3,False
granite3.1-dense:8b-instruct-q3_K_L,4.3GB,128K,Text,ecdd2f1b4c8d,1 year ago,ibm\granite3.1-dense.csv,4.3,False
granite4.1:8b-q3_K_M,4.3GB,128K,Text,11ec0ebc2697,4 months ago,granite\granite4.1.csv,4.3,False
llama-guard3:8b-q3_K_L,4.3GB,128K,Text,bea5c2385dc2,1 year ago,llama\llama-guard3.csv,4.3,False
llama3:8b-text-q3_K_L,4.3GB,8K,Text,c8a0b2fe8826,2 years ago,llama\llama3.csv,4.3,False
qwen3-vl:2b-thinking-bf16,4.3GB,256K,"Text, Image",0d2c70920874,10 months ago,qwen\qwen3-vl.csv,4.3,False
qwen3-embedding:4b-q8_0,4.3GB,40K,Text,357d756ba8e5,11 months ago,qwen\qwen3-embedding.csv,4.3,False
granite4.2:8b-q3_K_M,4.3GB,128K,Text,de31561a84c0,1 week ago,granite\granite4.2.csv,4.3,False
qwen3:4b-instruct-2507-q8_0,4.3GB,256K,Text,aa7252f68dda,11 months ago,qwen\qwen3.csv,4.3,False
qwen3-vl:2b-instruct-bf16,4.3GB,256K,"Text, Image",fc3633fe6782,10 months ago,qwen\qwen3-vl.csv,4.3,False
granite3-dense:8b-instruct-q3_K_L,4.3GB,4K,Text,c74b04a2513f,1 year ago,granite\granite3-dense.csv,4.3,False
granite4.2:8b-q3_K_M,4.3GB,128K,Text,6a154d042cac,1 week ago,ibm\granite4.2.csv,4.3,False
shieldgemma:9b-q3_K_S,4.3GB,8K,Text,59f3cd1ead5e,1 year ago,gemma\shieldgemma.csv,4.3,False
granite3.1-dense:8b-base-q3_K_L,4.3GB,128K,Text,6778e8021ee7,1 year ago,ibm\granite3.1-dense.csv,4.3,False
llama3-chatqa:8b-v1.5-q3_K_L,4.3GB,8K,Text,748c33a3a51f,2 years ago,llama\llama3-chatqa.csv,4.3,False
granite3-dense:8b-instruct-q3_K_L,4.3GB,4K,Text,68e8106ca812,1 year ago,ibm\granite3-dense.csv,4.3,False
llama3.1:8b-instruct-q3_K_L,4.3GB,128K,Text,04a2f1e44de7,1 year ago,llama\llama3.1.csv,4.3,False
llama3.1:8b-text-q3_K_L,4.3GB,128K,Text,4d9a56f79245,2 years ago,llama\llama3.1.csv,4.3,False
llama3:8b-instruct-q3_K_L,4.3GB,8K,Text,df7624806f55,2 years ago,llama\llama3.csv,4.3,False
qwen3:4b-thinking-2507-q8_0,4.3GB,256K,Text,446474631042,11 months ago,qwen\qwen3.csv,4.3,False
qwen3:4b-q8_0,4.4GB,40K,Text,6461746fd6b5,1 year ago,qwen\qwen3.csv,4.4,False
dolphin-mistral:7b-v2-q4_K_M,4.4GB,32K,Text,8151671578cc,2 years ago,mistral\dolphin-mistral.csv,4.4,False
dolphin-mistral:7b-v2.2.1-q4_K_M,4.4GB,32K,Text,5e3337ccc282,2 years ago,mistral\dolphin-mistral.csv,4.4,False
qwen3.5:2b-mlx-bf16,MLX 4.4GB,256K,"Text, Image",1bd0618256e3,5 months ago,qwen\qwen3.5.csv,4.4,False
mathstral:7b-v0.1-q4_K_M,4.4GB,32K,Text,8cf37cd9128d,2 years ago,mistral\mathstral.csv,4.4,False
qwen2.5-coder:7b-instruct-q4_0,4.4GB,32K,Text,8d7f257337d3,1 year ago,qwen\qwen2.5-coder.csv,4.4,False
granite3.1-dense:8b-instruct-q3_K_L,4.4GB,128K,Text,8f28ec28aafc,1 year ago,granite\granite3.1-dense.csv,4.4,False
dolphin-mistral:7b-v2.8-q4_K_M,4.4GB,32K,Text,9664319c8300,2 years ago,mistral\dolphin-mistral.csv,4.4,False
mistral:latest,4.4GB,32K,Text,6577803aa9a0,1 year ago,mistral\mistral.csv,4.4,False
mistral-openorca:7b-q4_K_M,4.4GB,32K,Text,d4fd6870e8eb,2 years ago,mistral\mistral-openorca.csv,4.4,False
mistral:7b-instruct-q4_K_M,4.4GB,32K,Text,1a85656b534f,2 years ago,mistral\mistral.csv,4.4,False
mistral:7b-instruct-v0.2-q4_K_M,4.4GB,32K,Text,eb14864c7427,2 years ago,mistral\mistral.csv,4.4,False
qwen2.5-coder:7b-base-q4_0,4.4GB,32K,Text,a1ef3d25fea3,1 year ago,qwen\qwen2.5-coder.csv,4.4,False
mistral:v0.3,4.4GB,32K,Text,6577803aa9a0,1 year ago,mistral\mistral.csv,4.4,False
mistral:7b,4.4GB,32K,Text,6577803aa9a0,1 year ago,mistral\mistral.csv,4.4,False
mistral:7b-instruct,4.4GB,32K,Text,6577803aa9a0,1 year ago,mistral\mistral.csv,4.4,False
granite4:tiny-h-q4_1,4.4GB,1M,Text,672cf5e6bb8a,11 months ago,ibm\granite4.csv,4.4,False
granite4:tiny-h-base-q4_1,4.4GB,1M,Text,0787685175ac,11 months ago,ibm\granite4.csv,4.4,False
codegemma:7b-instruct-v1.1-q3_K_M,4.4GB,8K,Text,,,gemma\codegemma.csv,4.4,False
qwen2:7b-text-q4_0,4.4GB,128K,Text,5c0af9e4500d,2 years ago,qwen\qwen2.csv,4.4,False
yarn-mistral:7b-128k-q4_K_M,4.4GB,128K,Text,b29d79d2f3ef,2 years ago,mistral\yarn-mistral.csv,4.4,False
qwen2.5:7b-instruct-q4_0,4.4GB,32K,Text,2e92ac0dd3a8,1 year ago,qwen\qwen2.5.csv,4.4,False
qwen2:7b,4.4GB,32K,Text,dd314f039b9d,1 year ago,qwen\qwen2.csv,4.4,False
codegemma:7b-code-q3_K_M,4.4GB,8K,Text,,,gemma\codegemma.csv,4.4,False
gemma:7b-instruct-v1.1-q3_K_M,4.4GB,8K,Text,e71bd8c16242,2 years ago,gemma\gemma.csv,4.4,False
mistral:7b-text-q4_K_M,4.4GB,32K,Text,60eca258468e,2 years ago,mistral\mistral.csv,4.4,False
mistral:7b-text-v0.2-q4_K_M,4.4GB,16K,Text,33518cc91a4d,2 years ago,mistral\mistral.csv,4.4,False
dolphin-mistral:7b-v2.6-dpo-laser-q4_K_M,4.4GB,32K,Text,4637e8c97e50,2 years ago,mistral\dolphin-mistral.csv,4.4,False
mistrallite:7b-v0.1-q4_K_M,4.4GB,32K,Text,d73bbd6b49d1,2 years ago,mistral\mistrallite.csv,4.4,False
dolphin-mistral:7b-v2.6-q4_K_M,4.4GB,32K,Text,de97d7427c36,2 years ago,mistral\dolphin-mistral.csv,4.4,False
qwen2:latest,4.4GB,32K,Text,dd314f039b9d,1 year ago,qwen\qwen2.csv,4.4,False
mistral:7b-instruct-v0.3-q4_K_M,4.4GB,32K,Text,6577803aa9a0,1 year ago,mistral\mistral.csv,4.4,False
qwen2:7b-instruct-q4_0,4.4GB,32K,Text,dd314f039b9d,1 year ago,qwen\qwen2.csv,4.4,False
codegemma:7b-instruct-q3_K_M,4.4GB,8K,Text,,,gemma\codegemma.csv,4.4,False
yarn-mistral:7b-64k-q4_K_M,4.4GB,32K,Text,f9434e5ec017,2 years ago,mistral\yarn-mistral.csv,4.4,False
qwen2:7b-instruct,4.4GB,32K,Text,dd314f039b9d,1 year ago,qwen\qwen2.csv,4.4,False
dolphin-mistral:7b-v2.1-q4_K_M,4.4GB,32K,Text,42d3af2ff5bc,2 years ago,mistral\dolphin-mistral.csv,4.4,False
dolphin-mistral:7b-v2.2-q4_K_M,4.4GB,32K,Text,5f5bc8a7f6c0,2 years ago,mistral\dolphin-mistral.csv,4.4,False
qwen2:7b-text,4.4GB,128K,Text,5c0af9e4500d,2 years ago,qwen\qwen2.csv,4.4,False
qwen:7b-chat,4.5GB,32K,Text,2091ee8c8d8f,2 years ago,qwen\qwen.csv,4.5,False
gemma:2b-text-fp16,4.5GB,8K,Text,bced1b198253,2 years ago,gemma\gemma.csv,4.5,False
gemma:2b-instruct-fp16,4.5GB,8K,Text,1cca4a1914b8,2 years ago,gemma\gemma.csv,4.5,False
qwen2:7b-text-q4_K_S,4.5GB,128K,Text,5cfe6a2793de,2 years ago,qwen\qwen2.csv,4.5,False
qwen:7b,4.5GB,32K,Text,2091ee8c8d8f,2 years ago,qwen\qwen.csv,4.5,False
qwen2.5:7b-instruct-q4_K_S,4.5GB,32K,Text,d572758f0ffe,1 year ago,qwen\qwen2.5.csv,4.5,False
qwen2:7b-instruct-q4_K_S,4.5GB,32K,Text,47d94758e9c1,1 year ago,qwen\qwen2.csv,4.5,False
nemotron-mini:4b-instruct-q8_0,4.5GB,4K,Text,fe86a4d04f9f,1 year ago,nemotron\nemotron-mini.csv,4.5,False
llama-pro:8b-instruct-q3_K_L,4.5GB,4K,Text,,,llama\llama-pro.csv,4.5,False
llama-pro:8b-text-q3_K_L,4.5GB,4K,Text,,,llama\llama-pro.csv,4.5,False
qwen:7b-text-v1.5-q4_K_S,4.5GB,32K,Text,05bb240791f0,2 years ago,qwen\qwen.csv,4.5,False
qwen:7b-chat-v1.5-q4_K_S,4.5GB,32K,Text,1b769918d6f3,2 years ago,qwen\qwen.csv,4.5,False
qwen2.5-coder:7b-base-q4_K_S,4.5GB,32K,Text,d31c13ff6e03,1 year ago,qwen\qwen2.5-coder.csv,4.5,False
qwen:7b-text,4.5GB,32K,Text,952dc7c77fea,2 years ago,qwen\qwen.csv,4.5,False
qwen2.5-coder:7b-instruct-q4_K_S,4.5GB,32K,Text,37ff7e52b958,1 year ago,qwen\qwen2.5-coder.csv,4.5,False
granite4.1-guardian:8b-q3_K_L,4.5GB,128K,Text,364832eedf35,2 months ago,ibm\granite4.1-guardian.csv,4.5,False
ministral-3:3b-instruct-2512-q8_0,4.5GB,256K,"Text, Image",c269e5748d11,8 months ago,mistral\ministral-3.csv,4.5,False
qwen:7b-chat-q4_0,4.5GB,32K,Text,8a759e224c54,2 years ago,qwen\qwen.csv,4.5,False
qwen:7b-chat-v1.5-q4_0,4.5GB,32K,Text,2091ee8c8d8f,2 years ago,qwen\qwen.csv,4.5,False
qwen:7b-q4_K_S,4.5GB,32K,Text,13660ea6e426,2 years ago,qwen\qwen.csv,4.5,False
qwen:7b-text-v1.5-q4_0,4.5GB,32K,Text,952dc7c77fea,2 years ago,qwen\qwen.csv,4.5,False
qwen:7b-q4_0,4.5GB,32K,Text,a602ed3d295f,2 years ago,qwen\qwen.csv,4.5,False
qwen:7b-chat-q4_K_S,4.5GB,32K,Text,670c5afa68d5,2 years ago,qwen\qwen.csv,4.5,False
dolphin-mistral:7b-v2.1-q4_1,4.6GB,32K,Text,bccbfbb66c22,2 years ago,mistral\dolphin-mistral.csv,4.6,False
granite4.0-preview:tiny-base-q5_K_S,4.6GB,1M,Text,6fbbb348159c,11 months ago,ibm\granite4.0-preview.csv,4.6,False
mistrallite:7b-v0.1-q4_1,4.6GB,32K,Text,00a4a71eee8f,2 years ago,mistral\mistrallite.csv,4.6,False
dolphin-mistral:7b-v2.6-q4_1,4.6GB,32K,Text,75979198bd96,2 years ago,mistral\dolphin-mistral.csv,4.6,False
gemma:7b-instruct-q3_K_M,4.6GB,8K,Text,92dd270cb673,2 years ago,gemma\gemma.csv,4.6,False
granite4.0-preview:tiny-base-q5_0,4.6GB,1M,Text,75017279b232,11 months ago,ibm\granite4.0-preview.csv,4.6,False
mistral-openorca:7b-q4_1,4.6GB,32K,Text,185461182e00,2 years ago,mistral\mistral-openorca.csv,4.6,False
granite4.0-preview:tiny-instruct-q5_K_S,4.6GB,1M,Text,377173acb171,11 months ago,ibm\granite4.0-preview.csv,4.6,False
granite4.0-preview:tiny-instruct-q5_0,4.6GB,1M,Text,0748274e15fa,11 months ago,ibm\granite4.0-preview.csv,4.6,False
qwen3.5:2b-bf16,4.6GB,256K,"Text, Image",64148169aba8,5 months ago,qwen\qwen3.5.csv,4.6,False
dolphin-mistral:7b-v2.2.1-q4_1,4.6GB,32K,Text,c76cd3b5beee,2 years ago,mistral\dolphin-mistral.csv,4.6,False
mistral:7b-instruct-v0.3-q4_1,4.6GB,32K,Text,571250ebd2d9,1 year ago,mistral\mistral.csv,4.6,False
mistral:7b-instruct-v0.2-q4_1,4.6GB,32K,Text,658e1f4c66cc,2 years ago,mistral\mistral.csv,4.6,False
dolphin-mistral:7b-v2.8-q4_1,4.6GB,32K,Text,8a3536853f0c,2 years ago,mistral\dolphin-mistral.csv,4.6,False
mathstral:7b-v0.1-q4_1,4.6GB,32K,Text,7d1005348e61,2 years ago,mistral\mathstral.csv,4.6,False
dolphin-mistral:7b-v2-q4_1,4.6GB,32K,Text,963a8962e5cb,2 years ago,mistral\dolphin-mistral.csv,4.6,False
mistral:7b-instruct-q4_1,4.6GB,32K,Text,4455f2ee0189,2 years ago,mistral\mistral.csv,4.6,False
yarn-mistral:7b-128k-q4_1,4.6GB,128K,Text,2f2460d79fe1,2 years ago,mistral\yarn-mistral.csv,4.6,False
gemma:7b-text-q3_K_M,4.6GB,8K,Text,ffd8ea66cf1f,2 years ago,gemma\gemma.csv,4.6,False
qwen2.5vl:3b-q8_0,4.6GB,125K,"Text, Image",21858d9f5230,1 year ago,qwen\qwen2.5vl.csv,4.6,False
mistral:7b-text-v0.2-q4_1,4.6GB,16K,Text,fae6ab253307,2 years ago,mistral\mistral.csv,4.6,False
mistral:7b-text-q4_1,4.6GB,32K,Text,14d146cb57dc,2 years ago,mistral\mistral.csv,4.6,False
phi4-mini-reasoning:3.8b-q8_0,4.6GB,4K,Text,e3fffa9f7d91,1 year ago,phi\phi4-mini-reasoning.csv,4.6,False
dolphin-mistral:7b-v2.6-dpo-laser-q4_1,4.6GB,32K,Text,dcda7ed9d1ea,2 years ago,mistral\dolphin-mistral.csv,4.6,False
dolphin-mistral:7b-v2.2-q4_1,4.6GB,32K,Text,1f764be54847,2 years ago,mistral\dolphin-mistral.csv,4.6,False
yarn-mistral:7b-64k-q4_1,4.6GB,32K,Text,0b1ddb2af722,2 years ago,mistral\yarn-mistral.csv,4.6,False
llama3:8b-text-q4_K_S,4.7GB,8K,Text,9a26d72d3e16,2 years ago,llama\llama3.csv,4.7,False
granite4.1:8b-q3_K_L,4.7GB,128K,Text,d780c2e519e8,4 months ago,granite\granite4.1.csv,4.7,False
qwen2.5-coder:7b-instruct-q4_K_M,4.7GB,32K,Text,dae161e27b0e,1 year ago,qwen\qwen2.5-coder.csv,4.7,False
granite3-dense:8b-instruct-q4_0,4.7GB,4K,Text,9c8d487501fc,1 year ago,ibm\granite3-dense.csv,4.7,False
granite3.2:8b-instruct-q4_0,4.7GB,128K,Text,7680f21822da,1 year ago,ibm\granite3.2.csv,4.7,False
granite3.2-guardian:5b-q6_K,4.7GB,128K,Text,6946343626e0,1 year ago,ibm\granite3.2-guardian.csv,4.7,False
granite4.2:8b-q3_K_L,4.7GB,128K,Text,84181ef35707,1 week ago,ibm\granite4.2.csv,4.7,False
qwen2.5-coder:7b-base,4.7GB,32K,Text,bd8755145f1c,1 year ago,qwen\qwen2.5-coder.csv,4.7,False
llama-pro:text,4.7GB,4K,Text,,,llama\llama-pro.csv,4.7,False
llama-guard3:8b-q4_0,4.7GB,128K,Text,d8d7fb8dfa56,1 year ago,llama\llama-guard3.csv,4.7,False
llama-pro:8b-instruct-q4_0,4.7GB,4K,Text,,,llama\llama-pro.csv,4.7,False
llama-pro:8b-text-q4_0,4.7GB,4K,Text,,,llama\llama-pro.csv,4.7,False
llama-pro:latest,4.7GB,4K,Text,,,llama\llama-pro.csv,4.7,False
granite3.1-dense:8b-instruct-q4_0,4.7GB,128K,Text,fc2c18155205,1 year ago,granite\granite3.1-dense.csv,4.7,False
qwen2.5:7b,4.7GB,32K,Text,845dbda0ea48,1 year ago,qwen\qwen2.5.csv,4.7,False
granite3.1-dense:8b-instruct-q4_K_S,4.7GB,128K,Text,4707086b3bed,1 year ago,granite\granite3.1-dense.csv,4.7,False
llama-pro:instruct,4.7GB,4K,Text,,,llama\llama-pro.csv,4.7,False
llama-guard3:8b-q4_K_S,4.7GB,128K,Text,7e8d75f07310,1 year ago,llama\llama-guard3.csv,4.7,False
qwen2.5:latest,4.7GB,32K,Text,845dbda0ea48,1 year ago,qwen\qwen2.5.csv,4.7,False
granite4.2:8b-q3_K_L,4.7GB,128K,Text,418c3ffbe5f7,1 week ago,granite\granite4.2.csv,4.7,False
qwen2.5-coder:7b-base-q4_K_M,4.7GB,32K,Text,bd8755145f1c,1 year ago,qwen\qwen2.5-coder.csv,4.7,False
qwen2.5-coder:7b-instruct,4.7GB,32K,Text,dae161e27b0e,1 year ago,qwen\qwen2.5-coder.csv,4.7,False
granite3-dense:8b-instruct-q4_K_S,4.7GB,4K,Text,b3303d14e882,1 year ago,ibm\granite3-dense.csv,4.7,False
qwen2.5-coder:7b,4.7GB,32K,Text,dae161e27b0e,1 year ago,qwen\qwen2.5-coder.csv,4.7,False
granite3.1-dense:8b-instruct-q4_0,4.7GB,128K,Text,ae4ec03ce4d2,1 year ago,ibm\granite3.1-dense.csv,4.7,False
granite3.1-dense:8b-instruct-q4_K_S,4.7GB,128K,Text,c810f9f87239,1 year ago,ibm\granite3.1-dense.csv,4.7,False
granite3.2:8b-instruct-q4_K_S,4.7GB,128K,Text,f80ab17b6c1a,1 year ago,ibm\granite3.2.csv,4.7,False
granite4.1:8b-q3_K_L,4.7GB,128K,Text,d780c2e519e8,4 months ago,ibm\granite4.1.csv,4.7,False
qwen2.5-coder:latest,4.7GB,32K,Text,dae161e27b0e,1 year ago,qwen\qwen2.5-coder.csv,4.7,False
granite4.0-preview:tiny-instruct-q5_K_M,4.7GB,1M,Text,7d65562c3f16,11 months ago,ibm\granite4.0-preview.csv,4.7,False
granite3.1-dense:8b-base-q4_0,4.7GB,128K,Text,34adea260aff,1 year ago,ibm\granite3.1-dense.csv,4.7,False
granite3.1-dense:8b-base-q4_K_S,4.7GB,128K,Text,15fd07f32d63,1 year ago,ibm\granite3.1-dense.csv,4.7,False
granite3.3:8b-instruct-q4_K_S,4.7GB,128K,Text,a148a74a9d83,1 year ago,ibm\granite3.3.csv,4.7,False
granite3.3:8b-base-q4_0,4.7GB,128K,Text,e9d7f84dc6d8,1 year ago,ibm\granite3.3.csv,4.7,False
granite3.2-guardian:5b,4.7GB,128K,Text,6946343626e0,1 year ago,ibm\granite3.2-guardian.csv,4.7,False
granite4.0-preview:tiny-base-q5_K_M,4.7GB,1M,Text,92a6fb182cb0,11 months ago,ibm\granite4.0-preview.csv,4.7,False
granite3.3:8b-instruct-q4_0,4.7GB,128K,Text,00b60d797185,1 year ago,ibm\granite3.3.csv,4.7,False
granite3.3:8b-base-q4_K_S,4.7GB,128K,Text,89abbed3f1cb,1 year ago,ibm\granite3.3.csv,4.7,False
deepseek-coder:6.7b-base-q5_K_S,4.7GB,16K,Text,dcff193117f4,2 years ago,deepseek\deepseek-coder.csv,4.7,False
deepseek-coder:6.7b-base-q5_0,4.7GB,16K,Text,bcea528a2f2f,2 years ago,deepseek\deepseek-coder.csv,4.7,False
llama3:8b-instruct-q4_0,4.7GB,8K,Text,365c0bd3c000,2 years ago,llama\llama3.csv,4.7,False
llama3:8b-instruct-q4_K_S,4.7GB,8K,Text,469db3d82576,2 years ago,llama\llama3.csv,4.7,False
qwen3-embedding:8b,4.7GB,40K,Text,64b933495768,11 months ago,qwen\qwen3-embedding.csv,4.7,False
qwen3-embedding:latest,4.7GB,40K,Text,64b933495768,11 months ago,qwen\qwen3-embedding.csv,4.7,False
qwen2:7b-text-q4_K_M,4.7GB,128K,Text,37dee31a1b72,2 years ago,qwen\qwen2.csv,4.7,False
llama3:8b-text-q4_0,4.7GB,8K,Text,870a5d02cfaf,2 years ago,llama\llama3.csv,4.7,False
llama3:8b-text,4.7GB,8K,Text,870a5d02cfaf,2 years ago,llama\llama3.csv,4.7,False
llama3.1:8b-text-q4_0,4.7GB,128K,Text,025059e83055,2 years ago,llama\llama3.1.csv,4.7,False
qwen3-embedding:8b-q4_K_M,4.7GB,40K,Text,64b933495768,11 months ago,qwen\qwen3-embedding.csv,4.7,False
llama3-groq-tool-use:8b-q4_K_S,4.7GB,8K,Text,9dc66563ded8,2 years ago,llama\llama3-groq-tool-use.csv,4.7,False
codegemma:7b-instruct-q3_K_L,4.7GB,8K,Text,,,gemma\codegemma.csv,4.7,False
llama3:latest,4.7GB,8K,Text,365c0bd3c000,2 years ago,llama\llama3.csv,4.7,False
llama3:8b,4.7GB,8K,Text,365c0bd3c000,2 years ago,llama\llama3.csv,4.7,False
codegemma:7b-instruct-v1.1-q3_K_L,4.7GB,8K,Text,,,gemma\codegemma.csv,4.7,False
llama3-chatqa:8b-v1.5-q4_0,4.7GB,8K,Text,b37a98d204b2,2 years ago,llama\llama3-chatqa.csv,4.7,False
llama3-groq-tool-use:8b-q4_0,4.7GB,8K,Text,36211dad2b15,2 years ago,llama\llama3-groq-tool-use.csv,4.7,False
qwen2.5:7b-instruct,4.7GB,32K,Text,845dbda0ea48,1 year ago,qwen\qwen2.5.csv,4.7,False
deepseek-r1:7b,4.7GB,128K,Text,755ced02ce7b,1 year ago,deepseek\deepseek-r1.csv,4.7,False
deepseek-coder:6.7b-instruct-q5_0,4.7GB,16K,Text,24c6f279a2a3,2 years ago,deepseek\deepseek-coder.csv,4.7,False
deepseek-coder:6.7b-instruct-q5_K_S,4.7GB,16K,Text,fa9d8a78ef0d,2 years ago,deepseek\deepseek-coder.csv,4.7,False
llama3.1:8b-text-q4_K_S,4.7GB,128K,Text,d1a421604a57,2 years ago,llama\llama3.1.csv,4.7,False
llama3:instruct,4.7GB,8K,Text,365c0bd3c000,2 years ago,llama\llama3.csv,4.7,False
llama3:text,4.7GB,8K,Text,870a5d02cfaf,2 years ago,llama\llama3.csv,4.7,False
qwen2:7b-instruct-q4_K_M,4.7GB,32K,Text,f10f702d139e,1 year ago,qwen\qwen2.csv,4.7,False
deepseek-r1:7b-qwen-distill-q4_K_M,4.7GB,128K,Text,755ced02ce7b,1 year ago,deepseek\deepseek-r1.csv,4.7,False
llama3.1:8b-instruct-q4_0,4.7GB,128K,Text,42182419e950,1 year ago,llama\llama3.1.csv,4.7,False
llama3.1:8b-instruct-q4_K_S,4.7GB,128K,Text,778e1e675704,1 year ago,llama\llama3.1.csv,4.7,False
llama3-chatqa:latest,4.7GB,8K,Text,b37a98d204b2,2 years ago,llama\llama3-chatqa.csv,4.7,False
llama2:7b-chat-q5_0,4.7GB,4K,Text,68cf22a36a37,2 years ago,llama\llama2.csv,4.7,False
granite3-dense:8b-instruct-q4_0,4.7GB,4K,Text,16473222519f,1 year ago,granite\granite3-dense.csv,4.7,False
llama2-uncensored:7b-chat-q5_0,4.7GB,2K,Text,48c918f41b91,2 years ago,llama\llama2-uncensored.csv,4.7,False
llama2-uncensored:7b-chat-q5_K_S,4.7GB,2K,Text,f2f04ee3b17e,2 years ago,llama\llama2-uncensored.csv,4.7,False
llama3-groq-tool-use:latest,4.7GB,8K,Text,36211dad2b15,2 years ago,llama\llama3-groq-tool-use.csv,4.7,False
llama3-gradient:8b-instruct-1048k-q4_K_S,4.7GB,1M,Text,419da1c2bc33,2 years ago,llama\llama3-gradient.csv,4.7,False
llama3-gradient:8b-instruct-1048k-q4_0,4.7GB,1M,Text,5d1398df5b8b,2 years ago,llama\llama3-gradient.csv,4.7,False
llama3-groq-tool-use:8b,4.7GB,8K,Text,36211dad2b15,2 years ago,llama\llama3-groq-tool-use.csv,4.7,False
codegemma:7b-code-q3_K_L,4.7GB,8K,Text,,,gemma\codegemma.csv,4.7,False
gemma:7b-instruct-v1.1-q3_K_L,4.7GB,8K,Text,567c802627ea,2 years ago,gemma\gemma.csv,4.7,False
llama3-chatqa:8b-v1.5,4.7GB,8K,Text,b37a98d204b2,2 years ago,llama\llama3-chatqa.csv,4.7,False
llama2:7b-chat-q5_K_S,4.7GB,4K,Text,4f771b179264,2 years ago,llama\llama2.csv,4.7,False
llama3-chatqa:8b,4.7GB,8K,Text,b37a98d204b2,2 years ago,llama\llama3-chatqa.csv,4.7,False
granite3-dense:8b-instruct-q4_K_S,4.7GB,4K,Text,8fc1ce76b8f2,1 year ago,granite\granite3-dense.csv,4.7,False
llama3-gradient:latest,4.7GB,1M,Text,5d1398df5b8b,2 years ago,llama\llama3-gradient.csv,4.7,False
llama3-gradient:instruct,4.7GB,1M,Text,5d1398df5b8b,2 years ago,llama\llama3-gradient.csv,4.7,False
llama3-chatqa:8b-v1.5-q4_K_S,4.7GB,8K,Text,c4c5c98e11c6,2 years ago,llama\llama3-chatqa.csv,4.7,False
llama3-gradient:1048k,4.7GB,1M,Text,5d1398df5b8b,2 years ago,llama\llama3-gradient.csv,4.7,False
qwen2.5:7b-instruct-q4_K_M,4.7GB,32K,Text,845dbda0ea48,1 year ago,qwen\qwen2.5.csv,4.7,False
llama3-gradient:8b,4.7GB,1M,Text,5d1398df5b8b,2 years ago,llama\llama3-gradient.csv,4.7,False
llama2:7b-text-q5_K_S,4.7GB,4K,Text,6dd64259f527,2 years ago,llama\llama2.csv,4.7,False
llama2:7b-text-q5_0,4.7GB,4K,Text,7377932417e0,2 years ago,llama\llama2.csv,4.7,False
granite4:tiny-h-q5_0,4.8GB,1M,Text,308342303824,11 months ago,ibm\granite4.csv,4.8,False
qwen:7b-chat-v1.5-q4_K_M,4.8GB,32K,Text,315448cc7b99,2 years ago,qwen\qwen.csv,4.8,False
llama-pro:8b-instruct-q4_K_S,4.8GB,4K,Text,,,llama\llama-pro.csv,4.8,False
deepseek-coder:6.7b-base-q5_K_M,4.8GB,16K,Text,5d67f76f7c57,2 years ago,deepseek\deepseek-coder.csv,4.8,False
mistral-nemo:12b-instruct-2407-q2_K,4.8GB,1000K,Text,868f6ba4dbda,1 year ago,mistral\mistral-nemo.csv,4.8,False
granite4.1-guardian:8b-q4_0,4.8GB,128K,Text,a10286f69b99,2 months ago,ibm\granite4.1-guardian.csv,4.8,False
qwen:7b-text-v1.5-q4_K_M,4.8GB,32K,Text,a2e8ed289a56,2 years ago,qwen\qwen.csv,4.8,False
granite4:tiny-h-q5_K_S,4.8GB,1M,Text,6b3166523d78,11 months ago,ibm\granite4.csv,4.8,False
granite4:tiny-h-base-q5_K_S,4.8GB,1M,Text,123bd7a81e3c,11 months ago,ibm\granite4.csv,4.8,False
gemma2:9b-text-q3_K_M,4.8GB,8K,Text,e224c0ba8c7c,2 years ago,gemma\gemma2.csv,4.8,False
shieldgemma:9b-q3_K_M,4.8GB,8K,Text,1ee83e818fb1,1 year ago,gemma\shieldgemma.csv,4.8,False
gemma2:9b-instruct-q3_K_M,4.8GB,8K,Text,7461deaf5540,2 years ago,gemma\gemma2.csv,4.8,False
llama-pro:8b-text-q4_K_S,4.8GB,4K,Text,,,llama\llama-pro.csv,4.8,False
granite4:tiny-h-base-q5_0,4.8GB,1M,Text,ce648d39a07b,11 months ago,ibm\granite4.csv,4.8,False
llama2:7b-text-q5_K_M,4.8GB,4K,Text,eaa320e04479,2 years ago,llama\llama2.csv,4.8,False
deepseek-coder:6.7b-instruct-q5_K_M,4.8GB,16K,Text,d6a1221fb5ff,2 years ago,deepseek\deepseek-coder.csv,4.8,False
llama2-uncensored:7b-chat-q5_K_M,4.8GB,2K,Text,db0d5a17b770,2 years ago,llama\llama2-uncensored.csv,4.8,False
llama2:7b-chat-q5_K_M,4.8GB,4K,Text,5918a2e3bb37,2 years ago,llama\llama2.csv,4.8,False
llama-guard3:8b,4.9GB,128K,Text,46f211c3d866,1 year ago,llama\llama-guard3.csv,4.9,False
llama-guard3:8b-q4_K_M,4.9GB,128K,Text,46f211c3d866,1 year ago,llama\llama-guard3.csv,4.9,False
granite3.3:latest,4.9GB,128K,Text,fd429f23b909,1 year ago,granite\granite3.3.csv,4.9,False
granite3.3:8b,4.9GB,128K,Text,fd429f23b909,1 year ago,granite\granite3.3.csv,4.9,False
granite3.2:latest,4.9GB,128K,Text,9bcb3335083f,1 year ago,granite\granite3.2.csv,4.9,False
granite4:tiny-h-base-q5_K_M,4.9GB,1M,Text,4b1099cd8e60,11 months ago,ibm\granite4.csv,4.9,False
llama3:8b-text-q4_K_M,4.9GB,8K,Text,92666a9c24c8,2 years ago,llama\llama3.csv,4.9,False
granite4:tiny-h-q5_K_M,4.9GB,1M,Text,6e95eab3f770,11 months ago,ibm\granite4.csv,4.9,False
granite3-dense:8b-instruct-q4_K_M,4.9GB,4K,Text,721bb52663a1,1 year ago,ibm\granite3-dense.csv,4.9,False
qwen2.5-coder:7b-base-q4_1,4.9GB,32K,Text,bcfe87323815,1 year ago,qwen\qwen2.5-coder.csv,4.9,False
llama-guard3:latest,4.9GB,128K,Text,46f211c3d866,1 year ago,llama\llama-guard3.csv,4.9,False
granite3-dense:8b,4.9GB,4K,Text,721bb52663a1,1 year ago,ibm\granite3-dense.csv,4.9,False
granite3.3:8b-base-q4_K_M,4.9GB,128K,Text,da87502f532b,1 year ago,ibm\granite3.3.csv,4.9,False
granite4.1-guardian:8b-q4_K_S,4.9GB,128K,Text,a8736da3fe78,2 months ago,ibm\granite4.1-guardian.csv,4.9,False
granite3.3:8b-instruct-q4_K_M,4.9GB,128K,Text,840c9066413c,1 year ago,ibm\granite3.3.csv,4.9,False
granite3.3-guardian:8b-q4_K_M,4.9GB,128K,Text,204e1025a57a,1 year ago,ibm\granite3.3-guardian.csv,4.9,False
granite3.3:8b,4.9GB,128K,Text,840c9066413c,1 year ago,ibm\granite3.3.csv,4.9,False
granite3.3:8b-base,4.9GB,128K,Text,7686cd1189f9,1 year ago,ibm\granite3.3.csv,4.9,False
granite3.1-dense:8b-base-q4_K_M,4.9GB,128K,Text,bb109c975f34,1 year ago,ibm\granite3.1-dense.csv,4.9,False
qwen:7b-q4_K_M,4.9GB,32K,Text,e6124c271f88,2 years ago,qwen\qwen.csv,4.9,False
granite3.2:8b,4.9GB,128K,Text,a2e818b0be20,1 year ago,ibm\granite3.2.csv,4.9,False
granite3.2:8b-instruct-q4_K_M,4.9GB,128K,Text,a2e818b0be20,1 year ago,ibm\granite3.2.csv,4.9,False
granite3.1-dense:8b,4.9GB,128K,Text,5b66ee12e3e1,1 year ago,ibm\granite3.1-dense.csv,4.9,False
qwen:7b-chat-q4_K_M,4.9GB,32K,Text,6c6f9fb7cb7b,2 years ago,qwen\qwen.csv,4.9,False
granite3.1-guardian:8b-q4_K_M,4.9GB,128K,Text,decc5db26b8e,1 year ago,ibm\granite3.1-guardian.csv,4.9,False
qwen2.5-coder:7b-instruct-q4_1,4.9GB,32K,Text,b0a7459186aa,1 year ago,qwen\qwen2.5-coder.csv,4.9,False
granite3-guardian:8b-q4_K_M,4.9GB,8K,Text,cb30605f5616,1 year ago,ibm\granite3-guardian.csv,4.9,False
granite3.1-dense:8b-instruct-q4_K_M,4.9GB,128K,Text,5b66ee12e3e1,1 year ago,ibm\granite3.1-dense.csv,4.9,False
granite3.2:8b,4.9GB,128K,Text,9bcb3335083f,1 year ago,granite\granite3.2.csv,4.9,False
granite3.2:8b-instruct-q4_K_M,4.9GB,128K,Text,9bcb3335083f,1 year ago,granite\granite3.2.csv,4.9,False
llama3-chatqa:8b-v1.5-q4_K_M,4.9GB,8K,Text,07e385a3991b,2 years ago,llama\llama3-chatqa.csv,4.9,False
gemma:7b-instruct-q3_K_L,4.9GB,8K,Text,1fa1f8e1a003,2 years ago,gemma\gemma.csv,4.9,False
qwen2.5:7b-instruct-q4_1,4.9GB,32K,Text,840e00017aa6,1 year ago,qwen\qwen2.5.csv,4.9,False
translategemma:4b-it-q8_0,4.9GB,128K,"Text, Image",69729cbbfd35,7 months ago,gemma\translategemma.csv,4.9,False
granite3-dense:8b-instruct-q4_K_M,4.9GB,4K,Text,199456d876ee,1 year ago,granite\granite3-dense.csv,4.9,False
granite3-dense:8b,4.9GB,4K,Text,199456d876ee,1 year ago,granite\granite3-dense.csv,4.9,False
llama3-gradient:8b-instruct-1048k-q4_K_M,4.9GB,1M,Text,3ba4af54f02f,2 years ago,llama\llama3-gradient.csv,4.9,False
gemma:7b-text-q3_K_L,4.9GB,8K,Text,1676d1f86165,2 years ago,gemma\gemma.csv,4.9,False
llama3.1:8b-text-q4_K_M,4.9GB,128K,Text,6f98b5a6e4b7,2 years ago,llama\llama3.1.csv,4.9,False
llama3.1:8b-instruct-q4_K_M,4.9GB,128K,Text,46e0c10c039e,1 year ago,llama\llama3.1.csv,4.9,False
qwen2:7b-instruct-q4_1,4.9GB,32K,Text,6cbf8f4e11ba,1 year ago,qwen\qwen2.csv,4.9,False
llama3.1:8b,4.9GB,128K,Text,46e0c10c039e,1 year ago,llama\llama3.1.csv,4.9,False
llama3.1:latest,4.9GB,128K,Text,46e0c10c039e,1 year ago,llama\llama3.1.csv,4.9,False
llama3-groq-tool-use:8b-q4_K_M,4.9GB,8K,Text,5fa325bad307,2 years ago,llama\llama3-groq-tool-use.csv,4.9,False
deepseek-r1:8b-llama-distill-q4_K_M,4.9GB,128K,Text,9e54bf95550c,1 year ago,deepseek\deepseek-r1.csv,4.9,False
qwen2:7b-text-q4_1,4.9GB,128K,Text,b765b8677fb7,2 years ago,qwen\qwen2.csv,4.9,False
llama3:8b-instruct-q4_K_M,4.9GB,8K,Text,9b8f3f3385bf,2 years ago,llama\llama3.csv,4.9,False
